<?xml version="1.0" encoding="UTF-8" standalone="no" ?>
<index xmlns:xsi="http://www.w3.org/2001/XMLSchema-instance" xsi:noNamespaceSchemaLocation="index.xsd">

  <info enigma="1.10" group="Sokoball" location="11100" network="false" owner="Enigma Team" release="1" revision="1" title="Microban I"/>

  <attributes/>

  <levels>
    <level _seq="1" _title="Microban I # 1" _xpath="./microban01_1" author="David W. Skinner" ctrl="force" easy="false" id="microban01[1]" rel="1" rev="1" score="1" target="time" unit="duration"/>
    <level _seq="2" _title="Microban I # 2" _xpath="./microban01_1" author="David W. Skinner" ctrl="force" easy="false" id="microban01[2]" rel="1" rev="1" score="1" target="time" unit="duration"/>
    <level _seq="3" _title="Microban I # 3" _xpath="./microban01_1" author="David W. Skinner" ctrl="force" easy="false" id="microban01[3]" rel="1" rev="1" score="1" target="time" unit="duration"/>
    <level _seq="4" _title="Microban I # 4" _xpath="./microban01_1" author="David W. Skinner" ctrl="force" easy="false" id="microban01[4]" rel="1" rev="1" score="1" target="time" unit="duration"/>
    <level _seq="5" _title="Microban I # 5" _xpath="./microban01_1" author="David W. Skinner" ctrl="force" easy="false" id="microban01[5]" rel="1" rev="1" score="1" target="time" unit="duration"/>
    <level _seq="6" _title="Microban I # 6" _xpath="./microban01_1" author="David W. Skinner" ctrl="force" easy="false" id="microban01[6]" rel="1" rev="1" score="1" target="time" unit="duration"/>
    <level _seq="7" _title="Microban I # 7" _xpath="./microban01_1" author="David W. Skinner" ctrl="force" easy="false" id="microban01[7]" rel="1" rev="1" score="1" target="time" unit="duration"/>
    <level _seq="8" _title="Microban I # 8" _xpath="./microban01_1" author="David W. Skinner" ctrl="force" easy="false" id="microban01[8]" rel="1" rev="1" score="1" target="time" unit="duration"/>
    <level _seq="9" _title="Microban I # 9" _xpath="./microban01_1" author="David W. Skinner" ctrl="force" easy="false" id="microban01[9]" rel="1" rev="1" score="1" target="time" unit="duration"/>
    <level _seq="10" _title="Microban I # 10" _xpath="./microban01_1" author="David W. Skinner" ctrl="force" easy="false" id="microban01[10]" rel="1" rev="1" score="1" target="time" unit="duration"/>
    <level _seq="11" _title="Microban I # 11" _xpath="./microban01_1" author="David W. Skinner" ctrl="force" easy="false" id="microban01[11]" rel="1" rev="1" score="1" target="time" unit="duration"/>
    <level _seq="12" _title="Microban I # 12" _xpath="./microban01_1" author="David W. Skinner" ctrl="force" easy="false" id="microban01[12]" rel="1" rev="1" score="1" target="time" unit="duration"/>
    <level _seq="13" _title="Microban I # 13" _xpath="./microban01_1" author="David W. Skinner" ctrl="force" easy="false" id="microban01[13]" rel="1" rev="1" score="1" target="time" unit="duration"/>
    <level _seq="14" _title="Microban I # 14" _xpath="./microban01_1" author="David W. Skinner" ctrl="force" easy="false" id="microban01[14]" rel="1" rev="1" score="1" target="time" unit="duration"/>
    <level _seq="15" _title="Microban I # 15" _xpath="./microban01_1" author="David W. Skinner" ctrl="force" easy="false" id="microban01[15]" rel="1" rev="1" score="1" target="time" unit="duration"/>
    <level _seq="16" _title="Microban I # 16" _xpath="./microban01_1" author="David W. Skinner" ctrl="force" easy="false" id="microban01[16]" rel="1" rev="1" score="1" target="time" unit="duration"/>
    <level _seq="17" _title="Microban I # 17" _xpath="./microban01_1" author="David W. Skinner" ctrl="force" easy="false" id="microban01[17]" rel="1" rev="1" score="1" target="time" unit="duration"/>
    <level _seq="18" _title="Microban I # 18" _xpath="./microban01_1" author="David W. Skinner" ctrl="force" easy="false" id="microban01[18]" rel="1" rev="1" score="1" target="time" unit="duration"/>
    <level _seq="19" _title="Microban I # 19" _xpath="./microban01_1" author="David W. Skinner" ctrl="force" easy="false" id="microban01[19]" rel="1" rev="1" score="1" target="time" unit="duration"/>
    <level _seq="20" _title="Microban I # 20" _xpath="./microban01_1" author="David W. Skinner" ctrl="force" easy="false" id="microban01[20]" rel="1" rev="1" score="1" target="time" unit="duration"/>
    <level _seq="21" _title="Microban I # 21" _xpath="./microban01_1" author="David W. Skinner" ctrl="force" easy="false" id="microban01[21]" rel="1" rev="1" score="1" target="time" unit="duration"/>
    <level _seq="22" _title="Microban I # 22" _xpath="./microban01_1" author="David W. Skinner" ctrl="force" easy="false" id="microban01[22]" rel="1" rev="1" score="1" target="time" unit="duration"/>
    <level _seq="23" _title="Microban I # 23" _xpath="./microban01_1" author="David W. Skinner" ctrl="force" easy="false" id="microban01[23]" rel="1" rev="1" score="1" target="time" unit="duration"/>
    <level _seq="24" _title="Microban I # 24" _xpath="./microban01_1" author="David W. Skinner" ctrl="force" easy="false" id="microban01[24]" rel="1" rev="1" score="1" target="time" unit="duration"/>
    <level _seq="25" _title="Microban I # 25" _xpath="./microban01_1" author="David W. Skinner" ctrl="force" easy="false" id="microban01[25]" rel="1" rev="1" score="1" target="time" unit="duration"/>
    <level _seq="26" _title="Microban I # 26" _xpath="./microban01_1" author="David W. Skinner" ctrl="force" easy="false" id="microban01[26]" rel="1" rev="1" score="1" target="time" unit="duration"/>
    <level _seq="27" _title="Microban I # 27" _xpath="./microban01_1" author="David W. Skinner" ctrl="force" easy="false" id="microban01[27]" rel="1" rev="1" score="1" target="time" unit="duration"/>
    <level _seq="28" _title="Microban I # 28" _xpath="./microban01_1" author="David W. Skinner" ctrl="force" easy="false" id="microban01[28]" rel="1" rev="1" score="1" target="time" unit="duration"/>
    <level _seq="29" _title="Microban I # 29" _xpath="./microban01_1" author="David W. Skinner" ctrl="force" easy="false" id="microban01[29]" rel="1" rev="1" score="1" target="time" unit="duration"/>
    <level _seq="30" _title="Microban I # 30" _xpath="./microban01_1" author="David W. Skinner" ctrl="force" easy="false" id="microban01[30]" rel="1" rev="1" score="1" target="time" unit="duration"/>
    <level _seq="31" _title="Microban I # 31" _xpath="./microban01_1" author="David W. Skinner" ctrl="force" easy="false" id="microban01[31]" rel="1" rev="1" score="1" target="time" unit="duration"/>
    <level _seq="32" _title="Microban I # 32" _xpath="./microban01_1" author="David W. Skinner" ctrl="force" easy="false" id="microban01[32]" rel="1" rev="1" score="1" target="time" unit="duration"/>
    <level _seq="33" _title="Microban I # 33" _xpath="./microban01_1" author="David W. Skinner" ctrl="force" easy="false" id="microban01[33]" rel="1" rev="1" score="1" target="time" unit="duration"/>
    <level _seq="34" _title="Microban I # 34" _xpath="./microban01_1" author="David W. Skinner" ctrl="force" easy="false" id="microban01[34]" rel="1" rev="1" score="1" target="time" unit="duration"/>
    <level _seq="35" _title="Microban I # 35" _xpath="./microban01_1" author="David W. Skinner" ctrl="force" easy="false" id="microban01[35]" rel="1" rev="1" score="1" target="time" unit="duration"/>
    <level _seq="36" _title="Microban I # 36" _xpath="./microban01_1" author="David W. Skinner" ctrl="force" easy="false" id="microban01[36]" rel="1" rev="1" score="1" target="time" unit="duration"/>
    <level _seq="37" _title="Microban I # 37" _xpath="./microban01_1" author="David W. Skinner" ctrl="force" easy="false" id="microban01[37]" rel="1" rev="1" score="1" target="time" unit="duration"/>
    <level _seq="38" _title="Microban I # 38" _xpath="./microban01_1" author="David W. Skinner" ctrl="force" easy="false" id="microban01[38]" rel="1" rev="1" score="1" target="time" unit="duration"/>
    <level _seq="39" _title="Microban I # 39" _xpath="./microban01_1" author="David W. Skinner" ctrl="force" easy="false" id="microban01[39]" rel="1" rev="1" score="1" target="time" unit="duration"/>
    <level _seq="40" _title="Microban I # 40" _xpath="./microban01_1" author="David W. Skinner" ctrl="force" easy="false" id="microban01[40]" rel="1" rev="1" score="1" target="time" unit="duration"/>
    <level _seq="41" _title="Microban I # 41" _xpath="./microban01_1" author="David W. Skinner" ctrl="force" easy="false" id="microban01[41]" rel="1" rev="1" score="1" target="time" unit="duration"/>
    <level _seq="42" _title="Microban I # 42" _xpath="./microban01_1" author="David W. Skinner" ctrl="force" easy="false" id="microban01[42]" rel="1" rev="1" score="1" target="time" unit="duration"/>
    <level _seq="43" _title="Microban I # 43" _xpath="./microban01_1" author="David W. Skinner" ctrl="force" easy="false" id="microban01[43]" rel="1" rev="1" score="1" target="time" unit="duration"/>
    <level _seq="44" _title="Microban I # 44" _xpath="./microban01_1" author="David W. Skinner" ctrl="force" easy="false" id="microban01[44]" rel="1" rev="1" score="1" target="time" unit="duration"/>
    <level _seq="45" _title="Microban I # 45" _xpath="./microban01_1" author="David W. Skinner" ctrl="force" easy="false" id="microban01[45]" rel="1" rev="1" score="1" target="time" unit="duration"/>
    <level _seq="46" _title="Microban I # 46" _xpath="./microban01_1" author="David W. Skinner" ctrl="force" easy="false" id="microban01[46]" rel="1" rev="1" score="1" target="time" unit="duration"/>
    <level _seq="47" _title="Microban I # 47" _xpath="./microban01_1" author="David W. Skinner" ctrl="force" easy="false" id="microban01[47]" rel="1" rev="1" score="1" target="time" unit="duration"/>
    <level _seq="48" _title="Microban I # 48" _xpath="./microban01_1" author="David W. Skinner" ctrl="force" easy="false" id="microban01[48]" rel="1" rev="1" score="1" target="time" unit="duration"/>
    <level _seq="49" _title="Microban I # 49" _xpath="./microban01_1" author="David W. Skinner" ctrl="force" easy="false" id="microban01[49]" rel="1" rev="1" score="1" target="time" unit="duration"/>
    <level _seq="50" _title="Microban I # 50" _xpath="./microban01_1" author="David W. Skinner" ctrl="force" easy="false" id="microban01[50]" rel="1" rev="1" score="1" target="time" unit="duration"/>
    <level _seq="51" _title="Microban I # 51" _xpath="./microban01_1" author="David W. Skinner" ctrl="force" easy="false" id="microban01[51]" rel="1" rev="1" score="1" target="time" unit="duration"/>
    <level _seq="52" _title="Microban I # 52" _xpath="./microban01_1" author="David W. Skinner" ctrl="force" easy="false" id="microban01[52]" rel="1" rev="1" score="1" target="time" unit="duration"/>
    <level _seq="53" _title="Microban I # 53" _xpath="./microban01_1" author="David W. Skinner" ctrl="force" easy="false" id="microban01[53]" rel="1" rev="1" score="1" target="time" unit="duration"/>
    <level _seq="54" _title="Microban I # 54" _xpath="./microban01_1" author="David W. Skinner" ctrl="force" easy="false" id="microban01[54]" rel="1" rev="1" score="1" target="time" unit="duration"/>
    <level _seq="55" _title="Microban I # 55" _xpath="./microban01_1" author="David W. Skinner" ctrl="force" easy="false" id="microban01[55]" rel="1" rev="1" score="1" target="time" unit="duration"/>
    <level _seq="56" _title="Microban I # 56" _xpath="./microban01_1" author="David W. Skinner" ctrl="force" easy="false" id="microban01[56]" rel="1" rev="1" score="1" target="time" unit="duration"/>
    <level _seq="57" _title="Microban I # 57" _xpath="./microban01_1" author="David W. Skinner" ctrl="force" easy="false" id="microban01[57]" rel="1" rev="1" score="1" target="time" unit="duration"/>
    <level _seq="58" _title="Microban I # 58" _xpath="./microban01_1" author="David W. Skinner" ctrl="force" easy="false" id="microban01[58]" rel="1" rev="1" score="1" target="time" unit="duration"/>
    <level _seq="59" _title="Microban I # 59" _xpath="./microban01_1" author="David W. Skinner" ctrl="force" easy="false" id="microban01[59]" rel="1" rev="1" score="1" target="time" unit="duration"/>
    <level _seq="60" _title="Microban I # 60" _xpath="./microban01_1" author="David W. Skinner" ctrl="force" easy="false" id="microban01[60]" rel="1" rev="1" score="1" target="time" unit="duration"/>
    <level _seq="61" _title="Microban I # 61" _xpath="./microban01_1" author="David W. Skinner" ctrl="force" easy="false" id="microban01[61]" rel="1" rev="1" score="1" target="time" unit="duration"/>
    <level _seq="62" _title="Microban I # 62" _xpath="./microban01_1" author="David W. Skinner" ctrl="force" easy="false" id="microban01[62]" rel="1" rev="1" score="1" target="time" unit="duration"/>
    <level _seq="63" _title="Microban I # 63" _xpath="./microban01_1" author="David W. Skinner" ctrl="force" easy="false" id="microban01[63]" rel="1" rev="1" score="1" target="time" unit="duration"/>
    <level _seq="64" _title="Microban I # 64" _xpath="./microban01_1" author="David W. Skinner" ctrl="force" easy="false" id="microban01[64]" rel="1" rev="1" score="1" target="time" unit="duration"/>
    <level _seq="65" _title="Microban I # 65" _xpath="./microban01_1" author="David W. Skinner" ctrl="force" easy="false" id="microban01[65]" rel="1" rev="1" score="1" target="time" unit="duration"/>
    <level _seq="66" _title="Microban I # 66" _xpath="./microban01_1" author="David W. Skinner" ctrl="force" easy="false" id="microban01[66]" rel="1" rev="1" score="1" target="time" unit="duration"/>
    <level _seq="67" _title="Microban I # 67" _xpath="./microban01_1" author="David W. Skinner" ctrl="force" easy="false" id="microban01[67]" rel="1" rev="1" score="1" target="time" unit="duration"/>
    <level _seq="68" _title="Microban I # 68" _xpath="./microban01_1" author="David W. Skinner" ctrl="force" easy="false" id="microban01[68]" rel="1" rev="1" score="1" target="time" unit="duration"/>
    <level _seq="69" _title="Microban I # 69" _xpath="./microban01_1" author="David W. Skinner" ctrl="force" easy="false" id="microban01[69]" rel="1" rev="1" score="1" target="time" unit="duration"/>
    <level _seq="70" _title="Microban I # 70" _xpath="./microban01_1" author="David W. Skinner" ctrl="force" easy="false" id="microban01[70]" rel="1" rev="1" score="1" target="time" unit="duration"/>
    <level _seq="71" _title="Microban I # 71" _xpath="./microban01_1" author="David W. Skinner" ctrl="force" easy="false" id="microban01[71]" rel="1" rev="1" score="1" target="time" unit="duration"/>
    <level _seq="72" _title="Microban I # 72" _xpath="./microban01_1" author="David W. Skinner" ctrl="force" easy="false" id="microban01[72]" rel="1" rev="1" score="1" target="time" unit="duration"/>
    <level _seq="73" _title="Microban I # 73" _xpath="./microban01_1" author="David W. Skinner" ctrl="force" easy="false" id="microban01[73]" rel="1" rev="1" score="1" target="time" unit="duration"/>
    <level _seq="74" _title="Microban I # 74" _xpath="./microban01_1" author="David W. Skinner" ctrl="force" easy="false" id="microban01[74]" rel="1" rev="1" score="1" target="time" unit="duration"/>
    <level _seq="75" _title="Microban I # 75" _xpath="./microban01_1" author="David W. Skinner" ctrl="force" easy="false" id="microban01[75]" rel="1" rev="1" score="1" target="time" unit="duration"/>
    <level _seq="76" _title="Microban I # 76" _xpath="./microban01_1" author="David W. Skinner" ctrl="force" easy="false" id="microban01[76]" rel="1" rev="1" score="1" target="time" unit="duration"/>
    <level _seq="77" _title="Microban I # 77" _xpath="./microban01_1" author="David W. Skinner" ctrl="force" easy="false" id="microban01[77]" rel="1" rev="1" score="1" target="time" unit="duration"/>
    <level _seq="78" _title="Microban I # 78" _xpath="./microban01_1" author="David W. Skinner" ctrl="force" easy="false" id="microban01[78]" rel="1" rev="1" score="1" target="time" unit="duration"/>
    <level _seq="79" _title="Microban I # 79" _xpath="./microban01_1" author="David W. Skinner" ctrl="force" easy="false" id="microban01[79]" rel="1" rev="1" score="1" target="time" unit="duration"/>
    <level _seq="80" _title="Microban I # 80" _xpath="./microban01_1" author="David W. Skinner" ctrl="force" easy="false" id="microban01[80]" rel="1" rev="1" score="1" target="time" unit="duration"/>
    <level _seq="81" _title="Microban I # 81" _xpath="./microban01_1" author="David W. Skinner" ctrl="force" easy="false" id="microban01[81]" rel="1" rev="1" score="1" target="time" unit="duration"/>
    <level _seq="82" _title="Microban I # 82" _xpath="./microban01_1" author="David W. Skinner" ctrl="force" easy="false" id="microban01[82]" rel="1" rev="1" score="1" target="time" unit="duration"/>
    <level _seq="83" _title="Microban I # 83" _xpath="./microban01_1" author="David W. Skinner" ctrl="force" easy="false" id="microban01[83]" rel="1" rev="1" score="1" target="time" unit="duration"/>
    <level _seq="84" _title="Microban I # 84" _xpath="./microban01_1" author="David W. Skinner" ctrl="force" easy="false" id="microban01[84]" rel="1" rev="1" score="1" target="time" unit="duration"/>
    <level _seq="85" _title="Microban I # 85" _xpath="./microban01_1" author="David W. Skinner" ctrl="force" easy="false" id="microban01[85]" rel="1" rev="1" score="1" target="time" unit="duration"/>
    <level _seq="86" _title="Microban I # 86" _xpath="./microban01_1" author="David W. Skinner" ctrl="force" easy="false" id="microban01[86]" rel="1" rev="1" score="1" target="time" unit="duration"/>
    <level _seq="87" _title="Microban I # 87" _xpath="./microban01_1" author="David W. Skinner" ctrl="force" easy="false" id="microban01[87]" rel="1" rev="1" score="1" target="time" unit="duration"/>
    <level _seq="88" _title="Microban I # 88" _xpath="./microban01_1" author="David W. Skinner" ctrl="force" easy="false" id="microban01[88]" rel="1" rev="1" score="1" target="time" unit="duration"/>
    <level _seq="89" _title="Microban I # 89" _xpath="./microban01_1" author="David W. Skinner" ctrl="force" easy="false" id="microban01[89]" rel="1" rev="1" score="1" target="time" unit="duration"/>
    <level _seq="90" _title="Microban I # 90" _xpath="./microban01_1" author="David W. Skinner" ctrl="force" easy="false" id="microban01[90]" rel="1" rev="1" score="1" target="time" unit="duration"/>
    <level _seq="91" _title="Microban I # 91" _xpath="./microban01_1" author="David W. Skinner" ctrl="force" easy="false" id="microban01[91]" rel="1" rev="1" score="1" target="time" unit="duration"/>
    <level _seq="92" _title="Microban I # 92" _xpath="./microban01_1" author="David W. Skinner" ctrl="force" easy="false" id="microban01[92]" rel="1" rev="1" score="1" target="time" unit="duration"/>
    <level _seq="93" _title="Microban I # 93" _xpath="./microban01_1" author="David W. Skinner" ctrl="force" easy="false" id="microban01[93]" rel="1" rev="1" score="1" target="time" unit="duration"/>
    <level _seq="94" _title="Microban I # 94" _xpath="./microban01_1" author="David W. Skinner" ctrl="force" easy="false" id="microban01[94]" rel="1" rev="1" score="1" target="time" unit="duration"/>
    <level _seq="95" _title="Microban I # 95" _xpath="./microban01_1" author="David W. Skinner" ctrl="force" easy="false" id="microban01[95]" rel="1" rev="1" score="1" target="time" unit="duration"/>
    <level _seq="96" _title="Microban I # 96" _xpath="./microban01_1" author="David W. Skinner" ctrl="force" easy="false" id="microban01[96]" rel="1" rev="1" score="1" target="time" unit="duration"/>
    <level _seq="97" _title="Microban I # 97" _xpath="./microban01_1" author="David W. Skinner" ctrl="force" easy="false" id="microban01[97]" rel="1" rev="1" score="1" target="time" unit="duration"/>
    <level _seq="98" _title="Microban I # 98" _xpath="./microban01_1" author="David W. Skinner" ctrl="force" easy="false" id="microban01[98]" rel="1" rev="1" score="1" target="time" unit="duration"/>
    <level _seq="99" _title="Microban I # 99" _xpath="./microban01_1" author="David W. Skinner" ctrl="force" easy="false" id="microban01[99]" rel="1" rev="1" score="1" target="time" unit="duration"/>
    <level _seq="100" _title="Microban I # 100" _xpath="./microban01_1" author="David W. Skinner" ctrl="force" easy="false" id="microban01[100]" rel="1" rev="1" score="1" target="time" unit="duration"/>
    <level _seq="101" _title="Microban I # 101" _xpath="./microban01_1" author="David W. Skinner" ctrl="force" easy="false" id="microban01[101]" rel="1" rev="1" score="1" target="time" unit="duration"/>
    <level _seq="102" _title="Microban I # 102" _xpath="./microban01_1" author="David W. Skinner" ctrl="force" easy="false" id="microban01[102]" rel="1" rev="1" score="1" target="time" unit="duration"/>
    <level _seq="103" _title="Microban I # 103" _xpath="./microban01_1" author="David W. Skinner" ctrl="force" easy="false" id="microban01[103]" rel="1" rev="1" score="1" target="time" unit="duration"/>
    <level _seq="104" _title="Microban I # 104" _xpath="./microban01_1" author="David W. Skinner" ctrl="force" easy="false" id="microban01[104]" rel="1" rev="1" score="1" target="time" unit="duration"/>
    <level _seq="105" _title="Microban I # 105" _xpath="./microban01_1" author="David W. Skinner" ctrl="force" easy="false" id="microban01[105]" rel="1" rev="1" score="1" target="time" unit="duration"/>
    <level _seq="106" _title="Microban I # 106" _xpath="./microban01_1" author="David W. Skinner" ctrl="force" easy="false" id="microban01[106]" rel="1" rev="1" score="1" target="time" unit="duration"/>
    <level _seq="107" _title="Microban I # 107" _xpath="./microban01_1" author="David W. Skinner" ctrl="force" easy="false" id="microban01[107]" rel="1" rev="1" score="1" target="time" unit="duration"/>
    <level _seq="108" _title="Microban I # 108" _xpath="./microban01_1" author="David W. Skinner" ctrl="force" easy="false" id="microban01[108]" rel="1" rev="1" score="1" target="time" unit="duration"/>
    <level _seq="109" _title="Microban I # 109" _xpath="./microban01_1" author="David W. Skinner" ctrl="force" easy="false" id="microban01[109]" rel="1" rev="1" score="1" target="time" unit="duration"/>
    <level _seq="110" _title="Microban I # 110" _xpath="./microban01_1" author="David W. Skinner" ctrl="force" easy="false" id="microban01[110]" rel="1" rev="1" score="1" target="time" unit="duration"/>
    <level _seq="111" _title="Microban I # 111" _xpath="./microban01_1" author="David W. Skinner" ctrl="force" easy="false" id="microban01[111]" rel="1" rev="1" score="1" target="time" unit="duration"/>
    <level _seq="112" _title="Microban I # 112" _xpath="./microban01_1" author="David W. Skinner" ctrl="force" easy="false" id="microban01[112]" rel="1" rev="1" score="1" target="time" unit="duration"/>
    <level _seq="113" _title="Microban I # 113" _xpath="./microban01_1" author="David W. Skinner" ctrl="force" easy="false" id="microban01[113]" rel="1" rev="1" score="1" target="time" unit="duration"/>
    <level _seq="114" _title="Microban I # 114" _xpath="./microban01_1" author="David W. Skinner" ctrl="force" easy="false" id="microban01[114]" rel="1" rev="1" score="1" target="time" unit="duration"/>
    <level _seq="115" _title="Microban I # 115" _xpath="./microban01_1" author="David W. Skinner" ctrl="force" easy="false" id="microban01[115]" rel="1" rev="1" score="1" target="time" unit="duration"/>
    <level _seq="116" _title="Microban I # 116" _xpath="./microban01_1" author="David W. Skinner" ctrl="force" easy="false" id="microban01[116]" rel="1" rev="1" score="1" target="time" unit="duration"/>
    <level _seq="117" _title="Microban I # 117" _xpath="./microban01_1" author="David W. Skinner" ctrl="force" easy="false" id="microban01[117]" rel="1" rev="1" score="1" target="time" unit="duration"/>
    <level _seq="118" _title="Microban I # 118" _xpath="./microban01_1" author="David W. Skinner" ctrl="force" easy="false" id="microban01[118]" rel="1" rev="1" score="1" target="time" unit="duration"/>
    <level _seq="119" _title="Microban I # 119" _xpath="./microban01_1" author="David W. Skinner" ctrl="force" easy="false" id="microban01[119]" rel="1" rev="1" score="1" target="time" unit="duration"/>
    <level _seq="120" _title="Microban I # 120" _xpath="./microban01_1" author="David W. Skinner" ctrl="force" easy="false" id="microban01[120]" rel="1" rev="1" score="1" target="time" unit="duration"/>
    <level _seq="121" _title="Microban I # 121" _xpath="./microban01_1" author="David W. Skinner" ctrl="force" easy="false" id="microban01[121]" rel="1" rev="1" score="1" target="time" unit="duration"/>
    <level _seq="122" _title="Microban I # 122" _xpath="./microban01_1" author="David W. Skinner" ctrl="force" easy="false" id="microban01[122]" rel="1" rev="1" score="1" target="time" unit="duration"/>
    <level _seq="123" _title="Microban I # 123" _xpath="./microban01_1" author="David W. Skinner" ctrl="force" easy="false" id="microban01[123]" rel="1" rev="1" score="1" target="time" unit="duration"/>
    <level _seq="124" _title="Microban I # 124" _xpath="./microban01_1" author="David W. Skinner" ctrl="force" easy="false" id="microban01[124]" rel="1" rev="1" score="1" target="time" unit="duration"/>
    <level _seq="125" _title="Microban I # 125" _xpath="./microban01_1" author="David W. Skinner" ctrl="force" easy="false" id="microban01[125]" rel="1" rev="1" score="1" target="time" unit="duration"/>
    <level _seq="126" _title="Microban I # 126" _xpath="./microban01_1" author="David W. Skinner" ctrl="force" easy="false" id="microban01[126]" rel="1" rev="1" score="1" target="time" unit="duration"/>
    <level _seq="127" _title="Microban I # 127" _xpath="./microban01_1" author="David W. Skinner" ctrl="force" easy="false" id="microban01[127]" rel="1" rev="1" score="1" target="time" unit="duration"/>
    <level _seq="128" _title="Microban I # 128" _xpath="./microban01_1" author="David W. Skinner" ctrl="force" easy="false" id="microban01[128]" rel="1" rev="1" score="1" target="time" unit="duration"/>
    <level _seq="129" _title="Microban I # 129" _xpath="./microban01_1" author="David W. Skinner" ctrl="force" easy="false" id="microban01[129]" rel="1" rev="1" score="1" target="time" unit="duration"/>
    <level _seq="130" _title="Microban I # 130" _xpath="./microban01_1" author="David W. Skinner" ctrl="force" easy="false" id="microban01[130]" rel="1" rev="1" score="1" target="time" unit="duration"/>
    <level _seq="131" _title="Microban I # 131" _xpath="./microban01_1" author="David W. Skinner" ctrl="force" easy="false" id="microban01[131]" rel="1" rev="1" score="1" target="time" unit="duration"/>
    <level _seq="132" _title="Microban I # 132" _xpath="./microban01_1" author="David W. Skinner" ctrl="force" easy="false" id="microban01[132]" rel="1" rev="1" score="1" target="time" unit="duration"/>
    <level _seq="133" _title="Microban I # 133" _xpath="./microban01_1" author="David W. Skinner" ctrl="force" easy="false" id="microban01[133]" rel="1" rev="1" score="1" target="time" unit="duration"/>
    <level _seq="134" _title="Microban I # 134" _xpath="./microban01_1" author="David W. Skinner" ctrl="force" easy="false" id="microban01[134]" rel="1" rev="1" score="1" target="time" unit="duration"/>
    <level _seq="135" _title="Microban I # 135" _xpath="./microban01_1" author="David W. Skinner" ctrl="force" easy="false" id="microban01[135]" rel="1" rev="1" score="1" target="time" unit="duration"/>
    <level _seq="136" _title="Microban I # 136" _xpath="./microban01_1" author="David W. Skinner" ctrl="force" easy="false" id="microban01[136]" rel="1" rev="1" score="1" target="time" unit="duration"/>
    <level _seq="137" _title="Microban I # 137" _xpath="./microban01_1" author="David W. Skinner" ctrl="force" easy="false" id="microban01[137]" rel="1" rev="1" score="1" target="time" unit="duration"/>
    <level _seq="138" _title="Microban I # 138" _xpath="./microban01_1" author="David W. Skinner" ctrl="force" easy="false" id="microban01[138]" rel="1" rev="1" score="1" target="time" unit="duration"/>
    <level _seq="139" _title="Microban I # 139" _xpath="./microban01_1" author="David W. Skinner" ctrl="force" easy="false" id="microban01[139]" rel="1" rev="1" score="1" target="time" unit="duration"/>
    <level _seq="140" _title="Microban I # 140" _xpath="./microban01_1" author="David W. Skinner" ctrl="force" easy="false" id="microban01[140]" rel="1" rev="1" score="1" target="time" unit="duration"/>
    <level _seq="141" _title="Microban I # 141" _xpath="./microban01_1" author="David W. Skinner" ctrl="force" easy="false" id="microban01[141]" rel="1" rev="1" score="1" target="time" unit="duration"/>
    <level _seq="142" _title="Microban I # 142" _xpath="./microban01_1" author="David W. Skinner" ctrl="force" easy="false" id="microban01[142]" rel="1" rev="1" score="1" target="time" unit="duration"/>
    <level _seq="143" _title="Microban I # 143" _xpath="./microban01_1" author="David W. Skinner" ctrl="force" easy="false" id="microban01[143]" rel="1" rev="1" score="1" target="time" unit="duration"/>
    <level _seq="144" _title="Microban I # 144" _xpath="./microban01_1" author="David W. Skinner" ctrl="force" easy="false" id="microban01[144]" rel="1" rev="1" score="1" target="time" unit="duration"/>
    <level _seq="145" _title="Microban I # 145" _xpath="./microban01_1" author="David W. Skinner" ctrl="force" easy="false" id="microban01[145]" rel="1" rev="1" score="1" target="time" unit="duration"/>
    <level _seq="146" _title="Microban I # 146" _xpath="./microban01_1" author="David W. Skinner" ctrl="force" easy="false" id="microban01[146]" rel="1" rev="1" score="1" target="time" unit="duration"/>
    <level _seq="147" _title="Microban I # 147" _xpath="./microban01_1" author="David W. Skinner" ctrl="force" easy="false" id="microban01[147]" rel="1" rev="1" score="1" target="time" unit="duration"/>
    <level _seq="148" _title="Microban I # 148" _xpath="./microban01_1" author="David W. Skinner" ctrl="force" easy="false" id="microban01[148]" rel="1" rev="1" score="1" target="time" unit="duration"/>
    <level _seq="149" _title="Microban I # 149" _xpath="./microban01_1" author="David W. Skinner" ctrl="force" easy="false" id="microban01[149]" rel="1" rev="1" score="1" target="time" unit="duration"/>
    <level _seq="150" _title="Microban I # 150" _xpath="./microban01_1" author="David W. Skinner" ctrl="force" easy="false" id="microban01[150]" rel="1" rev="1" score="1" target="time" unit="duration"/>
    <level _seq="151" _title="Microban I # 151" _xpath="./microban01_1" author="David W. Skinner" ctrl="force" easy="false" id="microban01[151]" rel="1" rev="1" score="1" target="time" unit="duration"/>
    <level _seq="152" _title="Microban I # 152" _xpath="./microban01_1" author="David W. Skinner" ctrl="force" easy="false" id="microban01[152]" rel="1" rev="1" score="1" target="time" unit="duration"/>
    <level _seq="153" _title="Microban I # 153" _xpath="./microban01_1" author="David W. Skinner" ctrl="force" easy="false" id="microban01[153]" rel="1" rev="1" score="1" target="time" unit="duration"/>
    <level _seq="154" _title="Microban I # 154" _xpath="./microban01_1" author="David W. Skinner" ctrl="force" easy="false" id="microban01[154]" rel="1" rev="1" score="1" target="time" unit="duration"/>
    <level _seq="155" _title="Microban I # 155" _xpath="./microban01_1" author="David W. Skinner" ctrl="force" easy="false" id="microban01[155]" rel="1" rev="1" score="1" target="time" unit="duration"/>
  </levels>

</index>
