<?xml version="1.0" encoding="UTF-8" standalone="no" ?>
<index xmlns:xsi="http://www.w3.org/2001/XMLSchema-instance" xsi:noNamespaceSchemaLocation="index.xsd">

  <info enigma="1.10" group="Sokoball" location="12300" network="false" owner="Enigma Team" release="1" revision="1" title="Sasquatch VIII"/>

  <attributes/>

  <levels>
    <level _seq="1" _title="Sasquatch VIII # 1" _xpath="./sasquatch08_1" author="David W. Skinner" ctrl="force" easy="false" id="sasquatch08[1]" rel="1" rev="1" score="1" target="time" unit="duration"/>
    <level _seq="2" _title="Sasquatch VIII # 2" _xpath="./sasquatch08_1" author="David W. Skinner" ctrl="force" easy="false" id="sasquatch08[2]" rel="1" rev="1" score="1" target="time" unit="duration"/>
    <level _seq="3" _title="Sasquatch VIII # 3" _xpath="./sasquatch08_1" author="David W. Skinner" ctrl="force" easy="false" id="sasquatch08[3]" rel="1" rev="1" score="1" target="time" unit="duration"/>
    <level _seq="4" _title="Sasquatch VIII # 4" _xpath="./sasquatch08_1" author="David W. Skinner" ctrl="force" easy="false" id="sasquatch08[4]" rel="1" rev="1" score="1" target="time" unit="duration"/>
    <level _seq="5" _title="Sasquatch VIII # 5" _xpath="./sasquatch08_1" author="David W. Skinner" ctrl="force" easy="false" id="sasquatch08[5]" rel="1" rev="1" score="1" target="time" unit="duration"/>
    <level _seq="6" _title="Sasquatch VIII # 6" _xpath="./sasquatch08_1" author="David W. Skinner" ctrl="force" easy="false" id="sasquatch08[6]" rel="1" rev="1" score="1" target="time" unit="duration"/>
    <level _seq="7" _title="Sasquatch VIII # 7" _xpath="./sasquatch08_1" author="David W. Skinner" ctrl="force" easy="false" id="sasquatch08[7]" rel="1" rev="1" score="1" target="time" unit="duration"/>
    <level _seq="8" _title="Sasquatch VIII # 8" _xpath="./sasquatch08_1" author="David W. Skinner" ctrl="force" easy="false" id="sasquatch08[8]" rel="1" rev="1" score="1" target="time" unit="duration"/>
    <level _seq="9" _title="Sasquatch VIII # 9" _xpath="./sasquatch08_1" author="David W. Skinner" ctrl="force" easy="false" id="sasquatch08[9]" rel="1" rev="1" score="1" target="time" unit="duration"/>
    <level _seq="10" _title="Sasquatch VIII # 10" _xpath="./sasquatch08_1" author="David W. Skinner" ctrl="force" easy="false" id="sasquatch08[10]" rel="1" rev="1" score="1" target="time" unit="duration"/>
    <level _seq="11" _title="Sasquatch VIII # 11" _xpath="./sasquatch08_1" author="David W. Skinner" ctrl="force" easy="false" id="sasquatch08[11]" rel="1" rev="1" score="1" target="time" unit="duration"/>
    <level _seq="12" _title="Sasquatch VIII # 12" _xpath="./sasquatch08_1" author="David W. Skinner" ctrl="force" easy="false" id="sasquatch08[12]" rel="1" rev="1" score="1" target="time" unit="duration"/>
    <level _seq="13" _title="Sasquatch VIII # 13" _xpath="./sasquatch08_1" author="David W. Skinner" ctrl="force" easy="false" id="sasquatch08[13]" rel="1" rev="1" score="1" target="time" unit="duration"/>
    <level _seq="14" _title="Sasquatch VIII # 14" _xpath="./sasquatch08_1" author="David W. Skinner" ctrl="force" easy="false" id="sasquatch08[14]" rel="1" rev="1" score="1" target="time" unit="duration"/>
    <level _seq="15" _title="Sasquatch VIII # 15" _xpath="./sasquatch08_1" author="David W. Skinner" ctrl="force" easy="false" id="sasquatch08[15]" rel="1" rev="1" score="1" target="time" unit="duration"/>
    <level _seq="16" _title="Sasquatch VIII # 16" _xpath="./sasquatch08_1" author="David W. Skinner" ctrl="force" easy="false" id="sasquatch08[16]" rel="1" rev="1" score="1" target="time" unit="duration"/>
    <level _seq="17" _title="Sasquatch VIII # 17" _xpath="./sasquatch08_1" author="David W. Skinner" ctrl="force" easy="false" id="sasquatch08[17]" rel="1" rev="1" score="1" target="time" unit="duration"/>
    <level _seq="18" _title="Sasquatch VIII # 18" _xpath="./sasquatch08_1" author="David W. Skinner" ctrl="force" easy="false" id="sasquatch08[18]" rel="1" rev="1" score="1" target="time" unit="duration"/>
    <level _seq="19" _title="Sasquatch VIII # 19" _xpath="./sasquatch08_1" author="David W. Skinner" ctrl="force" easy="false" id="sasquatch08[19]" rel="1" rev="1" score="1" target="time" unit="duration"/>
    <level _seq="20" _title="Sasquatch VIII # 20" _xpath="./sasquatch08_1" author="David W. Skinner" ctrl="force" easy="false" id="sasquatch08[20]" rel="1" rev="1" score="1" target="time" unit="duration"/>
    <level _seq="21" _title="Sasquatch VIII # 21" _xpath="./sasquatch08_1" author="David W. Skinner" ctrl="force" easy="false" id="sasquatch08[21]" rel="1" rev="1" score="1" target="time" unit="duration"/>
    <level _seq="22" _title="Sasquatch VIII # 22" _xpath="./sasquatch08_1" author="David W. Skinner" ctrl="force" easy="false" id="sasquatch08[22]" rel="1" rev="1" score="1" target="time" unit="duration"/>
    <level _seq="23" _title="Sasquatch VIII # 23" _xpath="./sasquatch08_1" author="David W. Skinner" ctrl="force" easy="false" id="sasquatch08[23]" rel="1" rev="1" score="1" target="time" unit="duration"/>
    <level _seq="24" _title="Sasquatch VIII # 24" _xpath="./sasquatch08_1" author="David W. Skinner" ctrl="force" easy="false" id="sasquatch08[24]" rel="1" rev="1" score="1" target="time" unit="duration"/>
    <level _seq="25" _title="Sasquatch VIII # 25" _xpath="./sasquatch08_1" author="David W. Skinner" ctrl="force" easy="false" id="sasquatch08[25]" rel="1" rev="1" score="1" target="time" unit="duration"/>
    <level _seq="26" _title="Sasquatch VIII # 26" _xpath="./sasquatch08_1" author="David W. Skinner" ctrl="force" easy="false" id="sasquatch08[26]" rel="1" rev="1" score="1" target="time" unit="duration"/>
    <level _seq="27" _title="Sasquatch VIII # 27" _xpath="./sasquatch08_1" author="David W. Skinner" ctrl="force" easy="false" id="sasquatch08[27]" rel="1" rev="1" score="1" target="time" unit="duration"/>
    <level _seq="28" _title="Sasquatch VIII # 28" _xpath="./sasquatch08_1" author="David W. Skinner" ctrl="force" easy="false" id="sasquatch08[28]" rel="1" rev="1" score="1" target="time" unit="duration"/>
    <level _seq="29" _title="Sasquatch VIII # 29" _xpath="./sasquatch08_1" author="David W. Skinner" ctrl="force" easy="false" id="sasquatch08[29]" rel="1" rev="1" score="1" target="time" unit="duration"/>
    <level _seq="30" _title="Sasquatch VIII # 30" _xpath="./sasquatch08_1" author="David W. Skinner" ctrl="force" easy="false" id="sasquatch08[30]" rel="1" rev="1" score="1" target="time" unit="duration"/>
    <level _seq="31" _title="Sasquatch VIII # 31" _xpath="./sasquatch08_1" author="David W. Skinner" ctrl="force" easy="false" id="sasquatch08[31]" rel="1" rev="1" score="1" target="time" unit="duration"/>
    <level _seq="32" _title="Sasquatch VIII # 32" _xpath="./sasquatch08_1" author="David W. Skinner" ctrl="force" easy="false" id="sasquatch08[32]" rel="1" rev="1" score="1" target="time" unit="duration"/>
    <level _seq="33" _title="Sasquatch VIII # 33" _xpath="./sasquatch08_1" author="David W. Skinner" ctrl="force" easy="false" id="sasquatch08[33]" rel="1" rev="1" score="1" target="time" unit="duration"/>
    <level _seq="34" _title="Sasquatch VIII # 34" _xpath="./sasquatch08_1" author="David W. Skinner" ctrl="force" easy="false" id="sasquatch08[34]" rel="1" rev="1" score="1" target="time" unit="duration"/>
    <level _seq="35" _title="Sasquatch VIII # 35" _xpath="./sasquatch08_1" author="David W. Skinner" ctrl="force" easy="false" id="sasquatch08[35]" rel="1" rev="1" score="1" target="time" unit="duration"/>
    <level _seq="36" _title="Sasquatch VIII # 36" _xpath="./sasquatch08_1" author="David W. Skinner" ctrl="force" easy="false" id="sasquatch08[36]" rel="1" rev="1" score="1" target="time" unit="duration"/>
    <level _seq="37" _title="Sasquatch VIII # 37" _xpath="./sasquatch08_1" author="David W. Skinner" ctrl="force" easy="false" id="sasquatch08[37]" rel="1" rev="1" score="1" target="time" unit="duration"/>
    <level _seq="38" _title="Sasquatch VIII # 38" _xpath="./sasquatch08_1" author="David W. Skinner" ctrl="force" easy="false" id="sasquatch08[38]" rel="1" rev="1" score="1" target="time" unit="duration"/>
    <level _seq="39" _title="Sasquatch VIII # 39" _xpath="./sasquatch08_1" author="David W. Skinner" ctrl="force" easy="false" id="sasquatch08[39]" rel="1" rev="1" score="1" target="time" unit="duration"/>
    <level _seq="40" _title="Sasquatch VIII # 40" _xpath="./sasquatch08_1" author="David W. Skinner" ctrl="force" easy="false" id="sasquatch08[40]" rel="1" rev="1" score="1" target="time" unit="duration"/>
    <level _seq="41" _title="Sasquatch VIII # 41" _xpath="./sasquatch08_1" author="David W. Skinner" ctrl="force" easy="false" id="sasquatch08[41]" rel="1" rev="1" score="1" target="time" unit="duration"/>
    <level _seq="42" _title="Sasquatch VIII # 42" _xpath="./sasquatch08_1" author="David W. Skinner" ctrl="force" easy="false" id="sasquatch08[42]" rel="1" rev="1" score="1" target="time" unit="duration"/>
    <level _seq="43" _title="Sasquatch VIII # 43" _xpath="./sasquatch08_1" author="David W. Skinner" ctrl="force" easy="false" id="sasquatch08[43]" rel="1" rev="1" score="1" target="time" unit="duration"/>
    <level _seq="44" _title="Sasquatch VIII # 44" _xpath="./sasquatch08_1" author="David W. Skinner" ctrl="force" easy="false" id="sasquatch08[44]" rel="1" rev="1" score="1" target="time" unit="duration"/>
    <level _seq="45" _title="Sasquatch VIII # 45" _xpath="./sasquatch08_1" author="David W. Skinner" ctrl="force" easy="false" id="sasquatch08[45]" rel="1" rev="1" score="1" target="time" unit="duration"/>
    <level _seq="46" _title="Sasquatch VIII # 46" _xpath="./sasquatch08_1" author="David W. Skinner" ctrl="force" easy="false" id="sasquatch08[46]" rel="1" rev="1" score="1" target="time" unit="duration"/>
    <level _seq="47" _title="Sasquatch VIII # 47" _xpath="./sasquatch08_1" author="David W. Skinner" ctrl="force" easy="false" id="sasquatch08[47]" rel="1" rev="1" score="1" target="time" unit="duration"/>
    <level _seq="48" _title="Sasquatch VIII # 48" _xpath="./sasquatch08_1" author="David W. Skinner" ctrl="force" easy="false" id="sasquatch08[48]" rel="1" rev="1" score="1" target="time" unit="duration"/>
    <level _seq="49" _title="Sasquatch VIII # 49" _xpath="./sasquatch08_1" author="David W. Skinner" ctrl="force" easy="false" id="sasquatch08[49]" rel="1" rev="1" score="1" target="time" unit="duration"/>
    <level _seq="50" _title="Sasquatch VIII # 50" _xpath="./sasquatch08_1" author="David W. Skinner" ctrl="force" easy="false" id="sasquatch08[50]" rel="1" rev="1" score="1" target="time" unit="duration"/>
  </levels>

</index>
