<?xml version="1.0" encoding="UTF-8" standalone="no" ?>
<index xmlns:xsi="http://www.w3.org/2001/XMLSchema-instance" xsi:noNamespaceSchemaLocation="index.xsd">

  <info enigma="1.10" group="Sokoball" location="11700" network="false" owner="Enigma Team" release="1" revision="1" title="Sasquatch II"/>

  <attributes/>

  <levels>
    <level _seq="1" _title="Sasquatch II # 1" _xpath="./sasquatch02_1" author="David W. Skinner" ctrl="force" easy="false" id="sasquatch02[1]" rel="1" rev="1" score="1" target="time" unit="duration"/>
    <level _seq="2" _title="Sasquatch II # 2" _xpath="./sasquatch02_1" author="David W. Skinner" ctrl="force" easy="false" id="sasquatch02[2]" rel="1" rev="1" score="1" target="time" unit="duration"/>
    <level _seq="3" _title="Sasquatch II # 3" _xpath="./sasquatch02_1" author="David W. Skinner" ctrl="force" easy="false" id="sasquatch02[3]" rel="1" rev="1" score="1" target="time" unit="duration"/>
    <level _seq="4" _title="Sasquatch II # 4" _xpath="./sasquatch02_1" author="David W. Skinner" ctrl="force" easy="false" id="sasquatch02[4]" rel="1" rev="1" score="1" target="time" unit="duration"/>
    <level _seq="5" _title="Sasquatch II # 5" _xpath="./sasquatch02_1" author="David W. Skinner" ctrl="force" easy="false" id="sasquatch02[5]" rel="1" rev="1" score="1" target="time" unit="duration"/>
    <level _seq="6" _title="Sasquatch II # 6" _xpath="./sasquatch02_1" author="David W. Skinner" ctrl="force" easy="false" id="sasquatch02[6]" rel="1" rev="1" score="1" target="time" unit="duration"/>
    <level _seq="7" _title="Sasquatch II # 7" _xpath="./sasquatch02_1" author="David W. Skinner" ctrl="force" easy="false" id="sasquatch02[7]" rel="1" rev="1" score="1" target="time" unit="duration"/>
    <level _seq="8" _title="Sasquatch II # 8" _xpath="./sasquatch02_1" author="David W. Skinner" ctrl="force" easy="false" id="sasquatch02[8]" rel="1" rev="1" score="1" target="time" unit="duration"/>
    <level _seq="9" _title="Sasquatch II # 9" _xpath="./sasquatch02_1" author="David W. Skinner" ctrl="force" easy="false" id="sasquatch02[9]" rel="1" rev="1" score="1" target="time" unit="duration"/>
    <level _seq="10" _title="Sasquatch II # 10" _xpath="./sasquatch02_1" author="David W. Skinner" ctrl="force" easy="false" id="sasquatch02[10]" rel="1" rev="1" score="1" target="time" unit="duration"/>
    <level _seq="11" _title="Sasquatch II # 11" _xpath="./sasquatch02_1" author="David W. Skinner" ctrl="force" easy="false" id="sasquatch02[11]" rel="1" rev="1" score="1" target="time" unit="duration"/>
    <level _seq="12" _title="Sasquatch II # 12" _xpath="./sasquatch02_1" author="David W. Skinner" ctrl="force" easy="false" id="sasquatch02[12]" rel="1" rev="1" score="1" target="time" unit="duration"/>
    <level _seq="13" _title="Sasquatch II # 13" _xpath="./sasquatch02_1" author="David W. Skinner" ctrl="force" easy="false" id="sasquatch02[13]" rel="1" rev="1" score="1" target="time" unit="duration"/>
    <level _seq="14" _title="Sasquatch II # 14" _xpath="./sasquatch02_1" author="David W. Skinner" ctrl="force" easy="false" id="sasquatch02[14]" rel="1" rev="1" score="1" target="time" unit="duration"/>
    <level _seq="15" _title="Sasquatch II # 15" _xpath="./sasquatch02_1" author="David W. Skinner" ctrl="force" easy="false" id="sasquatch02[15]" rel="1" rev="1" score="1" target="time" unit="duration"/>
    <level _seq="16" _title="Sasquatch II # 16" _xpath="./sasquatch02_1" author="David W. Skinner" ctrl="force" easy="false" id="sasquatch02[16]" rel="1" rev="1" score="1" target="time" unit="duration"/>
    <level _seq="17" _title="Sasquatch II # 17" _xpath="./sasquatch02_1" author="David W. Skinner" ctrl="force" easy="false" id="sasquatch02[17]" rel="1" rev="1" score="1" target="time" unit="duration"/>
    <level _seq="18" _title="Sasquatch II # 18" _xpath="./sasquatch02_1" author="David W. Skinner" ctrl="force" easy="false" id="sasquatch02[18]" rel="1" rev="1" score="1" target="time" unit="duration"/>
    <level _seq="19" _title="Sasquatch II # 19" _xpath="./sasquatch02_1" author="David W. Skinner" ctrl="force" easy="false" id="sasquatch02[19]" rel="1" rev="1" score="1" target="time" unit="duration"/>
    <level _seq="20" _title="Sasquatch II # 20" _xpath="./sasquatch02_1" author="David W. Skinner" ctrl="force" easy="false" id="sasquatch02[20]" rel="1" rev="1" score="1" target="time" unit="duration"/>
    <level _seq="21" _title="Sasquatch II # 21" _xpath="./sasquatch02_1" author="David W. Skinner" ctrl="force" easy="false" id="sasquatch02[21]" rel="1" rev="1" score="1" target="time" unit="duration"/>
    <level _seq="22" _title="Sasquatch II # 22" _xpath="./sasquatch02_1" author="David W. Skinner" ctrl="force" easy="false" id="sasquatch02[22]" rel="1" rev="1" score="1" target="time" unit="duration"/>
    <level _seq="23" _title="Sasquatch II # 23" _xpath="./sasquatch02_1" author="David W. Skinner" ctrl="force" easy="false" id="sasquatch02[23]" rel="1" rev="1" score="1" target="time" unit="duration"/>
    <level _seq="24" _title="Sasquatch II # 24" _xpath="./sasquatch02_1" author="David W. Skinner" ctrl="force" easy="false" id="sasquatch02[24]" rel="1" rev="1" score="1" target="time" unit="duration"/>
    <level _seq="25" _title="Sasquatch II # 25" _xpath="./sasquatch02_1" author="David W. Skinner" ctrl="force" easy="false" id="sasquatch02[25]" rel="1" rev="1" score="1" target="time" unit="duration"/>
    <level _seq="26" _title="Sasquatch II # 26" _xpath="./sasquatch02_1" author="David W. Skinner" ctrl="force" easy="false" id="sasquatch02[26]" rel="1" rev="1" score="1" target="time" unit="duration"/>
    <level _seq="27" _title="Sasquatch II # 27" _xpath="./sasquatch02_1" author="David W. Skinner" ctrl="force" easy="false" id="sasquatch02[27]" rel="1" rev="1" score="1" target="time" unit="duration"/>
    <level _seq="28" _title="Sasquatch II # 28" _xpath="./sasquatch02_1" author="David W. Skinner" ctrl="force" easy="false" id="sasquatch02[28]" rel="1" rev="1" score="1" target="time" unit="duration"/>
    <level _seq="29" _title="Sasquatch II # 29" _xpath="./sasquatch02_1" author="David W. Skinner" ctrl="force" easy="false" id="sasquatch02[29]" rel="1" rev="1" score="1" target="time" unit="duration"/>
    <level _seq="30" _title="Sasquatch II # 30" _xpath="./sasquatch02_1" author="David W. Skinner" ctrl="force" easy="false" id="sasquatch02[30]" rel="1" rev="1" score="1" target="time" unit="duration"/>
    <level _seq="31" _title="Sasquatch II # 31" _xpath="./sasquatch02_1" author="David W. Skinner" ctrl="force" easy="false" id="sasquatch02[31]" rel="1" rev="1" score="1" target="time" unit="duration"/>
    <level _seq="32" _title="Sasquatch II # 32" _xpath="./sasquatch02_1" author="David W. Skinner" ctrl="force" easy="false" id="sasquatch02[32]" rel="1" rev="1" score="1" target="time" unit="duration"/>
    <level _seq="33" _title="Sasquatch II # 33" _xpath="./sasquatch02_1" author="David W. Skinner" ctrl="force" easy="false" id="sasquatch02[33]" rel="1" rev="1" score="1" target="time" unit="duration"/>
    <level _seq="34" _title="Sasquatch II # 34" _xpath="./sasquatch02_1" author="David W. Skinner" ctrl="force" easy="false" id="sasquatch02[34]" rel="1" rev="1" score="1" target="time" unit="duration"/>
    <level _seq="35" _title="Sasquatch II # 35" _xpath="./sasquatch02_1" author="David W. Skinner" ctrl="force" easy="false" id="sasquatch02[35]" rel="1" rev="1" score="1" target="time" unit="duration"/>
    <level _seq="36" _title="Sasquatch II # 36" _xpath="./sasquatch02_1" author="David W. Skinner" ctrl="force" easy="false" id="sasquatch02[36]" rel="1" rev="1" score="1" target="time" unit="duration"/>
    <level _seq="37" _title="Sasquatch II # 37" _xpath="./sasquatch02_1" author="David W. Skinner" ctrl="force" easy="false" id="sasquatch02[37]" rel="1" rev="1" score="1" target="time" unit="duration"/>
    <level _seq="38" _title="Sasquatch II # 38" _xpath="./sasquatch02_1" author="David W. Skinner" ctrl="force" easy="false" id="sasquatch02[38]" rel="1" rev="1" score="1" target="time" unit="duration"/>
    <level _seq="39" _title="Sasquatch II # 39" _xpath="./sasquatch02_1" author="David W. Skinner" ctrl="force" easy="false" id="sasquatch02[39]" rel="1" rev="1" score="1" target="time" unit="duration"/>
    <level _seq="40" _title="Sasquatch II # 40" _xpath="./sasquatch02_1" author="David W. Skinner" ctrl="force" easy="false" id="sasquatch02[40]" rel="1" rev="1" score="1" target="time" unit="duration"/>
    <level _seq="41" _title="Sasquatch II # 41" _xpath="./sasquatch02_1" author="David W. Skinner" ctrl="force" easy="false" id="sasquatch02[41]" rel="1" rev="1" score="1" target="time" unit="duration"/>
    <level _seq="42" _title="Sasquatch II # 42" _xpath="./sasquatch02_1" author="David W. Skinner" ctrl="force" easy="false" id="sasquatch02[42]" rel="1" rev="1" score="1" target="time" unit="duration"/>
    <level _seq="43" _title="Sasquatch II # 43" _xpath="./sasquatch02_1" author="David W. Skinner" ctrl="force" easy="false" id="sasquatch02[43]" rel="1" rev="1" score="1" target="time" unit="duration"/>
    <level _seq="44" _title="Sasquatch II # 44" _xpath="./sasquatch02_1" author="David W. Skinner" ctrl="force" easy="false" id="sasquatch02[44]" rel="1" rev="1" score="1" target="time" unit="duration"/>
    <level _seq="45" _title="Sasquatch II # 45" _xpath="./sasquatch02_1" author="David W. Skinner" ctrl="force" easy="false" id="sasquatch02[45]" rel="1" rev="1" score="1" target="time" unit="duration"/>
    <level _seq="46" _title="Sasquatch II # 46" _xpath="./sasquatch02_1" author="David W. Skinner" ctrl="force" easy="false" id="sasquatch02[46]" rel="1" rev="1" score="1" target="time" unit="duration"/>
    <level _seq="47" _title="Sasquatch II # 47" _xpath="./sasquatch02_1" author="David W. Skinner" ctrl="force" easy="false" id="sasquatch02[47]" rel="1" rev="1" score="1" target="time" unit="duration"/>
    <level _seq="48" _title="Sasquatch II # 48" _xpath="./sasquatch02_1" author="David W. Skinner" ctrl="force" easy="false" id="sasquatch02[48]" rel="1" rev="1" score="1" target="time" unit="duration"/>
    <level _seq="49" _title="Sasquatch II # 49" _xpath="./sasquatch02_1" author="David W. Skinner" ctrl="force" easy="false" id="sasquatch02[49]" rel="1" rev="1" score="1" target="time" unit="duration"/>
    <level _seq="50" _title="Sasquatch II # 50" _xpath="./sasquatch02_1" author="David W. Skinner" ctrl="force" easy="false" id="sasquatch02[50]" rel="1" rev="1" score="1" target="time" unit="duration"/>
  </levels>

</index>
