<?xml version="1.0" encoding="UTF-8" standalone="no" ?>
<index xmlns:xsi="http://www.w3.org/2001/XMLSchema-instance" xsi:noNamespaceSchemaLocation="index.xsd">

  <info enigma="1.10" group="Sokoball" location="11900" network="false" owner="Enigma Team" release="1" revision="1" title="Sasquatch IV"/>

  <attributes/>

  <levels>
    <level _seq="1" _title="Sasquatch IV # 1" _xpath="./sasquatch04_1" author="David W. Skinner" ctrl="force" easy="false" id="sasquatch04[1]" rel="1" rev="1" score="1" target="time" unit="duration"/>
    <level _seq="2" _title="Sasquatch IV # 2" _xpath="./sasquatch04_1" author="David W. Skinner" ctrl="force" easy="false" id="sasquatch04[2]" rel="1" rev="1" score="1" target="time" unit="duration"/>
    <level _seq="3" _title="Sasquatch IV # 3" _xpath="./sasquatch04_1" author="David W. Skinner" ctrl="force" easy="false" id="sasquatch04[3]" rel="1" rev="1" score="1" target="time" unit="duration"/>
    <level _seq="4" _title="Sasquatch IV # 4" _xpath="./sasquatch04_1" author="David W. Skinner" ctrl="force" easy="false" id="sasquatch04[4]" rel="1" rev="1" score="1" target="time" unit="duration"/>
    <level _seq="5" _title="Sasquatch IV # 5" _xpath="./sasquatch04_1" author="David W. Skinner" ctrl="force" easy="false" id="sasquatch04[5]" rel="1" rev="1" score="1" target="time" unit="duration"/>
    <level _seq="6" _title="Sasquatch IV # 6" _xpath="./sasquatch04_1" author="David W. Skinner" ctrl="force" easy="false" id="sasquatch04[6]" rel="1" rev="1" score="1" target="time" unit="duration"/>
    <level _seq="7" _title="Sasquatch IV # 7" _xpath="./sasquatch04_1" author="David W. Skinner" ctrl="force" easy="false" id="sasquatch04[7]" rel="1" rev="1" score="1" target="time" unit="duration"/>
    <level _seq="8" _title="Sasquatch IV # 8" _xpath="./sasquatch04_1" author="David W. Skinner" ctrl="force" easy="false" id="sasquatch04[8]" rel="1" rev="1" score="1" target="time" unit="duration"/>
    <level _seq="9" _title="Sasquatch IV # 9" _xpath="./sasquatch04_1" author="David W. Skinner" ctrl="force" easy="false" id="sasquatch04[9]" rel="1" rev="1" score="1" target="time" unit="duration"/>
    <level _seq="10" _title="Sasquatch IV # 10" _xpath="./sasquatch04_1" author="David W. Skinner" ctrl="force" easy="false" id="sasquatch04[10]" rel="1" rev="1" score="1" target="time" unit="duration"/>
    <level _seq="11" _title="Sasquatch IV # 11" _xpath="./sasquatch04_1" author="David W. Skinner" ctrl="force" easy="false" id="sasquatch04[11]" rel="1" rev="1" score="1" target="time" unit="duration"/>
    <level _seq="12" _title="Sasquatch IV # 12" _xpath="./sasquatch04_1" author="David W. Skinner" ctrl="force" easy="false" id="sasquatch04[12]" rel="1" rev="1" score="1" target="time" unit="duration"/>
    <level _seq="13" _title="Sasquatch IV # 13" _xpath="./sasquatch04_1" author="David W. Skinner" ctrl="force" easy="false" id="sasquatch04[13]" rel="1" rev="1" score="1" target="time" unit="duration"/>
    <level _seq="14" _title="Sasquatch IV # 14" _xpath="./sasquatch04_1" author="David W. Skinner" ctrl="force" easy="false" id="sasquatch04[14]" rel="1" rev="1" score="1" target="time" unit="duration"/>
    <level _seq="15" _title="Sasquatch IV # 15" _xpath="./sasquatch04_1" author="David W. Skinner" ctrl="force" easy="false" id="sasquatch04[15]" rel="1" rev="1" score="1" target="time" unit="duration"/>
    <level _seq="16" _title="Sasquatch IV # 16" _xpath="./sasquatch04_1" author="David W. Skinner" ctrl="force" easy="false" id="sasquatch04[16]" rel="1" rev="1" score="1" target="time" unit="duration"/>
    <level _seq="17" _title="Sasquatch IV # 17" _xpath="./sasquatch04_1" author="David W. Skinner" ctrl="force" easy="false" id="sasquatch04[17]" rel="1" rev="1" score="1" target="time" unit="duration"/>
    <level _seq="18" _title="Sasquatch IV # 18" _xpath="./sasquatch04_1" author="David W. Skinner" ctrl="force" easy="false" id="sasquatch04[18]" rel="1" rev="1" score="1" target="time" unit="duration"/>
    <level _seq="19" _title="Sasquatch IV # 19" _xpath="./sasquatch04_1" author="David W. Skinner" ctrl="force" easy="false" id="sasquatch04[19]" rel="1" rev="1" score="1" target="time" unit="duration"/>
    <level _seq="20" _title="Sasquatch IV # 20" _xpath="./sasquatch04_1" author="David W. Skinner" ctrl="force" easy="false" id="sasquatch04[20]" rel="1" rev="1" score="1" target="time" unit="duration"/>
    <level _seq="21" _title="Sasquatch IV # 21" _xpath="./sasquatch04_1" author="David W. Skinner" ctrl="force" easy="false" id="sasquatch04[21]" rel="1" rev="1" score="1" target="time" unit="duration"/>
    <level _seq="22" _title="Sasquatch IV # 22" _xpath="./sasquatch04_1" author="David W. Skinner" ctrl="force" easy="false" id="sasquatch04[22]" rel="1" rev="1" score="1" target="time" unit="duration"/>
    <level _seq="23" _title="Sasquatch IV # 23" _xpath="./sasquatch04_1" author="David W. Skinner" ctrl="force" easy="false" id="sasquatch04[23]" rel="1" rev="1" score="1" target="time" unit="duration"/>
    <level _seq="24" _title="Sasquatch IV # 24" _xpath="./sasquatch04_1" author="David W. Skinner" ctrl="force" easy="false" id="sasquatch04[24]" rel="1" rev="1" score="1" target="time" unit="duration"/>
    <level _seq="25" _title="Sasquatch IV # 25" _xpath="./sasquatch04_1" author="David W. Skinner" ctrl="force" easy="false" id="sasquatch04[25]" rel="1" rev="1" score="1" target="time" unit="duration"/>
    <level _seq="26" _title="Sasquatch IV # 26" _xpath="./sasquatch04_1" author="David W. Skinner" ctrl="force" easy="false" id="sasquatch04[26]" rel="1" rev="1" score="1" target="time" unit="duration"/>
    <level _seq="27" _title="Sasquatch IV # 27" _xpath="./sasquatch04_1" author="David W. Skinner" ctrl="force" easy="false" id="sasquatch04[27]" rel="1" rev="1" score="1" target="time" unit="duration"/>
    <level _seq="28" _title="Sasquatch IV # 28" _xpath="./sasquatch04_1" author="David W. Skinner" ctrl="force" easy="false" id="sasquatch04[28]" rel="1" rev="1" score="1" target="time" unit="duration"/>
    <level _seq="29" _title="Sasquatch IV # 29" _xpath="./sasquatch04_1" author="David W. Skinner" ctrl="force" easy="false" id="sasquatch04[29]" rel="1" rev="1" score="1" target="time" unit="duration"/>
    <level _seq="30" _title="Sasquatch IV # 30" _xpath="./sasquatch04_1" author="David W. Skinner" ctrl="force" easy="false" id="sasquatch04[30]" rel="1" rev="1" score="1" target="time" unit="duration"/>
    <level _seq="31" _title="Sasquatch IV # 31" _xpath="./sasquatch04_1" author="David W. Skinner" ctrl="force" easy="false" id="sasquatch04[31]" rel="1" rev="1" score="1" target="time" unit="duration"/>
    <level _seq="32" _title="Sasquatch IV # 32" _xpath="./sasquatch04_1" author="David W. Skinner" ctrl="force" easy="false" id="sasquatch04[32]" rel="1" rev="1" score="1" target="time" unit="duration"/>
    <level _seq="33" _title="Sasquatch IV # 33" _xpath="./sasquatch04_1" author="David W. Skinner" ctrl="force" easy="false" id="sasquatch04[33]" rel="1" rev="1" score="1" target="time" unit="duration"/>
    <level _seq="34" _title="Sasquatch IV # 34" _xpath="./sasquatch04_1" author="David W. Skinner" ctrl="force" easy="false" id="sasquatch04[34]" rel="1" rev="1" score="1" target="time" unit="duration"/>
    <level _seq="35" _title="Sasquatch IV # 35" _xpath="./sasquatch04_1" author="David W. Skinner" ctrl="force" easy="false" id="sasquatch04[35]" rel="1" rev="1" score="1" target="time" unit="duration"/>
    <level _seq="36" _title="Sasquatch IV # 36" _xpath="./sasquatch04_1" author="David W. Skinner" ctrl="force" easy="false" id="sasquatch04[36]" rel="1" rev="1" score="1" target="time" unit="duration"/>
    <level _seq="37" _title="Sasquatch IV # 37" _xpath="./sasquatch04_1" author="David W. Skinner" ctrl="force" easy="false" id="sasquatch04[37]" rel="1" rev="1" score="1" target="time" unit="duration"/>
    <level _seq="38" _title="Sasquatch IV # 38" _xpath="./sasquatch04_1" author="David W. Skinner" ctrl="force" easy="false" id="sasquatch04[38]" rel="1" rev="1" score="1" target="time" unit="duration"/>
    <level _seq="39" _title="Sasquatch IV # 39" _xpath="./sasquatch04_1" author="David W. Skinner" ctrl="force" easy="false" id="sasquatch04[39]" rel="1" rev="1" score="1" target="time" unit="duration"/>
    <level _seq="40" _title="Sasquatch IV # 40" _xpath="./sasquatch04_1" author="David W. Skinner" ctrl="force" easy="false" id="sasquatch04[40]" rel="1" rev="1" score="1" target="time" unit="duration"/>
    <level _seq="41" _title="Sasquatch IV # 41" _xpath="./sasquatch04_1" author="David W. Skinner" ctrl="force" easy="false" id="sasquatch04[41]" rel="1" rev="1" score="1" target="time" unit="duration"/>
    <level _seq="42" _title="Sasquatch IV # 42" _xpath="./sasquatch04_1" author="David W. Skinner" ctrl="force" easy="false" id="sasquatch04[42]" rel="1" rev="1" score="1" target="time" unit="duration"/>
    <level _seq="43" _title="Sasquatch IV # 43" _xpath="./sasquatch04_1" author="David W. Skinner" ctrl="force" easy="false" id="sasquatch04[43]" rel="1" rev="1" score="1" target="time" unit="duration"/>
    <level _seq="44" _title="Sasquatch IV # 44" _xpath="./sasquatch04_1" author="David W. Skinner" ctrl="force" easy="false" id="sasquatch04[44]" rel="1" rev="1" score="1" target="time" unit="duration"/>
    <level _seq="45" _title="Sasquatch IV # 45" _xpath="./sasquatch04_1" author="David W. Skinner" ctrl="force" easy="false" id="sasquatch04[45]" rel="1" rev="1" score="1" target="time" unit="duration"/>
    <level _seq="46" _title="Sasquatch IV # 46" _xpath="./sasquatch04_1" author="David W. Skinner" ctrl="force" easy="false" id="sasquatch04[46]" rel="1" rev="1" score="1" target="time" unit="duration"/>
    <level _seq="47" _title="Sasquatch IV # 47" _xpath="./sasquatch04_1" author="David W. Skinner" ctrl="force" easy="false" id="sasquatch04[47]" rel="1" rev="1" score="1" target="time" unit="duration"/>
    <level _seq="48" _title="Sasquatch IV # 48" _xpath="./sasquatch04_1" author="David W. Skinner" ctrl="force" easy="false" id="sasquatch04[48]" rel="1" rev="1" score="1" target="time" unit="duration"/>
    <level _seq="49" _title="Sasquatch IV # 49" _xpath="./sasquatch04_1" author="David W. Skinner" ctrl="force" easy="false" id="sasquatch04[49]" rel="1" rev="1" score="1" target="time" unit="duration"/>
    <level _seq="50" _title="Sasquatch IV # 50" _xpath="./sasquatch04_1" author="David W. Skinner" ctrl="force" easy="false" id="sasquatch04[50]" rel="1" rev="1" score="1" target="time" unit="duration"/>
  </levels>

</index>
