<?xml version="1.0" encoding="UTF-8" standalone="no" ?>
<index xmlns:xsi="http://www.w3.org/2001/XMLSchema-instance" xsi:noNamespaceSchemaLocation="index.xsd">

  <info enigma="1.10" group="Sokoball" location="12700" network="false" owner="Enigma Team" release="1" revision="2" title="Sasquatch XII"/>

  <attributes/>

  <levels>
    <level _seq="1" _title="Sasquatch XII # 1" _xpath="./sasquatch12_1" author="David W. Skinner" ctrl="force" easy="false" id="sasquatch12[1]" rel="1" rev="1" score="1" target="time" unit="duration"/>
    <level _seq="2" _title="Sasquatch XII # 2" _xpath="./sasquatch12_1" author="David W. Skinner" ctrl="force" easy="false" id="sasquatch12[2]" rel="1" rev="1" score="1" target="time" unit="duration"/>
    <level _seq="3" _title="Sasquatch XII # 3" _xpath="./sasquatch12_1" author="David W. Skinner" ctrl="force" easy="false" id="sasquatch12[3]" rel="1" rev="1" score="1" target="time" unit="duration"/>
    <level _seq="4" _title="Sasquatch XII # 4" _xpath="./sasquatch12_1" author="David W. Skinner" ctrl="force" easy="false" id="sasquatch12[4]" rel="1" rev="1" score="1" target="time" unit="duration"/>
    <level _seq="5" _title="Sasquatch XII # 5" _xpath="./sasquatch12_1" author="David W. Skinner" ctrl="force" easy="false" id="sasquatch12[5]" rel="1" rev="1" score="1" target="time" unit="duration"/>
    <level _seq="6" _title="Sasquatch XII # 6" _xpath="./sasquatch12_1" author="David W. Skinner" ctrl="force" easy="false" id="sasquatch12[6]" rel="1" rev="1" score="1" target="time" unit="duration"/>
    <level _seq="7" _title="Sasquatch XII # 7" _xpath="./sasquatch12_1" author="David W. Skinner" ctrl="force" easy="false" id="sasquatch12[7]" rel="1" rev="1" score="1" target="time" unit="duration"/>
    <level _seq="8" _title="Sasquatch XII # 8" _xpath="./sasquatch12_1" author="David W. Skinner" ctrl="force" easy="false" id="sasquatch12[8]" rel="1" rev="1" score="1" target="time" unit="duration"/>
    <level _seq="9" _title="Sasquatch XII # 9" _xpath="./sasquatch12_1" author="David W. Skinner" ctrl="force" easy="false" id="sasquatch12[9]" rel="1" rev="1" score="1" target="time" unit="duration"/>
    <level _seq="10" _title="Sasquatch XII # 10" _xpath="./sasquatch12_1" author="David W. Skinner" ctrl="force" easy="false" id="sasquatch12[10]" rel="1" rev="1" score="1" target="time" unit="duration"/>
    <level _seq="11" _title="Sasquatch XII # 11" _xpath="./sasquatch12_1" author="David W. Skinner" ctrl="force" easy="false" id="sasquatch12[11]" rel="1" rev="1" score="1" target="time" unit="duration"/>
    <level _seq="12" _title="Sasquatch XII # 12" _xpath="./sasquatch12_1" author="David W. Skinner" ctrl="force" easy="false" id="sasquatch12[12]" rel="1" rev="1" score="1" target="time" unit="duration"/>
    <level _seq="13" _title="Sasquatch XII # 13" _xpath="./sasquatch12_1" author="David W. Skinner" ctrl="force" easy="false" id="sasquatch12[13]" rel="1" rev="1" score="1" target="time" unit="duration"/>
    <level _seq="14" _title="Sasquatch XII # 14" _xpath="./sasquatch12_1" author="David W. Skinner" ctrl="force" easy="false" id="sasquatch12[14]" rel="1" rev="1" score="1" target="time" unit="duration"/>
    <level _seq="15" _title="Sasquatch XII # 15" _xpath="./sasquatch12_1" author="David W. Skinner" ctrl="force" easy="false" id="sasquatch12[15]" rel="1" rev="1" score="1" target="time" unit="duration"/>
    <level _seq="16" _title="Sasquatch XII # 16" _xpath="./sasquatch12_1" author="David W. Skinner" ctrl="force" easy="false" id="sasquatch12[16]" rel="1" rev="1" score="1" target="time" unit="duration"/>
    <level _seq="17" _title="Sasquatch XII # 17" _xpath="./sasquatch12_1" author="David W. Skinner" ctrl="force" easy="false" id="sasquatch12[17]" rel="1" rev="1" score="1" target="time" unit="duration"/>
    <level _seq="18" _title="Sasquatch XII # 18" _xpath="./sasquatch12_1" author="David W. Skinner" ctrl="force" easy="false" id="sasquatch12[18]" rel="1" rev="1" score="1" target="time" unit="duration"/>
    <level _seq="19" _title="Sasquatch XII # 19" _xpath="./sasquatch12_1" author="David W. Skinner" ctrl="force" easy="false" id="sasquatch12[19]" rel="1" rev="1" score="1" target="time" unit="duration"/>
    <level _seq="20" _title="Sasquatch XII # 20" _xpath="./sasquatch12_1" author="David W. Skinner" ctrl="force" easy="false" id="sasquatch12[20]" rel="1" rev="1" score="1" target="time" unit="duration"/>
    <level _seq="21" _title="Sasquatch XII # 21" _xpath="./sasquatch12_1" author="David W. Skinner" ctrl="force" easy="false" id="sasquatch12[21]" rel="1" rev="1" score="1" target="time" unit="duration"/>
    <level _seq="22" _title="Sasquatch XII # 22" _xpath="./sasquatch12_1" author="David W. Skinner" ctrl="force" easy="false" id="sasquatch12[22]" rel="1" rev="1" score="1" target="time" unit="duration"/>
    <level _seq="23" _title="Sasquatch XII # 23" _xpath="./sasquatch12_1" author="David W. Skinner" ctrl="force" easy="false" id="sasquatch12[23]" rel="1" rev="1" score="1" target="time" unit="duration"/>
    <level _seq="24" _title="Sasquatch XII # 24" _xpath="./sasquatch12_1" author="David W. Skinner" ctrl="force" easy="false" id="sasquatch12[24]" rel="1" rev="1" score="1" target="time" unit="duration"/>
    <level _seq="25" _title="Sasquatch XII # 25" _xpath="./sasquatch12_1" author="David W. Skinner" ctrl="force" easy="false" id="sasquatch12[25]" rel="1" rev="1" score="1" target="time" unit="duration"/>
    <level _seq="26" _title="Sasquatch XII # 26" _xpath="./sasquatch12_1" author="David W. Skinner" ctrl="force" easy="false" id="sasquatch12[26]" rel="1" rev="1" score="1" target="time" unit="duration"/>
    <level _seq="27" _title="Sasquatch XII # 27" _xpath="./sasquatch12_1" author="David W. Skinner" ctrl="force" easy="false" id="sasquatch12[27]" rel="1" rev="1" score="1" target="time" unit="duration"/>
    <level _seq="28" _title="Sasquatch XII # 28" _xpath="./sasquatch12_1" author="David W. Skinner" ctrl="force" easy="false" id="sasquatch12[28]" rel="1" rev="1" score="1" target="time" unit="duration"/>
    <level _seq="29" _title="Sasquatch XII # 29" _xpath="./sasquatch12_1" author="David W. Skinner" ctrl="force" easy="false" id="sasquatch12[29]" rel="1" rev="1" score="1" target="time" unit="duration"/>
    <level _seq="30" _title="Sasquatch XII # 30" _xpath="./sasquatch12_1" author="David W. Skinner" ctrl="force" easy="false" id="sasquatch12[30]" rel="1" rev="1" score="1" target="time" unit="duration"/>
    <level _seq="31" _title="Sasquatch XII # 31" _xpath="./sasquatch12_1" author="David W. Skinner" ctrl="force" easy="false" id="sasquatch12[31]" rel="1" rev="1" score="1" target="time" unit="duration"/>
    <level _seq="32" _title="Sasquatch XII # 32" _xpath="./sasquatch12_1" author="David W. Skinner" ctrl="force" easy="false" id="sasquatch12[32]" rel="1" rev="1" score="1" target="time" unit="duration"/>
    <level _seq="33" _title="Sasquatch XII # 33" _xpath="./sasquatch12_1" author="David W. Skinner" ctrl="force" easy="false" id="sasquatch12[33]" rel="1" rev="1" score="1" target="time" unit="duration"/>
    <level _seq="34" _title="Sasquatch XII # 34" _xpath="./sasquatch12_1" author="David W. Skinner" ctrl="force" easy="false" id="sasquatch12[34]" rel="1" rev="1" score="1" target="time" unit="duration"/>
    <level _seq="35" _title="Sasquatch XII # 35" _xpath="./sasquatch12_1" author="David W. Skinner" ctrl="force" easy="false" id="sasquatch12[35]" rel="1" rev="1" score="1" target="time" unit="duration"/>
    <level _seq="36" _title="Sasquatch XII # 36" _xpath="./sasquatch12_1" author="David W. Skinner" ctrl="force" easy="false" id="sasquatch12[36]" rel="1" rev="1" score="1" target="time" unit="duration"/>
    <level _seq="37" _title="Sasquatch XII # 37" _xpath="./sasquatch12_1" author="David W. Skinner" ctrl="force" easy="false" id="sasquatch12[37]" rel="1" rev="1" score="1" target="time" unit="duration"/>
    <level _seq="38" _title="Sasquatch XII # 38" _xpath="./sasquatch12_1" author="David W. Skinner" ctrl="force" easy="false" id="sasquatch12[38]" rel="1" rev="1" score="1" target="time" unit="duration"/>
    <level _seq="39" _title="Sasquatch XII # 39" _xpath="./sasquatch12_1" author="David W. Skinner" ctrl="force" easy="false" id="sasquatch12[39]" rel="1" rev="1" score="1" target="time" unit="duration"/>
    <level _seq="40" _title="Sasquatch XII # 40" _xpath="./sasquatch12_1" author="David W. Skinner" ctrl="force" easy="false" id="sasquatch12[40]" rel="1" rev="1" score="1" target="time" unit="duration"/>
    <level _seq="41" _title="Sasquatch XII # 41" _xpath="./sasquatch12_1" author="David W. Skinner" ctrl="force" easy="false" id="sasquatch12[41]" rel="1" rev="1" score="1" target="time" unit="duration"/>
    <level _seq="42" _title="Sasquatch XII # 42" _xpath="./sasquatch12_1" author="David W. Skinner" ctrl="force" easy="false" id="sasquatch12[42]" rel="1" rev="1" score="1" target="time" unit="duration"/>
    <level _seq="43" _title="Sasquatch XII # 43" _xpath="./sasquatch12_1" author="David W. Skinner" ctrl="force" easy="false" id="sasquatch12[43]" rel="1" rev="1" score="1" target="time" unit="duration"/>
    <level _seq="44" _title="Sasquatch XII # 44" _xpath="./sasquatch12_1" author="David W. Skinner" ctrl="force" easy="false" id="sasquatch12[44]" rel="1" rev="1" score="1" target="time" unit="duration"/>
    <level _seq="45" _title="Sasquatch XII # 45" _xpath="./sasquatch12_1" author="David W. Skinner" ctrl="force" easy="false" id="sasquatch12[45]" rel="1" rev="1" score="1" target="time" unit="duration"/>
    <level _seq="46" _title="Sasquatch XII # 46" _xpath="./sasquatch12_1" author="David W. Skinner" ctrl="force" easy="false" id="sasquatch12[46]" rel="1" rev="1" score="1" target="time" unit="duration"/>
    <level _seq="47" _title="Sasquatch XII # 47" _xpath="./sasquatch12_1" author="David W. Skinner" ctrl="force" easy="false" id="sasquatch12[47]" rel="1" rev="1" score="1" target="time" unit="duration"/>
    <level _seq="48" _title="Sasquatch XII # 48" _xpath="./sasquatch12_1" author="David W. Skinner" ctrl="force" easy="false" id="sasquatch12[48]" rel="1" rev="1" score="1" target="time" unit="duration"/>
    <level _seq="49" _title="Sasquatch XII # 49" _xpath="./sasquatch12_1" author="David W. Skinner" ctrl="force" easy="false" id="sasquatch12[49]" rel="1" rev="1" score="1" target="time" unit="duration"/>
    <level _seq="50" _title="Sasquatch XII # 50" _xpath="./sasquatch12_1" author="David W. Skinner" ctrl="force" easy="false" id="sasquatch12[50]" rel="1" rev="1" score="1" target="time" unit="duration"/>
  </levels>

</index>
