<?xml version="1.0" encoding="UTF-8" standalone="no" ?>
<index xmlns:xsi="http://www.w3.org/2001/XMLSchema-instance" xsi:noNamespaceSchemaLocation="index.xsd">

  <info enigma="1.10" group="Sokoball" location="11800" network="false" owner="Enigma Team" release="1" revision="1" title="Sasquatch III"/>

  <attributes/>

  <levels>
    <level _seq="1" _title="Sasquatch III # 1" _xpath="./sasquatch03_1" author="David W. Skinner" ctrl="force" easy="false" id="sasquatch03[1]" rel="1" rev="1" score="1" target="time" unit="duration"/>
    <level _seq="2" _title="Sasquatch III # 2" _xpath="./sasquatch03_1" author="David W. Skinner" ctrl="force" easy="false" id="sasquatch03[2]" rel="1" rev="1" score="1" target="time" unit="duration"/>
    <level _seq="3" _title="Sasquatch III # 3" _xpath="./sasquatch03_1" author="David W. Skinner" ctrl="force" easy="false" id="sasquatch03[3]" rel="1" rev="1" score="1" target="time" unit="duration"/>
    <level _seq="4" _title="Sasquatch III # 4" _xpath="./sasquatch03_1" author="David W. Skinner" ctrl="force" easy="false" id="sasquatch03[4]" rel="1" rev="1" score="1" target="time" unit="duration"/>
    <level _seq="5" _title="Sasquatch III # 5" _xpath="./sasquatch03_1" author="David W. Skinner" ctrl="force" easy="false" id="sasquatch03[5]" rel="1" rev="1" score="1" target="time" unit="duration"/>
    <level _seq="6" _title="Sasquatch III # 6" _xpath="./sasquatch03_1" author="David W. Skinner" ctrl="force" easy="false" id="sasquatch03[6]" rel="1" rev="1" score="1" target="time" unit="duration"/>
    <level _seq="7" _title="Sasquatch III # 7" _xpath="./sasquatch03_1" author="David W. Skinner" ctrl="force" easy="false" id="sasquatch03[7]" rel="1" rev="1" score="1" target="time" unit="duration"/>
    <level _seq="8" _title="Sasquatch III # 8" _xpath="./sasquatch03_1" author="David W. Skinner" ctrl="force" easy="false" id="sasquatch03[8]" rel="1" rev="1" score="1" target="time" unit="duration"/>
    <level _seq="9" _title="Sasquatch III # 9" _xpath="./sasquatch03_1" author="David W. Skinner" ctrl="force" easy="false" id="sasquatch03[9]" rel="1" rev="1" score="1" target="time" unit="duration"/>
    <level _seq="10" _title="Sasquatch III # 10" _xpath="./sasquatch03_1" author="David W. Skinner" ctrl="force" easy="false" id="sasquatch03[10]" rel="1" rev="1" score="1" target="time" unit="duration"/>
    <level _seq="11" _title="Sasquatch III # 11" _xpath="./sasquatch03_1" author="David W. Skinner" ctrl="force" easy="false" id="sasquatch03[11]" rel="1" rev="1" score="1" target="time" unit="duration"/>
    <level _seq="12" _title="Sasquatch III # 12" _xpath="./sasquatch03_1" author="David W. Skinner" ctrl="force" easy="false" id="sasquatch03[12]" rel="1" rev="1" score="1" target="time" unit="duration"/>
    <level _seq="13" _title="Sasquatch III # 13" _xpath="./sasquatch03_1" author="David W. Skinner" ctrl="force" easy="false" id="sasquatch03[13]" rel="1" rev="1" score="1" target="time" unit="duration"/>
    <level _seq="14" _title="Sasquatch III # 14" _xpath="./sasquatch03_1" author="David W. Skinner" ctrl="force" easy="false" id="sasquatch03[14]" rel="1" rev="1" score="1" target="time" unit="duration"/>
    <level _seq="15" _title="Sasquatch III # 15" _xpath="./sasquatch03_1" author="David W. Skinner" ctrl="force" easy="false" id="sasquatch03[15]" rel="1" rev="1" score="1" target="time" unit="duration"/>
    <level _seq="16" _title="Sasquatch III # 16" _xpath="./sasquatch03_1" author="David W. Skinner" ctrl="force" easy="false" id="sasquatch03[16]" rel="1" rev="1" score="1" target="time" unit="duration"/>
    <level _seq="17" _title="Sasquatch III # 17" _xpath="./sasquatch03_1" author="David W. Skinner" ctrl="force" easy="false" id="sasquatch03[17]" rel="1" rev="1" score="1" target="time" unit="duration"/>
    <level _seq="18" _title="Sasquatch III # 18" _xpath="./sasquatch03_1" author="David W. Skinner" ctrl="force" easy="false" id="sasquatch03[18]" rel="1" rev="1" score="1" target="time" unit="duration"/>
    <level _seq="19" _title="Sasquatch III # 19" _xpath="./sasquatch03_1" author="David W. Skinner" ctrl="force" easy="false" id="sasquatch03[19]" rel="1" rev="1" score="1" target="time" unit="duration"/>
    <level _seq="20" _title="Sasquatch III # 20" _xpath="./sasquatch03_1" author="David W. Skinner" ctrl="force" easy="false" id="sasquatch03[20]" rel="1" rev="1" score="1" target="time" unit="duration"/>
    <level _seq="21" _title="Sasquatch III # 21" _xpath="./sasquatch03_1" author="David W. Skinner" ctrl="force" easy="false" id="sasquatch03[21]" rel="1" rev="1" score="1" target="time" unit="duration"/>
    <level _seq="22" _title="Sasquatch III # 22" _xpath="./sasquatch03_1" author="David W. Skinner" ctrl="force" easy="false" id="sasquatch03[22]" rel="1" rev="1" score="1" target="time" unit="duration"/>
    <level _seq="23" _title="Sasquatch III # 23" _xpath="./sasquatch03_1" author="David W. Skinner" ctrl="force" easy="false" id="sasquatch03[23]" rel="1" rev="1" score="1" target="time" unit="duration"/>
    <level _seq="24" _title="Sasquatch III # 24" _xpath="./sasquatch03_1" author="David W. Skinner" ctrl="force" easy="false" id="sasquatch03[24]" rel="1" rev="1" score="1" target="time" unit="duration"/>
    <level _seq="25" _title="Sasquatch III # 25" _xpath="./sasquatch03_1" author="David W. Skinner" ctrl="force" easy="false" id="sasquatch03[25]" rel="1" rev="1" score="1" target="time" unit="duration"/>
    <level _seq="26" _title="Sasquatch III # 26" _xpath="./sasquatch03_1" author="David W. Skinner" ctrl="force" easy="false" id="sasquatch03[26]" rel="1" rev="1" score="1" target="time" unit="duration"/>
    <level _seq="27" _title="Sasquatch III # 27" _xpath="./sasquatch03_1" author="David W. Skinner" ctrl="force" easy="false" id="sasquatch03[27]" rel="1" rev="1" score="1" target="time" unit="duration"/>
    <level _seq="28" _title="Sasquatch III # 28" _xpath="./sasquatch03_1" author="David W. Skinner" ctrl="force" easy="false" id="sasquatch03[28]" rel="1" rev="1" score="1" target="time" unit="duration"/>
    <level _seq="29" _title="Sasquatch III # 29" _xpath="./sasquatch03_1" author="David W. Skinner" ctrl="force" easy="false" id="sasquatch03[29]" rel="1" rev="1" score="1" target="time" unit="duration"/>
    <level _seq="30" _title="Sasquatch III # 30" _xpath="./sasquatch03_1" author="David W. Skinner" ctrl="force" easy="false" id="sasquatch03[30]" rel="1" rev="1" score="1" target="time" unit="duration"/>
    <level _seq="31" _title="Sasquatch III # 31" _xpath="./sasquatch03_1" author="David W. Skinner" ctrl="force" easy="false" id="sasquatch03[31]" rel="1" rev="1" score="1" target="time" unit="duration"/>
    <level _seq="32" _title="Sasquatch III # 32" _xpath="./sasquatch03_1" author="David W. Skinner" ctrl="force" easy="false" id="sasquatch03[32]" rel="1" rev="1" score="1" target="time" unit="duration"/>
    <level _seq="33" _title="Sasquatch III # 33" _xpath="./sasquatch03_1" author="David W. Skinner" ctrl="force" easy="false" id="sasquatch03[33]" rel="1" rev="1" score="1" target="time" unit="duration"/>
    <level _seq="34" _title="Sasquatch III # 34" _xpath="./sasquatch03_1" author="David W. Skinner" ctrl="force" easy="false" id="sasquatch03[34]" rel="1" rev="1" score="1" target="time" unit="duration"/>
    <level _seq="35" _title="Sasquatch III # 35" _xpath="./sasquatch03_1" author="David W. Skinner" ctrl="force" easy="false" id="sasquatch03[35]" rel="1" rev="1" score="1" target="time" unit="duration"/>
    <level _seq="36" _title="Sasquatch III # 36" _xpath="./sasquatch03_1" author="David W. Skinner" ctrl="force" easy="false" id="sasquatch03[36]" rel="1" rev="1" score="1" target="time" unit="duration"/>
    <level _seq="37" _title="Sasquatch III # 37" _xpath="./sasquatch03_1" author="David W. Skinner" ctrl="force" easy="false" id="sasquatch03[37]" rel="1" rev="1" score="1" target="time" unit="duration"/>
    <level _seq="38" _title="Sasquatch III # 38" _xpath="./sasquatch03_1" author="David W. Skinner" ctrl="force" easy="false" id="sasquatch03[38]" rel="1" rev="1" score="1" target="time" unit="duration"/>
    <level _seq="39" _title="Sasquatch III # 39" _xpath="./sasquatch03_1" author="David W. Skinner" ctrl="force" easy="false" id="sasquatch03[39]" rel="1" rev="1" score="1" target="time" unit="duration"/>
    <level _seq="40" _title="Sasquatch III # 40" _xpath="./sasquatch03_1" author="David W. Skinner" ctrl="force" easy="false" id="sasquatch03[40]" rel="1" rev="1" score="1" target="time" unit="duration"/>
    <level _seq="41" _title="Sasquatch III # 41" _xpath="./sasquatch03_1" author="David W. Skinner" ctrl="force" easy="false" id="sasquatch03[41]" rel="1" rev="1" score="1" target="time" unit="duration"/>
    <level _seq="42" _title="Sasquatch III # 42" _xpath="./sasquatch03_1" author="David W. Skinner" ctrl="force" easy="false" id="sasquatch03[42]" rel="1" rev="1" score="1" target="time" unit="duration"/>
    <level _seq="43" _title="Sasquatch III # 43" _xpath="./sasquatch03_1" author="David W. Skinner" ctrl="force" easy="false" id="sasquatch03[43]" rel="1" rev="1" score="1" target="time" unit="duration"/>
    <level _seq="44" _title="Sasquatch III # 44" _xpath="./sasquatch03_1" author="David W. Skinner" ctrl="force" easy="false" id="sasquatch03[44]" rel="1" rev="1" score="1" target="time" unit="duration"/>
    <level _seq="45" _title="Sasquatch III # 45" _xpath="./sasquatch03_1" author="David W. Skinner" ctrl="force" easy="false" id="sasquatch03[45]" rel="1" rev="1" score="1" target="time" unit="duration"/>
    <level _seq="46" _title="Sasquatch III # 46" _xpath="./sasquatch03_1" author="David W. Skinner" ctrl="force" easy="false" id="sasquatch03[46]" rel="1" rev="1" score="1" target="time" unit="duration"/>
    <level _seq="47" _title="Sasquatch III # 47" _xpath="./sasquatch03_1" author="David W. Skinner" ctrl="force" easy="false" id="sasquatch03[47]" rel="1" rev="1" score="1" target="time" unit="duration"/>
    <level _seq="48" _title="Sasquatch III # 48" _xpath="./sasquatch03_1" author="David W. Skinner" ctrl="force" easy="false" id="sasquatch03[48]" rel="1" rev="1" score="1" target="time" unit="duration"/>
    <level _seq="49" _title="Sasquatch III # 49" _xpath="./sasquatch03_1" author="David W. Skinner" ctrl="force" easy="false" id="sasquatch03[49]" rel="1" rev="1" score="1" target="time" unit="duration"/>
    <level _seq="50" _title="Sasquatch III # 50" _xpath="./sasquatch03_1" author="David W. Skinner" ctrl="force" easy="false" id="sasquatch03[50]" rel="1" rev="1" score="1" target="time" unit="duration"/>
  </levels>

</index>
