<?xml version="1.0" encoding="UTF-8" standalone="no" ?>
<index xmlns:xsi="http://www.w3.org/2001/XMLSchema-instance" xsi:noNamespaceSchemaLocation="index.xsd">

  <info enigma="1.10" group="Sokoball" location="12400" network="false" owner="Enigma Team" release="1" revision="1" title="Sasquatch IX"/>

  <attributes/>

  <levels>
    <level _seq="1" _title="Sasquatch IX # 1" _xpath="./sasquatch09_1" author="David W. Skinner" ctrl="force" easy="false" id="sasquatch09[1]" rel="1" rev="1" score="1" target="time" unit="duration"/>
    <level _seq="2" _title="Sasquatch IX # 2" _xpath="./sasquatch09_1" author="David W. Skinner" ctrl="force" easy="false" id="sasquatch09[2]" rel="1" rev="1" score="1" target="time" unit="duration"/>
    <level _seq="3" _title="Sasquatch IX # 3" _xpath="./sasquatch09_1" author="David W. Skinner" ctrl="force" easy="false" id="sasquatch09[3]" rel="1" rev="1" score="1" target="time" unit="duration"/>
    <level _seq="4" _title="Sasquatch IX # 4" _xpath="./sasquatch09_1" author="David W. Skinner" ctrl="force" easy="false" id="sasquatch09[4]" rel="1" rev="1" score="1" target="time" unit="duration"/>
    <level _seq="5" _title="Sasquatch IX # 5" _xpath="./sasquatch09_1" author="David W. Skinner" ctrl="force" easy="false" id="sasquatch09[5]" rel="1" rev="1" score="1" target="time" unit="duration"/>
    <level _seq="6" _title="Sasquatch IX # 6" _xpath="./sasquatch09_1" author="David W. Skinner" ctrl="force" easy="false" id="sasquatch09[6]" rel="1" rev="1" score="1" target="time" unit="duration"/>
    <level _seq="7" _title="Sasquatch IX # 7" _xpath="./sasquatch09_1" author="David W. Skinner" ctrl="force" easy="false" id="sasquatch09[7]" rel="1" rev="1" score="1" target="time" unit="duration"/>
    <level _seq="8" _title="Sasquatch IX # 8" _xpath="./sasquatch09_1" author="David W. Skinner" ctrl="force" easy="false" id="sasquatch09[8]" rel="1" rev="1" score="1" target="time" unit="duration"/>
    <level _seq="9" _title="Sasquatch IX # 9" _xpath="./sasquatch09_1" author="David W. Skinner" ctrl="force" easy="false" id="sasquatch09[9]" rel="1" rev="1" score="1" target="time" unit="duration"/>
    <level _seq="10" _title="Sasquatch IX # 10" _xpath="./sasquatch09_1" author="David W. Skinner" ctrl="force" easy="false" id="sasquatch09[10]" rel="1" rev="1" score="1" target="time" unit="duration"/>
    <level _seq="11" _title="Sasquatch IX # 11" _xpath="./sasquatch09_1" author="David W. Skinner" ctrl="force" easy="false" id="sasquatch09[11]" rel="1" rev="1" score="1" target="time" unit="duration"/>
    <level _seq="12" _title="Sasquatch IX # 12" _xpath="./sasquatch09_1" author="David W. Skinner" ctrl="force" easy="false" id="sasquatch09[12]" rel="1" rev="1" score="1" target="time" unit="duration"/>
    <level _seq="13" _title="Sasquatch IX # 13" _xpath="./sasquatch09_1" author="David W. Skinner" ctrl="force" easy="false" id="sasquatch09[13]" rel="1" rev="1" score="1" target="time" unit="duration"/>
    <level _seq="14" _title="Sasquatch IX # 14" _xpath="./sasquatch09_1" author="David W. Skinner" ctrl="force" easy="false" id="sasquatch09[14]" rel="1" rev="1" score="1" target="time" unit="duration"/>
    <level _seq="15" _title="Sasquatch IX # 15" _xpath="./sasquatch09_1" author="David W. Skinner" ctrl="force" easy="false" id="sasquatch09[15]" rel="1" rev="1" score="1" target="time" unit="duration"/>
    <level _seq="16" _title="Sasquatch IX # 16" _xpath="./sasquatch09_1" author="David W. Skinner" ctrl="force" easy="false" id="sasquatch09[16]" rel="1" rev="1" score="1" target="time" unit="duration"/>
    <level _seq="17" _title="Sasquatch IX # 17" _xpath="./sasquatch09_1" author="David W. Skinner" ctrl="force" easy="false" id="sasquatch09[17]" rel="1" rev="1" score="1" target="time" unit="duration"/>
    <level _seq="18" _title="Sasquatch IX # 18" _xpath="./sasquatch09_1" author="David W. Skinner" ctrl="force" easy="false" id="sasquatch09[18]" rel="1" rev="1" score="1" target="time" unit="duration"/>
    <level _seq="19" _title="Sasquatch IX # 19" _xpath="./sasquatch09_1" author="David W. Skinner" ctrl="force" easy="false" id="sasquatch09[19]" rel="1" rev="1" score="1" target="time" unit="duration"/>
    <level _seq="20" _title="Sasquatch IX # 20" _xpath="./sasquatch09_1" author="David W. Skinner" ctrl="force" easy="false" id="sasquatch09[20]" rel="1" rev="1" score="1" target="time" unit="duration"/>
    <level _seq="21" _title="Sasquatch IX # 21" _xpath="./sasquatch09_1" author="David W. Skinner" ctrl="force" easy="false" id="sasquatch09[21]" rel="1" rev="1" score="1" target="time" unit="duration"/>
    <level _seq="22" _title="Sasquatch IX # 22" _xpath="./sasquatch09_1" author="David W. Skinner" ctrl="force" easy="false" id="sasquatch09[22]" rel="1" rev="1" score="1" target="time" unit="duration"/>
    <level _seq="23" _title="Sasquatch IX # 23" _xpath="./sasquatch09_1" author="David W. Skinner" ctrl="force" easy="false" id="sasquatch09[23]" rel="1" rev="1" score="1" target="time" unit="duration"/>
    <level _seq="24" _title="Sasquatch IX # 24" _xpath="./sasquatch09_1" author="David W. Skinner" ctrl="force" easy="false" id="sasquatch09[24]" rel="1" rev="1" score="1" target="time" unit="duration"/>
    <level _seq="25" _title="Sasquatch IX # 25" _xpath="./sasquatch09_1" author="David W. Skinner" ctrl="force" easy="false" id="sasquatch09[25]" rel="1" rev="1" score="1" target="time" unit="duration"/>
    <level _seq="26" _title="Sasquatch IX # 26" _xpath="./sasquatch09_1" author="David W. Skinner" ctrl="force" easy="false" id="sasquatch09[26]" rel="1" rev="1" score="1" target="time" unit="duration"/>
    <level _seq="27" _title="Sasquatch IX # 27" _xpath="./sasquatch09_1" author="David W. Skinner" ctrl="force" easy="false" id="sasquatch09[27]" rel="1" rev="1" score="1" target="time" unit="duration"/>
    <level _seq="28" _title="Sasquatch IX # 28" _xpath="./sasquatch09_1" author="David W. Skinner" ctrl="force" easy="false" id="sasquatch09[28]" rel="1" rev="1" score="1" target="time" unit="duration"/>
    <level _seq="29" _title="Sasquatch IX # 29" _xpath="./sasquatch09_1" author="David W. Skinner" ctrl="force" easy="false" id="sasquatch09[29]" rel="1" rev="1" score="1" target="time" unit="duration"/>
    <level _seq="30" _title="Sasquatch IX # 30" _xpath="./sasquatch09_1" author="David W. Skinner" ctrl="force" easy="false" id="sasquatch09[30]" rel="1" rev="1" score="1" target="time" unit="duration"/>
    <level _seq="31" _title="Sasquatch IX # 31" _xpath="./sasquatch09_1" author="David W. Skinner" ctrl="force" easy="false" id="sasquatch09[31]" rel="1" rev="1" score="1" target="time" unit="duration"/>
    <level _seq="32" _title="Sasquatch IX # 32" _xpath="./sasquatch09_1" author="David W. Skinner" ctrl="force" easy="false" id="sasquatch09[32]" rel="1" rev="1" score="1" target="time" unit="duration"/>
    <level _seq="33" _title="Sasquatch IX # 33" _xpath="./sasquatch09_1" author="David W. Skinner" ctrl="force" easy="false" id="sasquatch09[33]" rel="1" rev="1" score="1" target="time" unit="duration"/>
    <level _seq="34" _title="Sasquatch IX # 34" _xpath="./sasquatch09_1" author="David W. Skinner" ctrl="force" easy="false" id="sasquatch09[34]" rel="1" rev="1" score="1" target="time" unit="duration"/>
    <level _seq="35" _title="Sasquatch IX # 35" _xpath="./sasquatch09_1" author="David W. Skinner" ctrl="force" easy="false" id="sasquatch09[35]" rel="1" rev="1" score="1" target="time" unit="duration"/>
    <level _seq="36" _title="Sasquatch IX # 36" _xpath="./sasquatch09_1" author="David W. Skinner" ctrl="force" easy="false" id="sasquatch09[36]" rel="1" rev="1" score="1" target="time" unit="duration"/>
    <level _seq="37" _title="Sasquatch IX # 37" _xpath="./sasquatch09_1" author="David W. Skinner" ctrl="force" easy="false" id="sasquatch09[37]" rel="1" rev="1" score="1" target="time" unit="duration"/>
    <level _seq="38" _title="Sasquatch IX # 38" _xpath="./sasquatch09_1" author="David W. Skinner" ctrl="force" easy="false" id="sasquatch09[38]" rel="1" rev="1" score="1" target="time" unit="duration"/>
    <level _seq="39" _title="Sasquatch IX # 39" _xpath="./sasquatch09_1" author="David W. Skinner" ctrl="force" easy="false" id="sasquatch09[39]" rel="1" rev="1" score="1" target="time" unit="duration"/>
    <level _seq="40" _title="Sasquatch IX # 40" _xpath="./sasquatch09_1" author="David W. Skinner" ctrl="force" easy="false" id="sasquatch09[40]" rel="1" rev="1" score="1" target="time" unit="duration"/>
    <level _seq="41" _title="Sasquatch IX # 41" _xpath="./sasquatch09_1" author="David W. Skinner" ctrl="force" easy="false" id="sasquatch09[41]" rel="1" rev="1" score="1" target="time" unit="duration"/>
    <level _seq="42" _title="Sasquatch IX # 42" _xpath="./sasquatch09_1" author="David W. Skinner" ctrl="force" easy="false" id="sasquatch09[42]" rel="1" rev="1" score="1" target="time" unit="duration"/>
    <level _seq="43" _title="Sasquatch IX # 43" _xpath="./sasquatch09_1" author="David W. Skinner" ctrl="force" easy="false" id="sasquatch09[43]" rel="1" rev="1" score="1" target="time" unit="duration"/>
    <level _seq="44" _title="Sasquatch IX # 44" _xpath="./sasquatch09_1" author="David W. Skinner" ctrl="force" easy="false" id="sasquatch09[44]" rel="1" rev="1" score="1" target="time" unit="duration"/>
    <level _seq="45" _title="Sasquatch IX # 45" _xpath="./sasquatch09_1" author="David W. Skinner" ctrl="force" easy="false" id="sasquatch09[45]" rel="1" rev="1" score="1" target="time" unit="duration"/>
    <level _seq="46" _title="Sasquatch IX # 46" _xpath="./sasquatch09_1" author="David W. Skinner" ctrl="force" easy="false" id="sasquatch09[46]" rel="1" rev="1" score="1" target="time" unit="duration"/>
    <level _seq="47" _title="Sasquatch IX # 47" _xpath="./sasquatch09_1" author="David W. Skinner" ctrl="force" easy="false" id="sasquatch09[47]" rel="1" rev="1" score="1" target="time" unit="duration"/>
    <level _seq="48" _title="Sasquatch IX # 48" _xpath="./sasquatch09_1" author="David W. Skinner" ctrl="force" easy="false" id="sasquatch09[48]" rel="1" rev="1" score="1" target="time" unit="duration"/>
    <level _seq="49" _title="Sasquatch IX # 49" _xpath="./sasquatch09_1" author="David W. Skinner" ctrl="force" easy="false" id="sasquatch09[49]" rel="1" rev="1" score="1" target="time" unit="duration"/>
    <level _seq="50" _title="Sasquatch IX # 50" _xpath="./sasquatch09_1" author="David W. Skinner" ctrl="force" easy="false" id="sasquatch09[50]" rel="1" rev="1" score="1" target="time" unit="duration"/>
  </levels>

</index>
