<?xml version="1.0" encoding="UTF-8" standalone="no" ?>
<index xmlns:xsi="http://www.w3.org/2001/XMLSchema-instance" xsi:noNamespaceSchemaLocation="index.xsd">

  <info enigma="1.10" group="Sokoball" location="12600" network="false" owner="Enigma Team" release="1" revision="1" title="Sasquatch XI"/>

  <attributes/>

  <levels>
    <level _seq="1" _title="Sasquatch XI # 1" _xpath="./sasquatch11_1" author="David W. Skinner" ctrl="force" easy="false" id="sasquatch11[1]" rel="1" rev="1" score="1" target="time" unit="duration"/>
    <level _seq="2" _title="Sasquatch XI # 2" _xpath="./sasquatch11_1" author="David W. Skinner" ctrl="force" easy="false" id="sasquatch11[2]" rel="1" rev="1" score="1" target="time" unit="duration"/>
    <level _seq="3" _title="Sasquatch XI # 3" _xpath="./sasquatch11_1" author="David W. Skinner" ctrl="force" easy="false" id="sasquatch11[3]" rel="1" rev="1" score="1" target="time" unit="duration"/>
    <level _seq="4" _title="Sasquatch XI # 4" _xpath="./sasquatch11_1" author="David W. Skinner" ctrl="force" easy="false" id="sasquatch11[4]" rel="1" rev="1" score="1" target="time" unit="duration"/>
    <level _seq="5" _title="Sasquatch XI # 5" _xpath="./sasquatch11_1" author="David W. Skinner" ctrl="force" easy="false" id="sasquatch11[5]" rel="1" rev="1" score="1" target="time" unit="duration"/>
    <level _seq="6" _title="Sasquatch XI # 6" _xpath="./sasquatch11_1" author="David W. Skinner" ctrl="force" easy="false" id="sasquatch11[6]" rel="1" rev="1" score="1" target="time" unit="duration"/>
    <level _seq="7" _title="Sasquatch XI # 7" _xpath="./sasquatch11_1" author="David W. Skinner" ctrl="force" easy="false" id="sasquatch11[7]" rel="1" rev="1" score="1" target="time" unit="duration"/>
    <level _seq="8" _title="Sasquatch XI # 8" _xpath="./sasquatch11_1" author="David W. Skinner" ctrl="force" easy="false" id="sasquatch11[8]" rel="1" rev="1" score="1" target="time" unit="duration"/>
    <level _seq="9" _title="Sasquatch XI # 9" _xpath="./sasquatch11_1" author="David W. Skinner" ctrl="force" easy="false" id="sasquatch11[9]" rel="1" rev="1" score="1" target="time" unit="duration"/>
    <level _seq="10" _title="Sasquatch XI # 10" _xpath="./sasquatch11_1" author="David W. Skinner" ctrl="force" easy="false" id="sasquatch11[10]" rel="1" rev="1" score="1" target="time" unit="duration"/>
    <level _seq="11" _title="Sasquatch XI # 11" _xpath="./sasquatch11_1" author="David W. Skinner" ctrl="force" easy="false" id="sasquatch11[11]" rel="1" rev="1" score="1" target="time" unit="duration"/>
    <level _seq="12" _title="Sasquatch XI # 12" _xpath="./sasquatch11_1" author="David W. Skinner" ctrl="force" easy="false" id="sasquatch11[12]" rel="1" rev="1" score="1" target="time" unit="duration"/>
    <level _seq="13" _title="Sasquatch XI # 13" _xpath="./sasquatch11_1" author="David W. Skinner" ctrl="force" easy="false" id="sasquatch11[13]" rel="1" rev="1" score="1" target="time" unit="duration"/>
    <level _seq="14" _title="Sasquatch XI # 14" _xpath="./sasquatch11_1" author="David W. Skinner" ctrl="force" easy="false" id="sasquatch11[14]" rel="1" rev="1" score="1" target="time" unit="duration"/>
    <level _seq="15" _title="Sasquatch XI # 15" _xpath="./sasquatch11_1" author="David W. Skinner" ctrl="force" easy="false" id="sasquatch11[15]" rel="1" rev="1" score="1" target="time" unit="duration"/>
    <level _seq="16" _title="Sasquatch XI # 16" _xpath="./sasquatch11_1" author="David W. Skinner" ctrl="force" easy="false" id="sasquatch11[16]" rel="1" rev="1" score="1" target="time" unit="duration"/>
    <level _seq="17" _title="Sasquatch XI # 17" _xpath="./sasquatch11_1" author="David W. Skinner" ctrl="force" easy="false" id="sasquatch11[17]" rel="1" rev="1" score="1" target="time" unit="duration"/>
    <level _seq="18" _title="Sasquatch XI # 18" _xpath="./sasquatch11_1" author="David W. Skinner" ctrl="force" easy="false" id="sasquatch11[18]" rel="1" rev="1" score="1" target="time" unit="duration"/>
    <level _seq="19" _title="Sasquatch XI # 19" _xpath="./sasquatch11_1" author="David W. Skinner" ctrl="force" easy="false" id="sasquatch11[19]" rel="1" rev="1" score="1" target="time" unit="duration"/>
    <level _seq="20" _title="Sasquatch XI # 20" _xpath="./sasquatch11_1" author="David W. Skinner" ctrl="force" easy="false" id="sasquatch11[20]" rel="1" rev="1" score="1" target="time" unit="duration"/>
    <level _seq="21" _title="Sasquatch XI # 21" _xpath="./sasquatch11_1" author="David W. Skinner" ctrl="force" easy="false" id="sasquatch11[21]" rel="1" rev="1" score="1" target="time" unit="duration"/>
    <level _seq="22" _title="Sasquatch XI # 22" _xpath="./sasquatch11_1" author="David W. Skinner" ctrl="force" easy="false" id="sasquatch11[22]" rel="1" rev="1" score="1" target="time" unit="duration"/>
    <level _seq="23" _title="Sasquatch XI # 23" _xpath="./sasquatch11_1" author="David W. Skinner" ctrl="force" easy="false" id="sasquatch11[23]" rel="1" rev="1" score="1" target="time" unit="duration"/>
    <level _seq="24" _title="Sasquatch XI # 24" _xpath="./sasquatch11_1" author="David W. Skinner" ctrl="force" easy="false" id="sasquatch11[24]" rel="1" rev="1" score="1" target="time" unit="duration"/>
    <level _seq="25" _title="Sasquatch XI # 25" _xpath="./sasquatch11_1" author="David W. Skinner" ctrl="force" easy="false" id="sasquatch11[25]" rel="1" rev="1" score="1" target="time" unit="duration"/>
    <level _seq="26" _title="Sasquatch XI # 26" _xpath="./sasquatch11_1" author="David W. Skinner" ctrl="force" easy="false" id="sasquatch11[26]" rel="1" rev="1" score="1" target="time" unit="duration"/>
    <level _seq="27" _title="Sasquatch XI # 27" _xpath="./sasquatch11_1" author="David W. Skinner" ctrl="force" easy="false" id="sasquatch11[27]" rel="1" rev="1" score="1" target="time" unit="duration"/>
    <level _seq="28" _title="Sasquatch XI # 28" _xpath="./sasquatch11_1" author="David W. Skinner" ctrl="force" easy="false" id="sasquatch11[28]" rel="1" rev="1" score="1" target="time" unit="duration"/>
    <level _seq="29" _title="Sasquatch XI # 29" _xpath="./sasquatch11_1" author="David W. Skinner" ctrl="force" easy="false" id="sasquatch11[29]" rel="1" rev="1" score="1" target="time" unit="duration"/>
    <level _seq="30" _title="Sasquatch XI # 30" _xpath="./sasquatch11_1" author="David W. Skinner" ctrl="force" easy="false" id="sasquatch11[30]" rel="1" rev="1" score="1" target="time" unit="duration"/>
    <level _seq="31" _title="Sasquatch XI # 31" _xpath="./sasquatch11_1" author="David W. Skinner" ctrl="force" easy="false" id="sasquatch11[31]" rel="1" rev="1" score="1" target="time" unit="duration"/>
    <level _seq="32" _title="Sasquatch XI # 32" _xpath="./sasquatch11_1" author="David W. Skinner" ctrl="force" easy="false" id="sasquatch11[32]" rel="1" rev="1" score="1" target="time" unit="duration"/>
    <level _seq="33" _title="Sasquatch XI # 33" _xpath="./sasquatch11_1" author="David W. Skinner" ctrl="force" easy="false" id="sasquatch11[33]" rel="1" rev="1" score="1" target="time" unit="duration"/>
    <level _seq="34" _title="Sasquatch XI # 34" _xpath="./sasquatch11_1" author="David W. Skinner" ctrl="force" easy="false" id="sasquatch11[34]" rel="1" rev="1" score="1" target="time" unit="duration"/>
    <level _seq="35" _title="Sasquatch XI # 35" _xpath="./sasquatch11_1" author="David W. Skinner" ctrl="force" easy="false" id="sasquatch11[35]" rel="1" rev="1" score="1" target="time" unit="duration"/>
    <level _seq="36" _title="Sasquatch XI # 36" _xpath="./sasquatch11_1" author="David W. Skinner" ctrl="force" easy="false" id="sasquatch11[36]" rel="1" rev="1" score="1" target="time" unit="duration"/>
    <level _seq="37" _title="Sasquatch XI # 37" _xpath="./sasquatch11_1" author="David W. Skinner" ctrl="force" easy="false" id="sasquatch11[37]" rel="1" rev="1" score="1" target="time" unit="duration"/>
    <level _seq="38" _title="Sasquatch XI # 38" _xpath="./sasquatch11_1" author="David W. Skinner" ctrl="force" easy="false" id="sasquatch11[38]" rel="1" rev="1" score="1" target="time" unit="duration"/>
    <level _seq="39" _title="Sasquatch XI # 39" _xpath="./sasquatch11_1" author="David W. Skinner" ctrl="force" easy="false" id="sasquatch11[39]" rel="1" rev="1" score="1" target="time" unit="duration"/>
    <level _seq="40" _title="Sasquatch XI # 40" _xpath="./sasquatch11_1" author="David W. Skinner" ctrl="force" easy="false" id="sasquatch11[40]" rel="1" rev="1" score="1" target="time" unit="duration"/>
    <level _seq="41" _title="Sasquatch XI # 41" _xpath="./sasquatch11_1" author="David W. Skinner" ctrl="force" easy="false" id="sasquatch11[41]" rel="1" rev="1" score="1" target="time" unit="duration"/>
    <level _seq="42" _title="Sasquatch XI # 42" _xpath="./sasquatch11_1" author="David W. Skinner" ctrl="force" easy="false" id="sasquatch11[42]" rel="1" rev="1" score="1" target="time" unit="duration"/>
    <level _seq="43" _title="Sasquatch XI # 43" _xpath="./sasquatch11_1" author="David W. Skinner" ctrl="force" easy="false" id="sasquatch11[43]" rel="1" rev="1" score="1" target="time" unit="duration"/>
    <level _seq="44" _title="Sasquatch XI # 44" _xpath="./sasquatch11_1" author="David W. Skinner" ctrl="force" easy="false" id="sasquatch11[44]" rel="1" rev="1" score="1" target="time" unit="duration"/>
    <level _seq="45" _title="Sasquatch XI # 45" _xpath="./sasquatch11_1" author="David W. Skinner" ctrl="force" easy="false" id="sasquatch11[45]" rel="1" rev="1" score="1" target="time" unit="duration"/>
    <level _seq="46" _title="Sasquatch XI # 46" _xpath="./sasquatch11_1" author="David W. Skinner" ctrl="force" easy="false" id="sasquatch11[46]" rel="1" rev="1" score="1" target="time" unit="duration"/>
    <level _seq="47" _title="Sasquatch XI # 47" _xpath="./sasquatch11_1" author="David W. Skinner" ctrl="force" easy="false" id="sasquatch11[47]" rel="1" rev="1" score="1" target="time" unit="duration"/>
    <level _seq="48" _title="Sasquatch XI # 48" _xpath="./sasquatch11_1" author="David W. Skinner" ctrl="force" easy="false" id="sasquatch11[48]" rel="1" rev="1" score="1" target="time" unit="duration"/>
    <level _seq="49" _title="Sasquatch XI # 49" _xpath="./sasquatch11_1" author="David W. Skinner" ctrl="force" easy="false" id="sasquatch11[49]" rel="1" rev="1" score="1" target="time" unit="duration"/>
    <level _seq="50" _title="Sasquatch XI # 50" _xpath="./sasquatch11_1" author="David W. Skinner" ctrl="force" easy="false" id="sasquatch11[50]" rel="1" rev="1" score="1" target="time" unit="duration"/>
  </levels>

</index>
