<?xml version="1.0" encoding="UTF-8" standalone="no" ?>
<index xmlns:xsi="http://www.w3.org/2001/XMLSchema-instance" xsi:noNamespaceSchemaLocation="index.xsd">

  <info enigma="1.10" group="Sokoball" location="12100" network="false" owner="Enigma Team" release="1" revision="1" title="Sasquatch VI"/>

  <attributes/>

  <levels>
    <level _seq="1" _title="Sasquatch VI # 1" _xpath="./sasquatch06_1" author="David W. Skinner" ctrl="force" easy="false" id="sasquatch06[1]" rel="1" rev="1" score="1" target="time" unit="duration"/>
    <level _seq="2" _title="Sasquatch VI # 2" _xpath="./sasquatch06_1" author="David W. Skinner" ctrl="force" easy="false" id="sasquatch06[2]" rel="1" rev="1" score="1" target="time" unit="duration"/>
    <level _seq="3" _title="Sasquatch VI # 3" _xpath="./sasquatch06_1" author="David W. Skinner" ctrl="force" easy="false" id="sasquatch06[3]" rel="1" rev="1" score="1" target="time" unit="duration"/>
    <level _seq="4" _title="Sasquatch VI # 4" _xpath="./sasquatch06_1" author="David W. Skinner" ctrl="force" easy="false" id="sasquatch06[4]" rel="1" rev="1" score="1" target="time" unit="duration"/>
    <level _seq="5" _title="Sasquatch VI # 5" _xpath="./sasquatch06_1" author="David W. Skinner" ctrl="force" easy="false" id="sasquatch06[5]" rel="1" rev="1" score="1" target="time" unit="duration"/>
    <level _seq="6" _title="Sasquatch VI # 6" _xpath="./sasquatch06_1" author="David W. Skinner" ctrl="force" easy="false" id="sasquatch06[6]" rel="1" rev="1" score="1" target="time" unit="duration"/>
    <level _seq="7" _title="Sasquatch VI # 7" _xpath="./sasquatch06_1" author="David W. Skinner" ctrl="force" easy="false" id="sasquatch06[7]" rel="1" rev="1" score="1" target="time" unit="duration"/>
    <level _seq="8" _title="Sasquatch VI # 8" _xpath="./sasquatch06_1" author="David W. Skinner" ctrl="force" easy="false" id="sasquatch06[8]" rel="1" rev="1" score="1" target="time" unit="duration"/>
    <level _seq="9" _title="Sasquatch VI # 9" _xpath="./sasquatch06_1" author="David W. Skinner" ctrl="force" easy="false" id="sasquatch06[9]" rel="1" rev="1" score="1" target="time" unit="duration"/>
    <level _seq="10" _title="Sasquatch VI # 10" _xpath="./sasquatch06_1" author="David W. Skinner" ctrl="force" easy="false" id="sasquatch06[10]" rel="1" rev="1" score="1" target="time" unit="duration"/>
    <level _seq="11" _title="Sasquatch VI # 11" _xpath="./sasquatch06_1" author="David W. Skinner" ctrl="force" easy="false" id="sasquatch06[11]" rel="1" rev="1" score="1" target="time" unit="duration"/>
    <level _seq="12" _title="Sasquatch VI # 12" _xpath="./sasquatch06_1" author="David W. Skinner" ctrl="force" easy="false" id="sasquatch06[12]" rel="1" rev="1" score="1" target="time" unit="duration"/>
    <level _seq="13" _title="Sasquatch VI # 13" _xpath="./sasquatch06_1" author="David W. Skinner" ctrl="force" easy="false" id="sasquatch06[13]" rel="1" rev="1" score="1" target="time" unit="duration"/>
    <level _seq="14" _title="Sasquatch VI # 14" _xpath="./sasquatch06_1" author="David W. Skinner" ctrl="force" easy="false" id="sasquatch06[14]" rel="1" rev="1" score="1" target="time" unit="duration"/>
    <level _seq="15" _title="Sasquatch VI # 15" _xpath="./sasquatch06_1" author="David W. Skinner" ctrl="force" easy="false" id="sasquatch06[15]" rel="1" rev="1" score="1" target="time" unit="duration"/>
    <level _seq="16" _title="Sasquatch VI # 16" _xpath="./sasquatch06_1" author="David W. Skinner" ctrl="force" easy="false" id="sasquatch06[16]" rel="1" rev="1" score="1" target="time" unit="duration"/>
    <level _seq="17" _title="Sasquatch VI # 17" _xpath="./sasquatch06_1" author="David W. Skinner" ctrl="force" easy="false" id="sasquatch06[17]" rel="1" rev="1" score="1" target="time" unit="duration"/>
    <level _seq="18" _title="Sasquatch VI # 18" _xpath="./sasquatch06_1" author="David W. Skinner" ctrl="force" easy="false" id="sasquatch06[18]" rel="1" rev="1" score="1" target="time" unit="duration"/>
    <level _seq="19" _title="Sasquatch VI # 19" _xpath="./sasquatch06_1" author="David W. Skinner" ctrl="force" easy="false" id="sasquatch06[19]" rel="1" rev="1" score="1" target="time" unit="duration"/>
    <level _seq="20" _title="Sasquatch VI # 20" _xpath="./sasquatch06_1" author="David W. Skinner" ctrl="force" easy="false" id="sasquatch06[20]" rel="1" rev="1" score="1" target="time" unit="duration"/>
    <level _seq="21" _title="Sasquatch VI # 21" _xpath="./sasquatch06_1" author="David W. Skinner" ctrl="force" easy="false" id="sasquatch06[21]" rel="1" rev="1" score="1" target="time" unit="duration"/>
    <level _seq="22" _title="Sasquatch VI # 22" _xpath="./sasquatch06_1" author="David W. Skinner" ctrl="force" easy="false" id="sasquatch06[22]" rel="1" rev="1" score="1" target="time" unit="duration"/>
    <level _seq="23" _title="Sasquatch VI # 23" _xpath="./sasquatch06_1" author="David W. Skinner" ctrl="force" easy="false" id="sasquatch06[23]" rel="1" rev="1" score="1" target="time" unit="duration"/>
    <level _seq="24" _title="Sasquatch VI # 24" _xpath="./sasquatch06_1" author="David W. Skinner" ctrl="force" easy="false" id="sasquatch06[24]" rel="1" rev="1" score="1" target="time" unit="duration"/>
    <level _seq="25" _title="Sasquatch VI # 25" _xpath="./sasquatch06_1" author="David W. Skinner" ctrl="force" easy="false" id="sasquatch06[25]" rel="1" rev="1" score="1" target="time" unit="duration"/>
    <level _seq="26" _title="Sasquatch VI # 26" _xpath="./sasquatch06_1" author="David W. Skinner" ctrl="force" easy="false" id="sasquatch06[26]" rel="1" rev="1" score="1" target="time" unit="duration"/>
    <level _seq="27" _title="Sasquatch VI # 27" _xpath="./sasquatch06_1" author="David W. Skinner" ctrl="force" easy="false" id="sasquatch06[27]" rel="1" rev="1" score="1" target="time" unit="duration"/>
    <level _seq="28" _title="Sasquatch VI # 28" _xpath="./sasquatch06_1" author="David W. Skinner" ctrl="force" easy="false" id="sasquatch06[28]" rel="1" rev="1" score="1" target="time" unit="duration"/>
    <level _seq="29" _title="Sasquatch VI # 29" _xpath="./sasquatch06_1" author="David W. Skinner" ctrl="force" easy="false" id="sasquatch06[29]" rel="1" rev="1" score="1" target="time" unit="duration"/>
    <level _seq="30" _title="Sasquatch VI # 30" _xpath="./sasquatch06_1" author="David W. Skinner" ctrl="force" easy="false" id="sasquatch06[30]" rel="1" rev="1" score="1" target="time" unit="duration"/>
    <level _seq="31" _title="Sasquatch VI # 31" _xpath="./sasquatch06_1" author="David W. Skinner" ctrl="force" easy="false" id="sasquatch06[31]" rel="1" rev="1" score="1" target="time" unit="duration"/>
    <level _seq="32" _title="Sasquatch VI # 32" _xpath="./sasquatch06_1" author="David W. Skinner" ctrl="force" easy="false" id="sasquatch06[32]" rel="1" rev="1" score="1" target="time" unit="duration"/>
    <level _seq="33" _title="Sasquatch VI # 33" _xpath="./sasquatch06_1" author="David W. Skinner" ctrl="force" easy="false" id="sasquatch06[33]" rel="1" rev="1" score="1" target="time" unit="duration"/>
    <level _seq="34" _title="Sasquatch VI # 34" _xpath="./sasquatch06_1" author="David W. Skinner" ctrl="force" easy="false" id="sasquatch06[34]" rel="1" rev="1" score="1" target="time" unit="duration"/>
    <level _seq="35" _title="Sasquatch VI # 35" _xpath="./sasquatch06_1" author="David W. Skinner" ctrl="force" easy="false" id="sasquatch06[35]" rel="1" rev="1" score="1" target="time" unit="duration"/>
    <level _seq="36" _title="Sasquatch VI # 36" _xpath="./sasquatch06_1" author="David W. Skinner" ctrl="force" easy="false" id="sasquatch06[36]" rel="1" rev="1" score="1" target="time" unit="duration"/>
    <level _seq="37" _title="Sasquatch VI # 37" _xpath="./sasquatch06_1" author="David W. Skinner" ctrl="force" easy="false" id="sasquatch06[37]" rel="1" rev="1" score="1" target="time" unit="duration"/>
    <level _seq="38" _title="Sasquatch VI # 38" _xpath="./sasquatch06_1" author="David W. Skinner" ctrl="force" easy="false" id="sasquatch06[38]" rel="1" rev="1" score="1" target="time" unit="duration"/>
    <level _seq="39" _title="Sasquatch VI # 39" _xpath="./sasquatch06_1" author="David W. Skinner" ctrl="force" easy="false" id="sasquatch06[39]" rel="1" rev="1" score="1" target="time" unit="duration"/>
    <level _seq="40" _title="Sasquatch VI # 40" _xpath="./sasquatch06_1" author="David W. Skinner" ctrl="force" easy="false" id="sasquatch06[40]" rel="1" rev="1" score="1" target="time" unit="duration"/>
    <level _seq="41" _title="Sasquatch VI # 41" _xpath="./sasquatch06_1" author="David W. Skinner" ctrl="force" easy="false" id="sasquatch06[41]" rel="1" rev="1" score="1" target="time" unit="duration"/>
    <level _seq="42" _title="Sasquatch VI # 42" _xpath="./sasquatch06_1" author="David W. Skinner" ctrl="force" easy="false" id="sasquatch06[42]" rel="1" rev="1" score="1" target="time" unit="duration"/>
    <level _seq="43" _title="Sasquatch VI # 43" _xpath="./sasquatch06_1" author="David W. Skinner" ctrl="force" easy="false" id="sasquatch06[43]" rel="1" rev="1" score="1" target="time" unit="duration"/>
    <level _seq="44" _title="Sasquatch VI # 44" _xpath="./sasquatch06_1" author="David W. Skinner" ctrl="force" easy="false" id="sasquatch06[44]" rel="1" rev="1" score="1" target="time" unit="duration"/>
    <level _seq="45" _title="Sasquatch VI # 45" _xpath="./sasquatch06_1" author="David W. Skinner" ctrl="force" easy="false" id="sasquatch06[45]" rel="1" rev="1" score="1" target="time" unit="duration"/>
    <level _seq="46" _title="Sasquatch VI # 46" _xpath="./sasquatch06_1" author="David W. Skinner" ctrl="force" easy="false" id="sasquatch06[46]" rel="1" rev="1" score="1" target="time" unit="duration"/>
    <level _seq="47" _title="Sasquatch VI # 47" _xpath="./sasquatch06_1" author="David W. Skinner" ctrl="force" easy="false" id="sasquatch06[47]" rel="1" rev="1" score="1" target="time" unit="duration"/>
    <level _seq="48" _title="Sasquatch VI # 48" _xpath="./sasquatch06_1" author="David W. Skinner" ctrl="force" easy="false" id="sasquatch06[48]" rel="1" rev="1" score="1" target="time" unit="duration"/>
    <level _seq="49" _title="Sasquatch VI # 49" _xpath="./sasquatch06_1" author="David W. Skinner" ctrl="force" easy="false" id="sasquatch06[49]" rel="1" rev="1" score="1" target="time" unit="duration"/>
    <level _seq="50" _title="Sasquatch VI # 50" _xpath="./sasquatch06_1" author="David W. Skinner" ctrl="force" easy="false" id="sasquatch06[50]" rel="1" rev="1" score="1" target="time" unit="duration"/>
  </levels>

</index>
