<?xml version="1.0" encoding="UTF-8" standalone="no" ?>
<index xmlns:xsi="http://www.w3.org/2001/XMLSchema-instance" xsi:noNamespaceSchemaLocation="index.xsd">

  <info enigma="1.10" group="Sokoball" location="11600" network="false" owner="Enigma Team" release="1" revision="1" title="Sasquatch I"/>

  <attributes/>

  <levels>
    <level _seq="1" _title="Sasquatch I # 1" _xpath="./sasquatch01_1" author="David W. Skinner" ctrl="force" easy="false" id="sasquatch01[1]" rel="1" rev="1" score="1" target="time" unit="duration"/>
    <level _seq="2" _title="Sasquatch I # 2" _xpath="./sasquatch01_1" author="David W. Skinner" ctrl="force" easy="false" id="sasquatch01[2]" rel="1" rev="1" score="1" target="time" unit="duration"/>
    <level _seq="3" _title="Sasquatch I # 3" _xpath="./sasquatch01_1" author="David W. Skinner" ctrl="force" easy="false" id="sasquatch01[3]" rel="1" rev="1" score="1" target="time" unit="duration"/>
    <level _seq="4" _title="Sasquatch I # 4" _xpath="./sasquatch01_1" author="David W. Skinner" ctrl="force" easy="false" id="sasquatch01[4]" rel="1" rev="1" score="1" target="time" unit="duration"/>
    <level _seq="5" _title="Sasquatch I # 5" _xpath="./sasquatch01_1" author="David W. Skinner" ctrl="force" easy="false" id="sasquatch01[5]" rel="1" rev="1" score="1" target="time" unit="duration"/>
    <level _seq="6" _title="Sasquatch I # 6" _xpath="./sasquatch01_1" author="David W. Skinner" ctrl="force" easy="false" id="sasquatch01[6]" rel="1" rev="1" score="1" target="time" unit="duration"/>
    <level _seq="7" _title="Sasquatch I # 7" _xpath="./sasquatch01_1" author="David W. Skinner" ctrl="force" easy="false" id="sasquatch01[7]" rel="1" rev="1" score="1" target="time" unit="duration"/>
    <level _seq="8" _title="Sasquatch I # 8" _xpath="./sasquatch01_1" author="David W. Skinner" ctrl="force" easy="false" id="sasquatch01[8]" rel="1" rev="1" score="1" target="time" unit="duration"/>
    <level _seq="9" _title="Sasquatch I # 9" _xpath="./sasquatch01_1" author="David W. Skinner" ctrl="force" easy="false" id="sasquatch01[9]" rel="1" rev="1" score="1" target="time" unit="duration"/>
    <level _seq="10" _title="Sasquatch I # 10" _xpath="./sasquatch01_1" author="David W. Skinner" ctrl="force" easy="false" id="sasquatch01[10]" rel="1" rev="1" score="1" target="time" unit="duration"/>
    <level _seq="11" _title="Sasquatch I # 11" _xpath="./sasquatch01_1" author="David W. Skinner" ctrl="force" easy="false" id="sasquatch01[11]" rel="1" rev="1" score="1" target="time" unit="duration"/>
    <level _seq="12" _title="Sasquatch I # 12" _xpath="./sasquatch01_1" author="David W. Skinner" ctrl="force" easy="false" id="sasquatch01[12]" rel="1" rev="1" score="1" target="time" unit="duration"/>
    <level _seq="13" _title="Sasquatch I # 13" _xpath="./sasquatch01_1" author="David W. Skinner" ctrl="force" easy="false" id="sasquatch01[13]" rel="1" rev="1" score="1" target="time" unit="duration"/>
    <level _seq="14" _title="Sasquatch I # 14" _xpath="./sasquatch01_1" author="David W. Skinner" ctrl="force" easy="false" id="sasquatch01[14]" rel="1" rev="1" score="1" target="time" unit="duration"/>
    <level _seq="15" _title="Sasquatch I # 15" _xpath="./sasquatch01_1" author="David W. Skinner" ctrl="force" easy="false" id="sasquatch01[15]" rel="1" rev="1" score="1" target="time" unit="duration"/>
    <level _seq="16" _title="Sasquatch I # 16" _xpath="./sasquatch01_1" author="David W. Skinner" ctrl="force" easy="false" id="sasquatch01[16]" rel="1" rev="1" score="1" target="time" unit="duration"/>
    <level _seq="17" _title="Sasquatch I # 17" _xpath="./sasquatch01_1" author="David W. Skinner" ctrl="force" easy="false" id="sasquatch01[17]" rel="1" rev="1" score="1" target="time" unit="duration"/>
    <level _seq="18" _title="Sasquatch I # 18" _xpath="./sasquatch01_1" author="David W. Skinner" ctrl="force" easy="false" id="sasquatch01[18]" rel="1" rev="1" score="1" target="time" unit="duration"/>
    <level _seq="19" _title="Sasquatch I # 19" _xpath="./sasquatch01_1" author="David W. Skinner" ctrl="force" easy="false" id="sasquatch01[19]" rel="1" rev="1" score="1" target="time" unit="duration"/>
    <level _seq="20" _title="Sasquatch I # 20" _xpath="./sasquatch01_1" author="David W. Skinner" ctrl="force" easy="false" id="sasquatch01[20]" rel="1" rev="1" score="1" target="time" unit="duration"/>
    <level _seq="21" _title="Sasquatch I # 21" _xpath="./sasquatch01_1" author="David W. Skinner" ctrl="force" easy="false" id="sasquatch01[21]" rel="1" rev="1" score="1" target="time" unit="duration"/>
    <level _seq="22" _title="Sasquatch I # 22" _xpath="./sasquatch01_1" author="David W. Skinner" ctrl="force" easy="false" id="sasquatch01[22]" rel="1" rev="1" score="1" target="time" unit="duration"/>
    <level _seq="23" _title="Sasquatch I # 23" _xpath="./sasquatch01_1" author="David W. Skinner" ctrl="force" easy="false" id="sasquatch01[23]" rel="1" rev="1" score="1" target="time" unit="duration"/>
    <level _seq="24" _title="Sasquatch I # 24" _xpath="./sasquatch01_1" author="David W. Skinner" ctrl="force" easy="false" id="sasquatch01[24]" rel="1" rev="1" score="1" target="time" unit="duration"/>
    <level _seq="25" _title="Sasquatch I # 25" _xpath="./sasquatch01_1" author="David W. Skinner" ctrl="force" easy="false" id="sasquatch01[25]" rel="1" rev="1" score="1" target="time" unit="duration"/>
    <level _seq="26" _title="Sasquatch I # 26" _xpath="./sasquatch01_1" author="David W. Skinner" ctrl="force" easy="false" id="sasquatch01[26]" rel="1" rev="1" score="1" target="time" unit="duration"/>
    <level _seq="27" _title="Sasquatch I # 27" _xpath="./sasquatch01_1" author="David W. Skinner" ctrl="force" easy="false" id="sasquatch01[27]" rel="1" rev="1" score="1" target="time" unit="duration"/>
    <level _seq="28" _title="Sasquatch I # 28" _xpath="./sasquatch01_1" author="David W. Skinner" ctrl="force" easy="false" id="sasquatch01[28]" rel="1" rev="1" score="1" target="time" unit="duration"/>
    <level _seq="29" _title="Sasquatch I # 29" _xpath="./sasquatch01_1" author="David W. Skinner" ctrl="force" easy="false" id="sasquatch01[29]" rel="1" rev="1" score="1" target="time" unit="duration"/>
    <level _seq="30" _title="Sasquatch I # 30" _xpath="./sasquatch01_1" author="David W. Skinner" ctrl="force" easy="false" id="sasquatch01[30]" rel="1" rev="1" score="1" target="time" unit="duration"/>
    <level _seq="31" _title="Sasquatch I # 31" _xpath="./sasquatch01_1" author="David W. Skinner" ctrl="force" easy="false" id="sasquatch01[31]" rel="1" rev="1" score="1" target="time" unit="duration"/>
    <level _seq="32" _title="Sasquatch I # 32" _xpath="./sasquatch01_1" author="David W. Skinner" ctrl="force" easy="false" id="sasquatch01[32]" rel="1" rev="1" score="1" target="time" unit="duration"/>
    <level _seq="33" _title="Sasquatch I # 33" _xpath="./sasquatch01_1" author="David W. Skinner" ctrl="force" easy="false" id="sasquatch01[33]" rel="1" rev="1" score="1" target="time" unit="duration"/>
    <level _seq="34" _title="Sasquatch I # 34" _xpath="./sasquatch01_1" author="David W. Skinner" ctrl="force" easy="false" id="sasquatch01[34]" rel="1" rev="1" score="1" target="time" unit="duration"/>
    <level _seq="35" _title="Sasquatch I # 35" _xpath="./sasquatch01_1" author="David W. Skinner" ctrl="force" easy="false" id="sasquatch01[35]" rel="1" rev="1" score="1" target="time" unit="duration"/>
    <level _seq="36" _title="Sasquatch I # 36" _xpath="./sasquatch01_1" author="David W. Skinner" ctrl="force" easy="false" id="sasquatch01[36]" rel="1" rev="1" score="1" target="time" unit="duration"/>
    <level _seq="37" _title="Sasquatch I # 37" _xpath="./sasquatch01_1" author="David W. Skinner" ctrl="force" easy="false" id="sasquatch01[37]" rel="1" rev="1" score="1" target="time" unit="duration"/>
    <level _seq="38" _title="Sasquatch I # 38" _xpath="./sasquatch01_1" author="David W. Skinner" ctrl="force" easy="false" id="sasquatch01[38]" rel="1" rev="1" score="1" target="time" unit="duration"/>
    <level _seq="39" _title="Sasquatch I # 39" _xpath="./sasquatch01_1" author="David W. Skinner" ctrl="force" easy="false" id="sasquatch01[39]" rel="1" rev="1" score="1" target="time" unit="duration"/>
    <level _seq="40" _title="Sasquatch I # 40" _xpath="./sasquatch01_1" author="David W. Skinner" ctrl="force" easy="false" id="sasquatch01[40]" rel="1" rev="1" score="1" target="time" unit="duration"/>
    <level _seq="41" _title="Sasquatch I # 41" _xpath="./sasquatch01_1" author="David W. Skinner" ctrl="force" easy="false" id="sasquatch01[41]" rel="1" rev="1" score="1" target="time" unit="duration"/>
    <level _seq="42" _title="Sasquatch I # 42" _xpath="./sasquatch01_1" author="David W. Skinner" ctrl="force" easy="false" id="sasquatch01[42]" rel="1" rev="1" score="1" target="time" unit="duration"/>
    <level _seq="43" _title="Sasquatch I # 43" _xpath="./sasquatch01_1" author="David W. Skinner" ctrl="force" easy="false" id="sasquatch01[43]" rel="1" rev="1" score="1" target="time" unit="duration"/>
    <level _seq="44" _title="Sasquatch I # 44" _xpath="./sasquatch01_1" author="David W. Skinner" ctrl="force" easy="false" id="sasquatch01[44]" rel="1" rev="1" score="1" target="time" unit="duration"/>
    <level _seq="45" _title="Sasquatch I # 45" _xpath="./sasquatch01_1" author="David W. Skinner" ctrl="force" easy="false" id="sasquatch01[45]" rel="1" rev="1" score="1" target="time" unit="duration"/>
    <level _seq="46" _title="Sasquatch I # 46" _xpath="./sasquatch01_1" author="David W. Skinner" ctrl="force" easy="false" id="sasquatch01[46]" rel="1" rev="1" score="1" target="time" unit="duration"/>
    <level _seq="47" _title="Sasquatch I # 47" _xpath="./sasquatch01_1" author="David W. Skinner" ctrl="force" easy="false" id="sasquatch01[47]" rel="1" rev="1" score="1" target="time" unit="duration"/>
    <level _seq="48" _title="Sasquatch I # 48" _xpath="./sasquatch01_1" author="David W. Skinner" ctrl="force" easy="false" id="sasquatch01[48]" rel="1" rev="1" score="1" target="time" unit="duration"/>
    <level _seq="49" _title="Sasquatch I # 49" _xpath="./sasquatch01_1" author="David W. Skinner" ctrl="force" easy="false" id="sasquatch01[49]" rel="1" rev="1" score="1" target="time" unit="duration"/>
    <level _seq="50" _title="Sasquatch I # 50" _xpath="./sasquatch01_1" author="David W. Skinner" ctrl="force" easy="false" id="sasquatch01[50]" rel="1" rev="1" score="1" target="time" unit="duration"/>
  </levels>

</index>
