<?xml version="1.0" encoding="UTF-8" standalone="no" ?>
<el:level xmlns:xsi="http://www.w3.org/2001/XMLSchema-instance" xsi:schemaLocation="http://enigma-game.org/schema/level/1 level.xsd" xmlns:el="http://enigma-game.org/schema/level/1">
  <el:protected>
    <el:info el:type="level">
      <el:identity el:title="Crabwise I" el:subtitle="" el:id="devnull34"/>
      <el:version el:score="2" el:release="2" el:revision="4" el:status="released"/>
      <el:author el:name="/dev/null" el:email="" el:homepage=""/>
      <el:copyright>Copyright © 2009 dev0</el:copyright>
      <el:license el:type="GPL v2.0 or above" el:open="true"/>
      <el:compatibility el:enigma="1.10"/>
      <el:modes el:easy="true" el:single="true" el:network="false"/>
      <el:comments>
        <el:credits el:showinfo="true" el:showstart="false">Thanks to daydreamer (CMoSCR)</el:credits>
      </el:comments>
      <el:score el:easy="3:00" el:difficult="5:00"/>
    </el:info>
    <el:luamain><![CDATA[
ti[" "] = {"fl_rock"}
ti["-"] = {"fl_water"}
ti["#"] = ti({"fl_abyss"}) .. {"st_redrock"}
ti["="] = ti["#"] .. {"it_death"}
ti["~"] = cond(wo["IsDifficult"], ti["-"], ti["#"])
ti["."] = cond(wo["IsDifficult"], ti["-"], ti[" "])
ti["R"] = {"st_box_rock"}
ti["S"] = {"st_granite_movable"}
ti["X"] = {"st_grate"}
ti["box"] = {"st_box_hay", name="box%%"}
ti["pull"] = {"st_pull", name="pull%%"}
ti["O"] = {"st_oxyd_a", static=true, oxydcolor=OXYD_RED}
ti["@"] = {"#ac_marble"}

wo(res.autotile(ti, {"1", "2", "box"}, {"3", "4", "pull"}), " ", {
    "####################",
    "#        -=- ~     #",
    "#        -=~   #   #",
    "# 3 @     -   ~# 1 #",
    "#        -=~   #   #",
    "#        -=- ~     #",
    "#=================X#",
    "# ~R   --=         #",
    "#      --=         #",
    "# 4  ~--R-    S  2 #",
    "#   .~---=         #",
    "O-  R~---=         #",
    "#O##################"})

wo:add({"ot_wire", anchor1="box%1", anchor2="pull%1"})
wo:add({"ot_wire", anchor1="box%2", anchor2="pull%2"})
 ]]></el:luamain>
    <el:i18n>
      <el:string el:key="title">
        <el:english el:translate="true"/>
        <el:translation el:lang="de">Hintenrum I</el:translation>
      </el:string>
    </el:i18n>
  </el:protected>
</el:level>
