<?xml version="1.0" encoding="UTF-8" standalone="no" ?>
<el:level xmlns:xsi="http://www.w3.org/2001/XMLSchema-instance" xsi:schemaLocation="http://enigma-game.org/schema/level/1 level.xsd" xmlns:el="http://enigma-game.org/schema/level/1">
  <el:protected>
    <el:info el:type="level">
      <el:identity el:title=" - Meditation - " el:subtitle="" el:id="devnull07"/>
      <el:version el:score="1" el:release="1" el:revision="9" el:status="released"/>
      <el:author el:name="/dev/null" el:email="" el:homepage=""/>
      <el:copyright>Copyright © 2008 dev0</el:copyright>
      <el:license el:type="GPL v2.0 or above" el:open="true"/>
      <el:compatibility el:enigma="1.10"/>
      <el:modes el:easy="true" el:single="true" el:network="false"/>
      <el:comments>
        <el:credits el:showinfo="true" el:showstart="false">Inspired by Jacob Scott's Nightmares. Thanks alot.</el:credits>
      </el:comments>
      <el:score el:easy="0:40" el:difficult="1:00"/>
    </el:info>
    <el:luamain><![CDATA[
ti[" "] = cond(wo["IsDifficult"], {"fl_blueslab", friction=-2.5}, {"fl_blueslab", friction=-1.0})
ti["."] = {"fl_redslab"}
ti[","] = {"fl_redslab", friction=1.0}
ti["#"] = {"st_purplegray"}
ti["o"] = ti[","] .. {"it_meditation_hollow"}
ti["@"] = {"#ac_pearl", owner=YIN, essential=INDISPENSABLE}

wo(ti, " ", {
    "####################",
    "#      #.   .#,   ,#",
    "# @    #  #  #  o  #",
    "#.####.#  #  #,   ,#",
    "#.    .#  #  ###  ##",
    "#.  # .#  #.    ,, #",
    "#.  # .., ##########",
    "#.  # .#  #.    ,, #",
    "#.    .#  #  ###  ##",
    "#.####.#  #  #,   ,#",
    "# @    #  #  #  o  #",
    "#      #.   .#,   ,#",
    "####################"})
 ]]></el:luamain>
    <el:i18n>
      <el:string el:key="title">
        <el:english el:translate="false"/>
      </el:string>
    </el:i18n>
  </el:protected>
</el:level>
