<?xml version="1.0" encoding="UTF-8" standalone="no" ?>
<el:level xmlns:xsi="http://www.w3.org/2001/XMLSchema-instance" xsi:schemaLocation="http://enigma-game.org/schema/level/1 level.xsd" xmlns:el="http://enigma-game.org/schema/level/1">
  <el:protected>
    <el:info el:type="level">
      <el:identity el:title="Afraid of water" el:subtitle="" el:id="devnull32"/>
      <el:version el:score="1" el:release="1" el:revision="3" el:status="released"/>
      <el:author  el:name="/dev/null" el:email="" el:homepage=""/>
      <el:copyright>Copyright © 2008 dev0</el:copyright>
      <el:license el:type="GPL v2.0 or above" el:open="true"/>
      <el:compatibility el:enigma="1.10"/>
      <el:modes el:easy="true" el:single="true" el:network="false"/>
      <el:score el:easy="1:30" el:difficult="0:45"/>
    </el:info>
    <el:luamain><![CDATA[
wo["ConserveLevel"] = false
wo["ProvideExtralifes"] = false

ti[" "] = {"fl_water"}
ti[","] = {"fl_wood"}
ti["+"] = {"it_crack_m", flavor = "water"}
ti["~"] = {"it_crack_l", flavor = "water"}
ti["."] = ti[","] .. ti["~"]
ti["b"] = {"st_box_wood_v"}
ti["B"] = ti["."] .. {"st_box_wood_h"}
ti["R"] = ti[","] .. ti["+"]
if wo["IsDifficult"] then
    ti[":"] = ti["."]
    ti["-"] = ti["~"]
    ti["E"] = ti["B"]
else
    ti[":"] = ti[","] .. ti["+"]
    ti["-"] = ti["+"]
    ti["E"] = ti[":"] .. {"st_box_wood_h"}
end
ti["O"] = {"st_oxyd_d"}
ti["@"] = ti["."] .. {"#ac_marble_black"}

width, height = wo(ti, " ", {
    "                    ",
    " O  ~B:  .~BR.~B-.. ",
    " R  . ..:.  :   b . ",
    " ~b:R   b   b ..:.. ",
    " ~  :.  -B~.- .     ",
    " B  b.  .   ..::... ",
    " :  -.  .   ~ b   . ",
    " .. B   .   ~bR.... ",
    "  ~b+...R::b~ .     ",
    "  . b   b   . .     ",
    "  :.~~B:~.  ~b:..   ",
    " O       ....   ..@ ",
    "                    "})
 ]]></el:luamain>
    <el:i18n>
      <el:string el:key="title">
        <el:english el:translate="false"/>
      </el:string>
    </el:i18n>
  </el:protected>
</el:level>
