<?xml version="1.0" encoding="UTF-8" standalone="no" ?>
<el:level xmlns:xsi="http://www.w3.org/2001/XMLSchema-instance" xsi:schemaLocation="http://enigma-game.org/schema/level/1 level.xsd" xmlns:el="http://enigma-game.org/schema/level/1">
  <el:protected>
    <el:info el:type="level">
      <el:identity el:title="The Fortress" el:subtitle="" el:id="joe9"/>
      <el:version el:score="1" el:release="2" el:revision="1" el:status="released"/>
      <el:author el:name="Joseph Dunne" el:email="josephdunne1993@hotmail.com" el:homepage=""/>
      <el:copyright>Copyright © 2006 Joseph Dunne</el:copyright>
      <el:license el:type="GPL v2.0 or above" el:open="true"/>
      <el:compatibility el:enigma="1.10"/>
      <el:modes el:easy="false" el:single="true" el:network="false"/>
      <el:comments><el:code>New API converted by /dev/null (November 2009)</el:code></el:comments>
      <el:score el:easy="-" el:difficult="1:00"/>
    </el:info>
    <el:luamain><![CDATA[
wo["FallenPuzzle"] = "= "

ti[" "] = {"fl_sahara"}
ti["."] = {"fl_abyss"}
ti["~"] = {"fl_water"}
ti["-"] = {"fl_lawn"}
ti["#"] = {"st_yellow"}
ti["="] = {"st_brick"}
ti["+"] = {"st_bluesand"}
ti["I"] = {"st_actorimpulse"}
ti["B"] = {"st_break_plain"}
ti["W"] = {"st_box"}
ti["h"] = {"it_hammer"}
ti["o"] = {"it_meditation"}
ti["P"] = {"st_puzzle", cluster = 1}
ti["Q"] = {"st_puzzle", cluster = 2}
ti["T"] = {"#ac_top"}
ti["@"] = {"#ac_pearl", essential = INDISPENSABLE}

wo(ti, " ", {
    ".............................................................................",
    ".............................................................................",
    "..++++++=======..............................................................",
    "..+@---+@=   @=..............................................................",
    "..++++-+ = ====..............................................................",
    "..=@         @=..............................................................",
    "..==== ==  ====..............................................................",
    ".....=  =  =.................................................................",
    ".....=    ==.................................................................",
    ".....==  ===.................................................................",
    "......= ==...................................................................",
    "....... .....................................................................",
    "......= =....................................................................",
    "..===== =====................................................................",
    "..=         ===..............................................................",
    "..= PP    =W  =..............................................................",
    "..= QP      ===..............................................................",
    "..= QQ      =................................................................",
    "..= Q       =................................................................",
    "..=         =................................................................",
    ".............................................................................",
    ".............................................................................",
    "......... ...................................................................",
    ".............................................................................",
    "......#   #..................................................................",
    ".....##   #..................................................................",
    "..####   W###................................................................",
    "..#    #    #................................................................",
    "..#  #W   ###................................................................",
    "..#  #    #..................................................................",
    "..#####I~I#..................................................................",
    "......#   #..................................................................",
    "......#  I#..................................................................",
    "......#   #..................................................................",
    "......# I #..................................................................",
    "......#   #..................................................................",
    "......#I I#..................................................................",
    "......#   #..................................................................",
    "......#   #..................................................................",
    "......#   #..................................................................",
    "....###   ###................................................................",
    "....#       #................................................................",
    "....#    #  #................................................................",
    "....#       #................................................................",
    "....#     T #................................................................",
    "....#   #   #................................................................",
    "....#       #................................................................",
    "....#T      #................................................................",
    "....###   ###................................................................",
    "......#   #..................................................................",
    "......#   #..................................................................",
    "......#   #...............................++++++++...........................",
    "......#PPP#...............................+     h+...........................",
    "......#~~~#...............................+      +...........................",
    "......#WWW#######################+#+#+#+#++      ++++++++++++++..............",
    "......#~~~W~ ###         #       +   +                    +  o+........###...",
    "......#   W~ ###         # # #     +         TT         + B oo+........#o#...",
    "......# PP~  ~~~           #  W  +   +       TT          W+  o+........# #...",
    "......####################### ##B+#+#+#+#++      +++++++  +++++........# #...",
    "...........................#   # #........++++++++.....++++............# #...",
    "...........................##### #.....................................# #...",
    ".............................#   #...################################### #...",
    "...................########### ###...#                                   #...",
    "...................#           #.....# ###################################...",
    "...................# ###########.....# #.....................................",
    "...################# #...............# #####################################.",
    "...#                 #...............#                                     #.",
    "...# #################...............##################################### #.",
    "...# #...................................................................# #.",
    "...# ##################################################################### #.",
    "...#                                                                       #.",
    "...#########################################################################.",
    "............................................................................."})
 ]]></el:luamain>
    <el:i18n>
      <el:string el:key="title">
        <el:english el:translate="false"/>
      </el:string>
    </el:i18n>
  </el:protected>
</el:level>
