<?xml version="1.0" encoding="UTF-8" standalone="no" ?>
<el:level xmlns:xsi="http://www.w3.org/2001/XMLSchema-instance" xsi:schemaLocation="http://enigma-game.org/schema/level/1 level.xsd" xmlns:el="http://enigma-game.org/schema/level/1">
  <el:protected>
    <el:info el:type="level">
      <el:identity el:title="Double Sense II" el:subtitle="" el:id="joe15"/>
      <el:version el:score="1" el:release="2" el:revision="3" el:status="released"/>
      <el:author  el:name="Joseph Dunne" el:email="josephdunne1993@hotmail.com" el:homepage=""/>
      <el:copyright>Copyright © 2006 Joseph Dunne</el:copyright>
      <el:license el:type="GPL v2.0 or above" el:open="true"/>
      <el:compatibility el:enigma="1.10"/>
      <el:modes el:easy="true" el:single="true" el:network="false"/>
      <el:comments><el:code>New API converted by /dev/null (January 2010)</el:code></el:comments>
      <el:score el:easy="0:25" el:difficult="0:35"/>
    </el:info>
    <el:luamain><![CDATA[
wo["ProvideExtralifes"] = false

ti[" "] = {"fl_metal_7"}
ti["~"] = {"fl_water"}
ti[":"] = {"fl_space"}
ti["!"] = {"fl_abyss"}
ti["8"] = {"fl_slope_ps"}
ti["9"] = {"fl_slope_osw"}
ti["6"] = {"fl_slope_pw"}
ti["3"] = {"fl_slope_onw"}
ti["2"] = {"fl_slope_pn"}
ti["1"] = {"fl_slope_one"}
ti["4"] = {"fl_slope_pe"}
ti["7"] = {"fl_slope_ose"}
ti["#"] = {"st_metal"}
ti["+"] = {"st_box"}
ti["B"] = {"st_blocker"}
ti["v"] = {"st_boulder", orientation = SOUTH}
ti["V"] = ti["~"] .. ti["v"]
ti["*"] = ti[":"] .. ti["v"]
ti["b"] = {"it_blocker"}
ti["o"] = {"it_meditation"}
ti["@"] = {"#ac_pearl", essential = INDISPENSABLE}

if wo["IsDifficult"] then
    wo(ti, " ", {
    ":#::::::::::::::::#*::::::::::::::",
    ":#V~V~~V~V~~V~V~V~#:::::::::::::::",
    ":#~~~~~~~~~~~~~~~~#:::::::::::::::",
    ":#~~~~V~~~~V~~V~~V#:::::::::::::::",
    ":#~V~~~~~~V~~~~~~~#:::::::::::::::",
    ":#~~~V~~~~~~~~~~~~#:::::::::::::::",
    ":#~~~~~~~~~~V~~~V~#:::::::::::::::",
    ":#~~~~~~~~~~~V~~~~#:::::::::::::::",
    ":#V~~~~~~~~~~~~~~~#:::::::::::::::",
    ":#~~~~~~~V~~~~~~~~#:::::::::::::::",
    ":#~~V~~~~~~~~~~V~~#:::::::::::::::",
    ":#~~~~~~~~~V~~~~~~#:::::::::::::::",
    ":#~~~~V~~~~~~V~~~V#:::::::::::::::",
    ":#~~~~~~~~~~~~~~~~#:::::::::::::::",
    ":#~~~~~~~~~~~~~~~~#:::::::::::::::",
    ":#~~~~~~~~V~V~~~V~#:::::::::::::::",
    ":#~V~V~~V~~~~~~~~~#:::::::::::::::",
    ":#~~~~~~~~~~~~~~~~#:::::::::::::::",
    ":#~~~~~V~~~~~~VV~~#:::::::::::::::",
    ":#~~~~~~~~~V~~~~~~#:::::::::::::::",
    ":#V~~~~~~V~~~~~~~V#:::::::::::::::",
    ":#~~~V~~~~~~~V~~~~#:::::::::::::::",
    ":#~~~~~~~~~~~~~~~~#:::::::::::::::",
    ":#~~~~~~~~~~~~~~~~#:::::::::::::::",
    ":#~~~~~V~~~V~~~~V~#:::::::::::::::",
    ":#~~V~~~~~~~~~~~~~#:::::::::::::::",
    ":#~~~~~~~~V~~~~V~~#:::::::::::::::",
    ":#~~~~~~~~~~~~~~~V#:::::::::::::::",
    ":#V~~~~~V~~~~~~~~~#:::::::::::::::",
    ":#~~~~~~~~~~~~~~~~#:::::::::::::::",
    ":#~~~~V~~V~~~~V~~~#:::::::::::::::",
    ":#~~~~~~~~~~~~~~~~#:::::::::::::::",
    ":#~~~~~~~~~~V~~~~~#:::::::::::::::",
    ":#~V~~~~V~~~~~~~~~#:::::::::::::::",
    ":#~~~~~~~~~~~~~~~~#:::::::::::::::",
    ":#   v     v      #:::::::::::::::",
    ":#    v         v #:::::::::::::::",
    ":#               v#:::::::::::::::",
    ":#  v         v   #:::::::::::::::",
    ":#~~~~~~~~~~~~~~~~#:::::::::::::::",
    ":#~~~~~~~~~~~~~~~~#:::::::::::::::",
    ":#BbBBBbbBbbBbbbbb#:::::::::::::::",
    ":#7888888888888889#b##########::::",
    ":#4             @6+B~        #::::",
    ":#1222222222222223#b#       o#::::",
    ":#7888889Bb7888889#:#       o#::::",
    ":#4@    6Bb4 @   6#:#       o#::::",
    ":#1222223Bb1222223#:##########::::",
    ":#!!!!!!!!!!!!!!!!!!::::::::::::::"})
else
    wo(ti, " ", {
    ":#~~~~~~~VV~~~~~~~#:",
    ":#V~V~~V~~~~V~V~V~#:",
    ":#~~~~~~~~~~~~~~~~#:",
    ":#~~~~V~~~~V~~V~~V#:",
    ":#~V~~~~~~~~~~~~~~#:",
    ":#~~~V~~~~~~~~~~~~#:",
    ":#~~~~~~~~~~V~~~V~#:",
    ":#~~~~~~~~~~~V~~~~#:",
    ":#V~~~~~~~~~~~~~~~#:",
    ":#~~~~~~~~~~~~~~~~#:",
    ":#~~V~~~~~~~~~~V~~#:",
    ":#~~~~~~~~~V~~~~~~#:",
    ":#~~~~V~~~~~~V~~~V#:",
    ":#~~~~~~~~~~~~~~~~#:",
    ":#~~~~~~~~~~~~~~~~#:",
    ":#~~~~~~~~~~V~~~V~#:",
    ":#~V~V~~V~~~~~~~~~#:",
    ":#~~~~~~~~~~~~~~~~#:",
    ":#~~~~~V~~~~~~VV~~#:",
    ":#~~~~~~~~~V~~~~~~#:",
    ":#V~~~~~~~~~~~~~~V#:",
    ":#~~~V~~~~~~~V~~~~#:",
    ":#~~~~~~~~~~~~~~~~#:",
    ":#~~~~~~~~~~~~~~~~#:",
    ":#~~~~~V~~~V~~~~V~#:",
    ":#~~V~~~~~~~~~~~~~#:",
    ":#~~~~~~~~~~~~~V~~#:",
    ":#~~~~~~~~~~~~~~~V#:",
    ":#V~~~~~V~~~~~~~~~#:",
    ":#~~~~~~~~~~~~~~~~#:",
    ":#~~~~V~~~~~~~V~~~#:",
    ":#~~~~~~~~~~~~~~~~#:",
    ":#~~~~~~~~~~V~~~~~#:",
    ":#~V~~~~V~~~~~~~~~#:",
    ":#~~~~~~~~~~~~~~~~#:",
    ":#   v     v      #:",
    ":#    v         v #:",
    ":#               v#:",
    ":#  v         v   #:",
    ":#~~~~~~~~~~~~~~~~#:",
    ":#~~~~~~~~~~~~~~~~#:",
    ":#~~~~~~~~~~~~~~~~#:",
    ":#~~~~~~~~~~~~~~~~#:",
    ":#~~~~~~~bb~~~~~~~#:",
    ":#~~~~~~~oo~~~~~~~#:",
    ":#7888889BB7888889#:",
    ":#4  @  6BB4 @   6#:",
    ":#1222223BB1222223#:",
    ":#!!!!!!!!!!!!!!!!#:"})
end
 ]]></el:luamain>
    <el:i18n>
      <el:string el:key="title">
        <el:english el:translate="false"/>
      </el:string>
    </el:i18n>
  </el:protected>
</el:level>
