<?xml version="1.0" encoding="UTF-8" standalone="no" ?>
<el:level xmlns:xsi="http://www.w3.org/2001/XMLSchema-instance" xsi:schemaLocation="http://enigma-game.org/schema/level/1 level.xsd" xmlns:el="http://enigma-game.org/schema/level/1">
  <el:protected>
    <el:info el:type="level">
      <el:identity el:title="Underground Temple" el:subtitle="" el:id="joe_12"/>
      <el:version el:score="2" el:release="2" el:revision="0" el:status="released"/>
      <el:author  el:name="Joseph Dunne" el:email="josephdunne1993@hotmail.com" el:homepage=""/>
      <el:copyright>Copyright © 2006 Joseph Dunne</el:copyright>
      <el:license el:type="GPL v2.0 or above" el:open="true"/>
      <el:compatibility el:enigma="1.00">
       <el:dependency el:path="lib/ant" el:id="lib/ant" el:release="1" el:preload="true"/>
      </el:compatibility>
      <el:modes el:easy="true" el:single="true" el:network="false"/>
      <el:comments>
        <el:code>Lua 5.1 and XML converted by Leveladministrators</el:code>
      </el:comments>
      <el:score el:easy="-" el:difficult="-"/>
    </el:info>
    <el:luamain><![CDATA[
cells={}
cells[" "]=cell{floor="fl-sahara"}
cells["."]=cell{floor="fl-sand"}
cells["'"]=cell{floor="fl-metal"}
cells["`"]=cell{floor="fl-red"}
cells[","]=cell{floor="fl-leaves"}
cells["-"]=cell{floor="fl-space"}
cells[":"]=cell{floor="fl-water"}
cells["w"]=cell{floor="fl-gradient2"}
cells["y"]=cell{floor="fl-gradient7"}
cells["d"]=cell{floor="fl-gradient3"}
cells["n"]=cell{floor="fl-gradient5"}
cells["x"]=cell{floor="fl-gradient1"}
cells["v"]=cell{floor="fl-gradient6"}
cells["a"]=cell{floor="fl-gradient4"}
cells["r"]=cell{floor="fl-gradient8"}
cells["e"]=cell{floor="fl-gradient10"}
cells["c"]=cell{floor="fl-gradient9"}
cells["z"]=cell{floor="fl-gradient11"}
cells["q"]=cell{floor="fl-gradient12"}
cells["0"]=cell{floor="fl-abyss"}
cells["f"]=cell{stone="st-puzzle-w"}
cells["b"]=cell{stone="st-puzzle-s"}
cells["h"]=cell{stone="st-puzzle-e"}
cells["t"]=cell{stone="st-puzzle-n"}
cells["W"]=cell{stone="st-puzzle2-n"}
cells["R"]=cell{stone="st-puzzle2-ns"}
cells["V"]=cell{stone="st-puzzle2-ew"}
cells["A"]=cell{stone="st-puzzle2-w"}
cells["X"]=cell{stone="st-puzzle2-s"}
cells["D"]=cell{stone="st-puzzle2-e"}
cells["Q"]=cell{stone="st-puzzle2-nw"}
cells["Z"]=cell{stone="st-puzzle2-sw"}
cells["C"]=cell{stone="st-puzzle2-es"}
cells["E"]=cell{stone="st-puzzle2-ne"}
cells["F"]=cell{stone="st-puzzle2-nsw"}
cells["B"]=cell{stone="st-puzzle2-esw"}
cells["H"]=cell{stone="st-puzzle2-nes"}
cells["T"]=cell{stone="st-puzzle2-new"}
cells["S"]=cell{stone="st-puzzle2-nesw"}
cells["&"]=cell{stone="st-yellow"}
cells["@"]=cell{stone="st-metal"}
cells["!"]=cell{stone="st-bolder-e"}
cells["{"]=cell{stone="st-stoneimpulse"}
cells["#"]=cell{stone="st-blue-sand"}
cells["%"]=cell{stone="st-brick"}
cells[">"]=cell{stone="st-oneway-e"}
cells["<"]=cell{stone="st-oneway-w"}
cells[")"]=cell{stone="st-oneway_black-e"}
cells["~"]=cell{stone="st-oneway_black-w"}
cells["("]=cell{stone="st-oneway_white-w"}
cells["I"]=cell{stone="st-blocker"}
cells["7"]=cell{stone="st-oxyd"}
cells["$"]=cell{stone="st-wood"}
cells["*"]=cell{stone="st-break_gray"}
cells["o"]=cell{actor={"ac-blackball", {player=0}}}
cells["p"]=cell{actor={"ac-whiteball", {player=1}}}
cells["}"]=cell{actor="ac-whiteball"}
cells["+"]=cell{item="it-hollow"}
cells["m"]=cell{item="it-magicwand"}
cells["]"]=cell{item="it-yinyang"}
cells["="]=cell{item="it-dynamite"}
cells["/"]=cell{item="it-hammer"}
cells["1"]=cell{item={"it-vortex-open", {targetx="43.5", targety="22.5"}}}
cells["2"]=cell{item={"it-vortex-open", {targetx="73.5", targety="22.5"}}}
cells["3"]=cell{item={"it-vortex-open", {targetx="2.5", targety="1.5"}}}
cells["4"]=cell{item={"it-vortex-open", {targetx="2.5", targety="14.5"}}}
cells["5"]=cell{item={"it-vortex-open", {targetx="2.5", targety="14.5"}}}
cells["6"]=cell{item={"it-vortex-open", {targetx="2.5", targety="14.5"}}}
cells["9"]=cell{item={"it-document", {text="'We are outside a recently discovered temple underneath the Simpson Desert'"}}}
cells["8"]=cell{item={"it-document", {text="'It appears that we have found a magic hammer of some kind, i say we report back to camp'"}}}
cells["_"]=cell{item={"it-document", {text=":All Delicate Objects Inside Here:"}}}
cells["^"]=cell{item={"it-document", {text="'So have you found anything yet?'"}}}


if difficult then
 -- Normal Mode
level = {
"####################000000000000000000000000000000000000000000000000000000000",
"#6 # ~nxxxxxxxxxxxv#000000000000000000000000000000000000000000000000000000000",
"## $ (d           a#000000000000000000000000000000000000000000000000000000000",
"##   #ywwwwwe     a#000000000000000000000000000000000000000000000000000000000",
"####:#&&&&&&d     a#0000000000000000000&&&&&&&0000000000000000000000000000000",
"#  ( )     {d  /  a#0000000000000000000& V   &0000000000000000000000000000000",
"#  &{{  V  {d  8  a#0000000000000000000& VDR &0000000000000000000000000000000",
"#     VQRCV&d     a#0000000000000000000& R]H &0000000000000000000000000000000",
"#     RDQXV&d     a#0000000000000000000&QZZE &0000000000000000000000000000000",
"# ]  RVCVQD&d     a#0000000000000000000&     &0000000000000000000000000000000",
"#     RZVEV&d     a#0000000000000000000&&& &&&0000000000000000000000000000000",
"#     RFEVZ)ywwwwwr#000000000000000000000& &000000000000000000000000000000000",
"####{{##############000000000000000000000&:&000000000000000000000000000000000",
"#nxxxxxxxxxxxxxxxxv#00000000000000000000&&:&@@@@@@@@@@@00000&&&&&&&&&&&&&0000",
"#d                a#00000000000000000000&III         !@00000&      :    &0000",
"#d   qwe          a#00000000000000000000&& @@@@@@@@@::@00000& QCRB &    &0000",
"#d   a1d          a#000000000000000000000@:@@@@@@@@@::@00000& QCFZ &  m &0000",
"#d   zxc          a#000000000000000000000@ :  @@@@@@::@00000& WE$E &    &0000",
"#d         qwwwe  a#000000000000000000000@:$hf@   b : @@0000& EADR &&&&&&&&&0",
"#d         aqwed  a#000000000000000000000{ :: @{$ t::${@0000& DFZX &VEBHC  &0",
"#d    qwe  aa3dd  a#000000000000000000000{  hf $@   {$ @0000&      :TB$BHV &0",
"#d    a2d  azxcd  a#000000000000000000000@hfb   { ::@  @0000&&&&&&&&TFAFQ  &0",
"#d    zxc  zxxxc  a#000000000000000000000@4 t     ::   @00000000000&      5&0",
"#ywwwwwwwe qwwwwwwr#000000000000000000000@@{{@@{{{@@@@@@00000000000&&&&&&&&&0",
"##########w#########000000000000000000000000000000000000000000000000000000000",
".........#w#.................................................................",
".........#w#.................................................................",
".........#w#.................................................................",
".........#w#.................................................................",
".........#w#.................................................................",
".........#w#.................................................................",
".........#w#.................................................................",
".........#w#.................................................................",
".........#w#.................................................................",
".........#w#.................................................................",
".........#w#.................................................................",
"##########w#########.........................................................",
"#,,,,,,,,,,,,,,,,,,#.........................................................",
"#,,,,,,,,,,,,,,,,,,#.........................................................",
"#,,,,,,,,,...,....,#.........................................................",
"#,,,,,,,...........#.........................................................",
"#,,,,,,...&&&&&&&&.#.........................................................",
"#,.,,.,,..>,,,,o}&.#.........................................................",
"#.........<,,9p,^&.#.........................................................",
"#..._.....&&&&&&&&.#.........................................................",
"####*#.,,..........#.........................................................",
"#    #..,,..,,...,,#.........................................................",
"#7777#..,,,,,,,,,,,#.........................................................",
"####################.........................................................",
}
else
 -- Easy Mode
level = {
"####################000000000000000000000000000000000000000000000000000000000",
"#6 # ~nxxxxxxxxxxxv#000000000000000000000000000000000000000000000000000000000",
"## $ (d           a#000000000000000000000000000000000000000000000000000000000",
"##   #ywwwwwe     a#000000000000000000000000000000000000000000000000000000000",
"####:#&&&&&&d     a#0000000000000000000&&&&&&&0000000000000000000000000000000",
"#  ( )     &d  /  a#0000000000000000000&     &0000000000000000000000000000000",
"#  &&&     &d  8  a#0000000000000000000& CQR &0000000000000000000000000000000",
"#     VQRCV&d     a#0000000000000000000& R]V &0000000000000000000000000000000",
"#  ]  RRAVV&d     a#0000000000000000000& VZE &0000000000000000000000000000000",
"#     VCVQD&d     a#0000000000000000000&     &0000000000000000000000000000000",
"#     RZVEV&d     a#0000000000000000000&&& &&&0000000000000000000000000000000",
"#     RREVZ)ywwwwwr#000000000000000000000& &000000000000000000000000000000000",
"####################000000000000000000000&:&000000000000000000000000000000000",
"#nxxxxxxxxxxxxxxxxv#00000000000000000000&&:&@@@@@@@@@@@00000&&&&&&&&&&&&&0000",
"#d                a#00000000000000000000&III         !@00000&      :    &0000",
"#d   qwe          a#00000000000000000000&& @@@@@@@@@::@00000& QCRB &    &0000",
"#d   a1d          a#000000000000000000000@:@@@@@@@@@::@00000& QCFZ &  m &0000",
"#d   zxc          a#000000000000000000000@ :  @@@@@@::@00000& WE$E &    &0000",
"#d         qwwwe  a#000000000000000000000@:$hf@   b : @@0000& EADR &&&&&&&&&0",
"#d         aqwed  a#000000000000000000000{ :: @{$ t::${@0000& DFZX &VEZHC  &0",
"#d    qwe  aa3dd  a#000000000000000000000{  hf $@   {$ @0000&      :TB$BH  &0",
"#d    a2d  azxcd  a#000000000000000000000@hfb   { ::@  @0000&&&&&&&&TFVFQ  &0",
"#d    zxc  zxxxc  a#000000000000000000000@4 t     ::   @00000000000&      5&0",
"#ywwwwwwwe qwwwwwwr#000000000000000000000@@{{@@{{{@@@@@@00000000000&&&&&&&&&0",
"##########w#########000000000000000000000000000000000000000000000000000000000",
".........#w#.................................................................",
".........#w#.................................................................",
".........#w#.................................................................",
".........#w#.................................................................",
".........#w#.................................................................",
".........#w#.................................................................",
".........#w#.................................................................",
".........#w#.................................................................",
".........#w#.................................................................",
".........#w#.................................................................",
".........#w#.................................................................",
"##########w#########.........................................................",
"#,,,,,,,,,,,,,,,,,,#.........................................................",
"#,,,,,,,,,,,,,,,,,,#.........................................................",
"#,,,,,,,,,...,....,#.........................................................",
"#,,,,,,,...........#.........................................................",
"#,,,,,,...&&&&&&&&.#.........................................................",
"#,.,,.,,..>,,,,o}&.#.........................................................",
"#.........<,,9p,^&.#.........................................................",
"#..._.....&&&&&&&&.#.........................................................",
"####*#.,,..........#.........................................................",
"#    #..,,..,,...,,#.........................................................",
"#7777#..,,,,,,,,,,,#.........................................................",
"####################.........................................................",
}
end

set_default_parent(cells[" "])
create_world_by_map(level,cells)
oxyd_shuffle()
    ]]></el:luamain>
    <el:i18n>
      <el:string el:key="title">
        <el:english el:translate="false"/>
      </el:string>
    </el:i18n>
  </el:protected>
</el:level>
