<?xml version="1.0" encoding="UTF-8" standalone="no" ?>
<el:level xmlns:xsi="http://www.w3.org/2001/XMLSchema-instance" xsi:schemaLocation="http://enigma-game.org/schema/level/1 level.xsd" xmlns:el="http://enigma-game.org/schema/level/1">
  <el:protected>
    <el:info el:type="level">
      <el:identity el:title="Mountain Climbing III" el:subtitle="" el:id="joe26"/>
      <el:version el:score="1" el:release="1" el:revision="0" el:status="released"/>
      <el:author  el:name="Joseph Dunne" el:email="josephdunne1993@hotmail.com" el:homepage=""/>
      <el:copyright>Copyright © 2006 Joseph Dunne</el:copyright>
      <el:license el:type="GPL v2.0 or above" el:open="true"/>
      <el:compatibility el:enigma="1.00">
       <el:dependency el:path="lib/ant" el:id="lib/ant" el:release="1" el:preload="true"/>
      </el:compatibility>
      <el:modes el:easy="true" el:single="true" el:network="false"/>
      <el:comments>
        <el:code>Lua 5.1 and XML converted by Leveladministrators</el:code>
      </el:comments>
      <el:score el:easy="-" el:difficult="-"/>
    </el:info>
    <el:luamain><![CDATA[
cells={}
cells[" "]=cell{floor="fl-darkgray"}
cells["!"]=cell{floor="fl-red"}
cells["`"]=cell{floor="fl-lightgray"}
cells["'"]=cell{floor="fl-light"}
cells["w"]=cell{floor="fl-gradient2"}
cells["y"]=cell{floor="fl-gradient7"}
cells["d"]=cell{floor="fl-gradient3"}
cells["n"]=cell{floor="fl-gradient5"}
cells["x"]=cell{floor="fl-gradient1"}
cells["v"]=cell{floor="fl-gradient6"}
cells["a"]=cell{floor="fl-gradient4"}
cells["r"]=cell{floor="fl-gradient8"}
cells["e"]=cell{floor="fl-gradient10"}
cells["c"]=cell{floor="fl-gradient9"}
cells["z"]=cell{floor="fl-gradient11"}
cells["q"]=cell{floor="fl-gradient12"}
cells["G"]=cell{stone="st-puzzle-hollow"}
cells["W"]=cell{stone="st-puzzle-n"}
cells["R"]=cell{stone="st-puzzle-ns"}
cells["V"]=cell{stone="st-puzzle-ew"}
cells["A"]=cell{stone="st-puzzle-w"}
cells["X"]=cell{stone="st-puzzle-s"}
cells["D"]=cell{stone="st-puzzle-e"}
cells["Q"]=cell{stone="st-puzzle-nw"}
cells["Z"]=cell{stone="st-puzzle-sw"}
cells["C"]=cell{stone="st-puzzle-es"}
cells["E"]=cell{stone="st-puzzle-ne"}
cells["F"]=cell{stone="st-puzzle-nsw"}
cells["B"]=cell{stone="st-puzzle-esw"}
cells["H"]=cell{stone="st-puzzle-nes"}
cells["T"]=cell{stone="st-puzzle-new"}
cells["S"]=cell{stone="st-puzzle-nesw"}
cells["0"]=cell{floor="fl-abyss"}
cells["&"]=cell{stone="st-wood_001"}
cells["#"]=cell{stone="st-rock4"}
cells["$"]=cell{stone="st-wood"}
cells["@"]=cell{stone="st-rock5"}
cells["%"]=cell{stone="st-rock10"}
cells["8"]=cell{stone="st-oneway-n"}
cells["2"]=cell{stone="st-oneway-s"}
cells["6"]=cell{stone="st-oneway-e"}
cells["4"]=cell{stone="st-oneway-w"}
cells["<"]=cell{stone="st-white1"}
cells[">"]=cell{stone="st-white4"}
cells["o"]=cell{actor={"ac-whiteball-small", {player=0}}}
cells["+"]=cell{item="it-hollow"}
cells[":"]=cell{item="it-extralife"}

if difficult then
 -- Normal Mode
 level = {
"00000000000000000000",
"0!000!0!0!!!!0!!!!00",
"0!!00!000!0000!00000",
"0!0!0!0!0!0000!!!!00",
"0!00!!0!0!0000!00000",
"0!000!0!0!!!!0!!!!00",
"00000000000000000000",
"000000&&&&&&&&000000",
"000000&+'`'`+&&&&&&&",
"000000&'`'`'`'`'`'`&",
"000000&`'`'`'`'`'`'&",
"000000&&&&&&&&&&&'`&",
"0000000000000000&&'&",
"00000000000000000  0",
"00000000000000000$20",
"000000&0000000000''0",
"00000qr`'` `'4 4' `0",
"0000&r `'` `'`4`'` 0",
"00000``0000000000000",
"00000''0000000000000",
"00000``0000000000000",
"000002 0000000000000",
"0000&`2&000000000000",
"0000&''&000000000000",
"&&&&&  &&&&&&&&&&&&&",
"&nv0   qwwww0nv 000&",
"&daqwweaqwwedyrnxv0&",
"&dazxxcaa&0dd00d a0&",
"&da0 00aa&0dd00d a0&",
"&da0 & azxxcd  d a &",
"&dzxv  zxxxxcnvywr &",
"&ywwr&000000&yr00  &",
"&&&&&&&&&&&&&00&&&&&",
"#############$$#####",
"#######     $00$   #",
"#######88########88#",
"#00000#nv########  #",
"#000000da0######0qe#",
"##0##0#da0###0###ad0",
"#nxxxxxca##nvqwwead#",
"#dqwwwwwr##yrzxxczc#",
"#da0#0#00##qe0###0##",
"#da#0######zc##0####",
"#dzxxxxxv##qwe qe  #",
"#ywwwwwwr##zxc zc  #",
"####### ######### ##",
"`@      @``@      @`",
"`@888888@``@888888@`",
"0044644>0000>6448600",
"0062288>0000>4468200",
"008>>>>>0000>2620800",
"000088220000>6682200",
"000086000000>6244800",
"006>>>420000>>>>2400",
"00444>4600008200>200",
"00682>6200006800>800",
"00068>8800004602>400",
"00866>4200004286>600",
"004>>>8600008%46>400",
"006>624800002286>200",
"002>62%800004048>800",
"004>480400006628>400",
"006>862400004682>600",
"002>>>42000086>>>800",
"00682>46000024>24200",
"00846>86000064>84200",
"00868>42000068>62800",
"00080000000008000000",
"`@      @``@      @`",
"`@nxxxxv@``@nxxxxv@`",
"`@ywwwwr@``@ywwwwr@`",
"`@888888@``@888888@`",
"0#0aaaaa#00#%ddd#0#0",
"0#0aaaaa#00#%ddd#0#0",
"0#0#aaa%#00#ddddf0#0",
"0#0#aaa%#00#ddddd0#0",
"0#0aaaaa#00#%ddd#0#0",
"0#0aaaaa#00#%ddd#0#0",
"0#0#aaa%#00#ddddd0#0",
"0#0#aaa%#00#ddddd0#0",
"0#0aaaaa#00#ddddd0#0",
"0###  ###00###  ###0",
"`@ 2222 @``@ 2222 @`",
"`@      @``@      @`",
"`@888888@``@888888@`",
"0#nxxxxv#00#nxxxxv#0",
"0#dnxxva#00#dnxxva#0",
"0#%d00a%#00#%d00a%#0",
"0#dywwra#00#dywwra#0",
"0#ywwwwr#00#ywwwwr#0",
"0#>0<<><#00#<<< >>#0",
"0#<> < 0#00#0 %><>#0",
"0#>%>%<>#00#><>>0<#0",
"0#>><<><#00#<<>%>>#0",
"0#<0<<%<#00#<0<>>%#0",
"0#<  <><#00#>><<> #0",
"0#      #00#      #0",
"0# > %> #00#0><0<<#0",
"0#<0<> 0#00#< %><>#0",
"0#%>  < #00#>> 0<%#0",
"0#><%0%>#00#0<  >%#0",
"0##>> < #00#<<%><##0",
"0#d #<0 #00#  <# a#0",
"0#w##############w#0",
"0#waaaaa4ad6dddddw#0",
"0#@%@%@%@  @%@%@%@#0",
"0#%@%@%@%  %@%@%@%#0",
"0######### ########0",
"000000000#0#00000000",
"000#######0######000",
"000####%        #000",
"000###%%'%0%    #000",
"000###%''''%#####000",
"000##%%''X''  #00000",
"000##%22DSZ'$ #00000",
"000#    'HF'% #00000",
"000# #6$'HF$%####000",
"000#   %%EQ'%   #000",
"000#      %%%   #000",
"000######     # #000",
"00000000#  #### #000",
"00000000%%%%00# #000",
"00000000#  #### #000",
"00000000#       #000",
"00000000#  ######000",
"00000000%''%00000000",
"0####@###nv###@####0",
"0#qwe`nxxczxxv`qwe#0",
"0#zxc`ywwwwwwr`zxc#0",
"0#:##@########@##:#0",
"0#o#000000000000#o#0",
"0###0!!!!!!!!!!0###0",
"00000000000000000000",
 }
else
 -- Easy Mode
 level = {
"00000000000000000000",
"0!000!0!0!!!!0!!!!00",
"0!!00!000!0000!00000",
"0!0!0!0!0!0000!!!!00",
"0!00!!0!0!0000!00000",
"0!000!0!0!!!!0!!!!00",
"00000000000000000000",
"000000&&&&&&&&000000",
"000000&+'`'`+&&&&&&&",
"000000&'`'`'`'`'`'`&",
"000000&`'`'`'`'`'`'&",
"000000&&&&&&&&&&&'`&",
"0000000000000000&`'&",
"00000000000000000  0",
"00000000000000000%`0",
"00000000000000000''0",
"00000  `'` `'` `' `0",
"00000  `'` `'`%`'` 0",
"00000``0000000000000",
"00000''0000000000000",
"00000``0000000000000",
"000002 0000000000000",
"0000&`2&000000000000",
"0000&''&000000000000",
"&&&&&  &&&&&&&&&&&&&",
"&nv0   qwwww0   000&",
"&daqwweaqwwed  nxv0&",
"&dazxxcaa&0dd00d a0&",
"&da0 00aa 0dd00d a0&",
"&da0 & azxxcd  d a &",
"&dzxv  zxxxxcnvywr &",
"&ywwr&  0000&yr00  &",
"&&&&&&&&&&&&&00&&&&&",
"#############$$#####",
"#######     $00$   #",
"#######88########88#",
"#00000#nv########  #",
"#000000da0######0qe#",
"##0##0#da####0###ad#",
"#nxxxxxca##nvqwwead#",
"#dqwwwwwr##yrzxxczc#",
"#da0###00##qe####0##",
"#da#0######zc##0####",
"#dzxxxxxv##qwe qe  #",
"#ywwwwwwr##zxc zc  #",
"####### ######### ##",
"`@      @``@      @`",
"`@888888@``@888888@`",
"0#4464>>#00#>>4486#0",
"0#>>>>>>#00#>>4682#0",
"0#>>>>>>#00#>>6208#0",
"0#008822#00#>>6822#0",
"0#008600#00#>>>>48#0",
"0#>>>>42#00#>>>>24#0",
"0#>>>>46#00#8200>>#0",
"0#68>>62#00#6800>>#0",
"0#06>>88#00#4602>>#0",
"0#>>>>42#00#4286>>#0",
"0#>>>>86#00#8%46>>#0",
"0#>>6248#00#2286>>#0",
"0#>>62%8#00#4048>>#0",
"0#>>4804#00#6628>>#0",
"0#>>8624#00#4682>>#0",
"0#>>>>42#00#86>>>>#0",
"0#>>>>46#00#24>>>>#0",
"0#84>>86#00#64>>42#0",
"0#86>>42#00#68>>28#0",
"0#008800#00#008800#0",
"`@      @``@      @`",
"`@nxxxxv@``@nxxxxv@`",
"`@ywwwwr@``@ywwwwr@`",
"`@888888@``@888888@`",
"0#0#aaaa#00#dddd#0#0",
"0#0aaaaa#00#dddd#0#0",
"0#0#aaaa#00#dddd#0#0",
"0#0#aaaa#00#ddddd0#0",
"0#0#aaaa#00#dddd#0#0",
"0#0aaaaa#00#dddd#0#0",
"0#0#aaaa#00#dddd#0#0",
"0#0#aaaa#00#ddddd0#0",
"0#0#aaaa#00#dddd#0#0",
"0###  ###00###  ###0",
"`@ 2222 @``@ 2222 @`",
"`@      @``@      @`",
"`@888888@``@888888@`",
"0#nxxxxv#00#nxxxxv#0",
"0#dnxxva#00#dnxxva#0",
"0#dd00aa#00#dd00aa#0",
"0#dywwra#00#dywwra#0",
"0#ywwwwr#00#ywwwwr#0",
"0#>0<<><#00#<<< >>#0",
"0#<> < >#00#< %><>#0",
"0#>>>%<>#00#><>>0<#0",
"0#>><<><#00#<<>%>>#0",
"0#<0<<%<#00#<0<>><#0",
"0#<  <><#00#>><<> #0",
"0#      #00#      #0",
"0# > %> #00# ><0<<#0",
"0#<0<>  #00#< %><>#0",
"0#%>  < #00#>>  <%#0",
"0#><%>%>#00#0<  >%#0",
"0##>> < #00#<<%><##0",
"0#d #<0 #00#  <# a#0",
"0#w##############w#0",
"0#waaaaa4ad6dddddw#0",
"0#@%@%@%@  @%@%@%@#0",
"0#%@%@%@%  %@%@%@%#0",
"0########  ########0",
"00000000#  #00000000",
"000######  ######000",
"000#            #000",
"000#    #  #    #000",
"000# ###%  %#####000",
"000#    'CZ'  #00000",
"000#####%HF%# #00000",
"000#    'GG'  #00000",
"000# ###%HF%#####000",
"000#    #EQ#    #000",
"000#            #000",
"000######  #### #000",
"00000000#  #00# #000",
"00000000%%%%00# #000",
"00000000#  #### #000",
"00000000#       #000",
"00000000#  ######000",
"00000000%''%00000000",
"0####@###nv###@####0",
"0#qwe`nxxczxxv`qwe#0",
"0#zxc`ywwwwwwr`zxc#0",
"0#:##@########@##:#0",
"0#o#000000000000#o#0",
"0###000000000000###0",
"00000000000000000000",
 }
end

set_default_parent(cells[" "])
create_world_by_map(level,cells)
oxyd_shuffle()
    ]]></el:luamain>
    <el:i18n>
      <el:string el:key="title">
        <el:english el:translate="false"/>
      </el:string>
    </el:i18n>
  </el:protected>
</el:level>
