<?xml version="1.0" encoding="UTF-8" standalone="no" ?>
<el:level xmlns:xsi="http://www.w3.org/2001/XMLSchema-instance" xsi:schemaLocation="http://enigma-game.org/schema/level/1 level.xsd" xmlns:el="http://enigma-game.org/schema/level/1">
  <el:protected>
    <el:info el:type="level">
      <el:identity el:title="Pick-Up" el:subtitle="" el:id="joe27"/>
      <el:version el:score="1" el:release="2" el:revision="2" el:status="released"/>
      <el:author el:name="Joseph Dunne" el:email="" el:homepage=""/>
      <el:copyright>Copyright © 2008 Joseph Dunne</el:copyright>
      <el:license el:type="GPL v2.0 or above" el:open="true"/>
      <el:compatibility el:enigma="1.10">
        <el:dependency el:path="lib/libpuzzle" el:id="lib/libpuzzle" el:release="3" el:preload="true"/>
      </el:compatibility>
      <el:modes el:easy="false" el:single="true" el:network="false"/>
      <el:comments><el:code>New API converted by /dev/null (October 2009)</el:code></el:comments>
      <el:score el:easy="-" el:difficult="-"/>
    </el:info>
    <el:luamain><![CDATA[
ti["  "] = {"fl_sahara"}
ti[" ."] = {"fl_abyss"}
ti["##"] = {"st_yellow"}
ti["+ "] = {"st_passage"}
ti["P"] = {"st_puzzle_blue", intensity = 0}
ti[" y"] = {"it_vortex", "vortexY", destination = "vortexZ", autoclose = true, state = CLOSED}
ti[" z"] = {"it_vortex", "vortexZ", destination = "vortexY", autoclose = true, autoopen = true}
ti["SS"] = {"st_switch", target = "vortexY", action="open"}
ti["OO"] = {"st_oxyd"}
ti["@@"] = {"#ac_marble_black"}

wo(res.composer(res.puzzle(ti, "P")), "  ", {
    "########################################",
    "########################################",
    "########################################",
    "########################################",
    "##############P0P0P0P0P0P0P0############",
    "##############P0          P0############",
    "##############P0 z    OO  P0############",
    "##############P0          P0############",
    "##############P0P0P0P0P0P0P0############",
    "########################################",
    "########################################",
    "########################################",
    "##OOOOOO################################",
    "OO . . .SS##################          ##",
    "OO . . .OO################Pg          ##",
    "OO . . .                              ##",
    "##                                    + ",
    "##                                    +y",
    "##Pl      Pn            ##            ##",
    "####+ ##########Pm######Pf            Pa",
    "##            ######                  ##",
    "##    Pc                              ##",
    "##  Po  Pi                            ##",
    "##@@                                  ##",
    "########################################"})
wo:shuffleOxyd()
 ]]></el:luamain>
    <el:i18n>
      <el:string el:key="title">
        <el:english el:translate="false"/>
      </el:string>
    </el:i18n>
  </el:protected>
</el:level>
