<?xml version="1.0" encoding="UTF-8" standalone="no" ?>
<el:level xmlns:xsi="http://www.w3.org/2001/XMLSchema-instance" xsi:schemaLocation="http://enigma-game.org/schema/level/1 level.xsd" xmlns:el="http://enigma-game.org/schema/level/1">
  <el:protected>
    <el:info el:type="level">
      <el:identity el:title="The Walls" el:subtitle="" el:id="just26"/>
      <el:version el:score="1" el:release="2" el:revision="3" el:status="released"/>
      <el:author  el:name="JuSt" el:email="" el:homepage=""/>
      <el:copyright>Copyright © 2007 JuSt</el:copyright>
      <el:license el:type="GPL v2.0 or above" el:open="true"/>
      <el:compatibility el:enigma="1.10"/>
      <el:modes el:easy="true" el:single="true" el:network="false"/>
      <el:comments><el:code>New API converted by R. Bourquin</el:code></el:comments>
      <el:score el:easy="4:04" el:difficult="-"/>
    </el:info>
    <el:luamain><![CDATA[
wo["ConserveLevel"] = false

ti[" "] = {"fl_dark"}
ti["~"] = {"fl_water"}
ti["#"] = {"st_darkglass"}
ti["G"] = ti["~"] .. {"st_rawglass"}
ti["<"] = {"st_laser", orientation=WEST, state=OFF, name="laser"}
ti[">"] = {"st_mirror", flavor="triangle", orientation=EAST}
ti["M"] = {"st_mirror", orientation=SLASH}
ti["N"] = {"st_mirror", orientation=BACKSLASH}
ti["P"] = {"st_pull"}
ti["R"] = {"st_rotator_ccw", movable=true}
ti["t"] = {"it_trigger", target="laser"}
ti["w"] = cond(wo["IsDifficult"], ti[" "], {"it_wrench"})
ti["O"] = {"st_oxyd"}
ti["@"] = {"#ac_marble"}

wo(ti, " ", {
    "####################",
    "t~                 #",
    "OG #   #   #   #  w#",
    ">G #N  #   #   #M <#",
    "OG #   #M  #N  #   #",
    "#G #   #   #   #   #",
    "#  #N  #M  #   #   #",
    "#  #   #   #   #   #",
    "#  #   #   #N  #M  #",
    "#  #   #   #   #   #",
    "# @         R      #",
    "#P                 #",
    "####################"})
 ]]></el:luamain>
    <el:i18n>
      <el:string el:key="title">
        <el:english el:translate="false"/>
      </el:string>
    </el:i18n>
  </el:protected>
</el:level>
