<?xml version="1.0" encoding="UTF-8" standalone="no" ?>
<el:level xmlns:xsi="http://www.w3.org/2001/XMLSchema-instance" xsi:schemaLocation="http://enigma-game.org/schema/level/1 level.xsd" xmlns:el="http://enigma-game.org/schema/level/1">
  <el:protected>
    <el:info el:type="level">
      <el:identity el:title="The Sum of its Parts" el:id="luc362009"/>
      <el:version el:score="1" el:release="1" el:revision="2" el:status="released"/>
      <el:author el:name="Lukas Schüller" el:email="Lucky_Luc@web.de" el:homepage=""/>
      <el:copyright>Copyright © 2009 Lukas Schüller</el:copyright>
      <el:license el:type="GPL v2.0 or above" el:open="true"/>
      <el:compatibility el:enigma="1.10"/>
      <el:modes el:easy="true" el:single="true" el:network="false"/>
      <el:score el:easy="2:57" el:difficult="5:00"/>
    </el:info>
    <el:luamain><![CDATA[
wo["FollowGrid"] = false
wo["FollowMethod"] = FOLLOW_SCROLL

ti["  "] = {"fl_dark"}
ti["#a"] = {"st_panel", cluster=1}
ti["#b"] = {"st_panel", cluster=2}
ti["SS"] = {"st_swap"}
ti["KK"] = {"st_chess"}
if wo["IsDifficult"] then
    ti["BB"] = {"st_brownie"}
    ti["b*"] = {"st_brownie", name="bw%%"}
else
    ti["BB"] = {"st_box"}
    ti["b*"] = {"st_box", name="bw%%"}
end
ti["HH"] = {"st_box_hay"}
ti["LL"] = {"st_laser", name="laser", orientation=SOUTH}
ti["SW"] = {"st_switch", target="laser"}
ti["BX"] = {"st_break"}
ti["D1"] = {"st_door", name="sokodoor", faces="ew"}
ti["D2"] = {"st_door", name="wiredoor", faces="ew"}
ti["O^"] = {"st_oneway", orientation=NORTH}
ti["O<"] = {"st_oneway", orientation=WEST}
ti["BD"] = {"st_dispenser"}
ti["=*"] = {"st_door", name="cdoor%%"}
ti["|*"] = {"st_door", name="cdoor%%", faces="ew"}
ti["C*"] = {"st_coinslot", target="cdoor%%"}
ti["pv"] = {"it_puller_s"}
ti["dd"] = {"it_dynamite"}
ti["22"] = {"it_coin"}
ti["xx"] = {"it_cross"}
ti["XX"] = ti["xx"] .. {"st_grate"}
ti["x1"] = {"it_trigger", name="soko#", action="signal", target="sokocount"}
ti["x2"] = {"it_trigger", name="wire#", action="signal", target="wirecount"}
ti["bb"] = {"it_bomb"}
ti["GG"] = ti["bb"] .. {"st_rawglass"}
ti["v1"] = {"it_vortex", name="vortex1", destination="vortex2"}
ti["v2"] = {"it_vortex", name="vortex2", destination="vortex1"}
ti["OO"] = {"st_oxyd_d"}
ti["@@"] = {"#ac_marble"}

wo(res.random(res.autotile(ti, {"C","C*"}, {"=","=*"}, {"|","|*"}, {"b","b*"}), "##", {"#a","#b"}), "  ", {
    "######################################################",
    "############        ##########################    BX##",
    "##x1x1  ####BBBBBB  ######      ########LLSW##O^##  ##",
    "##x1x1        pv    ####    ##      ####        O<  OO",
    "##x1x1    ##BBBBBB  ##    ########  ########  ########",
    "############        ##  ####  OO##    ######      ####",
    "##OO  D1      ##    ##  ####      #a    @@##  ##BB####",
    "##################      ######SS#a#b#a    ##  ##22####",
    "##################  ##  ##            ##  ##      ####",
    "##########v1######  ##  ##    KK      ##      ########",
    "######  22    ####  ##  ########    ##################",
    "##22  b3####  ####  ##    ######    ##      ##########",
    "######  ####  ####  ####          ####    HHbbOO######",
    "############22##    ############  ####    ##GG########",
    "########      ##                    xx          BD####",
    "########  ######  ############      ####XX####XX######",
    "########  22      ########  ############        D2dd##",
    "########  Ca####          BBOO##########b1x2    ######",
    "######Cb  |a  ####Cc######  ####OO##    x2b2##########",
    "########=b##        |c  ##  ####  ##      ############",
    "########  ####=dCd####  ##  ####  ####################",
    "########    |e  ####Cf  ##  ####    ##########      ##",
    "########  Ce##  ######=f##  ######  ##########  ##  ##",
    "######Ch  ##      |g    ##  ######  ####  ####  ##  ##",
    "########=h##=i##Cg####  |j  ######      b4####  ##  ##",
    "########      Ci######Cj##  ############        ##  ##",
    "############  ############=k######################v2##",
    "##########Cl  |l            Ck########################",
    "######################################################"})

wo:add({"ot_wire", anchor1="bw%1", anchor2="bw%2"})
wo:add({"ot_wire", anchor1="bw%3", anchor2="bw%4"})
wo:add({"ot_counter", "sokocount", action_5="close", target_5="sokodoor", action_6="open", target_6="sokodoor"})
wo:add({"ot_counter", "wirecount", action_1="close", target_1="wiredoor", action_2="open", target_2="wiredoor"})

wo:shuffleOxyd()
 ]]></el:luamain>
    <el:i18n>
      <el:string el:key="title">
        <el:english el:translate="false"/>
      </el:string>
    </el:i18n>
  </el:protected>
</el:level>
