<?xml version="1.0" encoding="UTF-8" standalone="no" ?>
<el:level xmlns:xsi="http://www.w3.org/2001/XMLSchema-instance" xsi:schemaLocation="http://enigma-game.org/schema/level/1 level.xsd" xmlns:el="http://enigma-game.org/schema/level/1">
  <el:protected>
    <el:info el:type="level">
      <el:identity el:title="- Meditation -" el:subtitle="" el:id="raoul31"/>
      <el:version el:score="1" el:release="1" el:revision="8" el:status="released"/>
      <el:author  el:name="Raoul Bourquin" el:email="raoul@users.berlios.de"/>
      <el:copyright>Copyright © 2008 Raoul Bourquin</el:copyright>
      <el:license el:type="GPL v2.0 or above" el:open="true"/>
      <el:compatibility el:enigma="1.10"/>
      <el:modes el:easy="true" el:single="true" el:network="false"/>
      <el:score el:easy="0:24" el:difficult="0:33"/>
    </el:info>
    <el:luamain><![CDATA[
wo["MeditationStrength"] = cond(wo["IsDifficult"], 4.0, 2.0)

ti[" "] = {"fl_ivory"}
ti["-"] = {"fl_dark"}
ti["."] = {"fl_abyss"}
ti["#"] = {"st_panel", cluster=1}
ti["="] = {"st_panel", cluster=2}
ti["u"] = {"it_meditation_hill"}
ti["o"] = {"it_meditation_hollow"}
ti["0"] = ti["u"] .. {"#ac_pearl_white", name="a"}
ti["O"] = ti["o"] .. {"#ac_pearl_white", name="s#", owner=DEFAULT}
ti["q"] = {"it_rubberband", anchor2="@@s#*", length=5, strength=10.0, max=5.0}

wo(ti, " ", {
    "....##=======##....",
    "...## -     - ##...",
    "..## -O-- --O- ##..",
    ".##   - --- -   ##.",
    ".#  q    -    q  #.",
    ".=  -   ---   -  =.",
    ".=q-O----0----O-q=.",
    ".=  -   ---   -  =.",
    ".#  q    -    q  #.",
    ".##   - --- -   ##.",
    "..## -O-- --O- ##..",
    "...## -     - ##...",
    "....##=======##...."})
  ]]></el:luamain>
    <el:i18n>
     <el:string el:key="title">
       <el:english el:translate="false"/>
     </el:string>
   </el:i18n>
  </el:protected>
</el:level>
