<?xml version="1.0" encoding="UTF-8" standalone="no" ?>
<index xmlns:xsi="http://www.w3.org/2001/XMLSchema-instance" xsi:noNamespaceSchemaLocation="index.xsd">

  <info enigma="1.00" group="Pentomino" location="69000" network="false" owner="Enigma Team" release="1" revision="3" title="Pentomino I"/>

  <attributes/>

  <levels>
    <level _seq="1" _title="Pentomino II" _xpath="enigma_ii/pento02_2" author="Enigma Team" ctrl="force" easy="false" id="ralf_pento2" rel="2" rev="2" score="1" target="time" unit="duration"/>
    <level _seq="2" _title="Pentomino III" _xpath="enigma_ii/pento03_2" author="Enigma Team" ctrl="force" easy="false" id="ralf_pento3" rel="2" rev="2" score="1" target="time" unit="duration"/>
    <level _seq="3" _title="Pentomino IV" _xpath="enigma_ii/pento04_2" author="Enigma Team" ctrl="force" easy="false" id="ralf_pento4" rel="2" rev="2" score="1" target="time" unit="duration"/>
    <level _seq="4" _title="Pentomino V" _xpath="enigma_ii/pento05_2" author="Enigma Team" ctrl="force" easy="false" id="ralf_pento5" rel="2" rev="2" score="1" target="time" unit="duration"/>
    <level _seq="5" _title="Pentomino VI" _xpath="./pento06_1" author="Enigma Team" ctrl="force" easy="false" id="pento6" rel="2" rev="2" score="1" target="time" unit="duration"/>
    <level _seq="6" _title="Pentomino VII" _xpath="./pento07_1" author="Enigma Team" ctrl="force" easy="false" id="pento7" rel="2" rev="2" score="1" target="time" unit="duration"/>
    <level _seq="7" _title="Pentomino VIII" _xpath="./pento08_1" author="Enigma Team" ctrl="force" easy="false" id="pento8" rel="2" rev="2" score="1" target="time" unit="duration"/>
    <level _seq="8" _title="Pentomino IX" _xpath="./pento09_1" author="Enigma Team" ctrl="force" easy="false" id="pento9" rel="2" rev="2" score="1" target="time" unit="duration"/>
    <level _seq="9" _title="Pentomino X" _xpath="./pento10_1" author="Enigma Team" ctrl="force" easy="false" id="pento10" rel="2" rev="2" score="1" target="time" unit="duration"/>
    <level _seq="10" _title="Pentomino XI" _xpath="./pento11_1" author="Enigma Team" ctrl="force" easy="false" id="pento11" rel="2" rev="2" score="1" target="time" unit="duration"/>
    <level _seq="11" _title="Pentomino XII" _xpath="./pento12_1" author="Enigma Team" ctrl="force" easy="false" id="pento12" rel="2" rev="2" score="1" target="time" unit="duration"/>
    <level _seq="12" _title="Pentomino XIII" _xpath="./pento13_1" author="Enigma Team" ctrl="force" easy="false" id="pento13" rel="2" rev="2" score="1" target="time" unit="duration"/>
    <level _seq="13" _title="Pentomino XIV" _xpath="./pento14_1" author="Enigma Team" ctrl="force" easy="false" id="pento14" rel="2" rev="2" score="1" target="time" unit="duration"/>
    <level _seq="14" _title="Pentomino XV" _xpath="./pento15_1" author="Enigma Team" ctrl="force" easy="false" id="pento15" rel="2" rev="2" score="1" target="time" unit="duration"/>
    <level _seq="15" _title="Pentomino XVI" _xpath="./pento16_1" author="Enigma Team" ctrl="force" easy="false" id="pento16" rel="2" rev="2" score="1" target="time" unit="duration"/>
    <level _seq="16" _title="Pentomino XVII" _xpath="./pento17_1" author="Enigma Team" ctrl="force" easy="false" id="pento17" rel="1" rev="1" score="1" target="time" unit="duration"/>
    <level _seq="17" _title="Pentomino XVIII" _xpath="./pento18_1" author="Enigma Team" ctrl="force" easy="false" id="pento18" rel="1" rev="1" score="1" target="time" unit="duration"/>
    <level _seq="18" _title="Pentomino XIX" _xpath="./pento19_1" author="Enigma Team" ctrl="force" easy="false" id="pento19" rel="1" rev="1" score="1" target="time" unit="duration"/>
    <level _seq="19" _title="Pentomino XX" _xpath="./pento20_1" author="Enigma Team" ctrl="force" easy="false" id="pento20" rel="1" rev="1" score="1" target="time" unit="duration"/>
    <level _seq="20" _title="Pentomino XXI" _xpath="./pento21_1" author="Enigma Team" ctrl="force" easy="false" id="pento21" rel="1" rev="1" score="1" target="time" unit="duration"/>
    <level _seq="21" _title="Pentomino XXII" _xpath="./pento22_1" author="Enigma Team" ctrl="force" easy="false" id="pento22" rel="1" rev="1" score="1" target="time" unit="duration"/>
    <level _seq="22" _title="Pentomino XXIII" _xpath="./pento23_1" author="Enigma Team" ctrl="force" easy="false" id="pento23" rel="1" rev="1" score="1" target="time" unit="duration"/>
    <level _seq="23" _title="Pentomino XXIV" _xpath="./pento24_1" author="Enigma Team" ctrl="force" easy="false" id="pento24" rel="1" rev="1" score="1" target="time" unit="duration"/>
    <level _seq="24" _title="Pentomino XXV" _xpath="./pento25_1" author="Enigma Team" ctrl="force" easy="false" id="pento25" rel="1" rev="1" score="1" target="time" unit="duration"/>
    <level _seq="25" _title="Pentomino XXVI" _xpath="./pento26_1" author="Enigma Team" ctrl="force" easy="false" id="pento26" rel="1" rev="1" score="1" target="time" unit="duration"/>
    <level _seq="26" _title="Pentomino XXVII" _xpath="./pento27_1" author="Enigma Team" ctrl="force" easy="false" id="pento27" rel="1" rev="1" score="1" target="time" unit="duration"/>
    <level _seq="27" _title="Pentomino XXVIII" _xpath="./pento28_1" author="Enigma Team" ctrl="force" easy="false" id="pento28" rel="1" rev="1" score="1" target="time" unit="duration"/>
    <level _seq="28" _title="Pentomino XXIX" _xpath="./pento29_1" author="Enigma Team" ctrl="force" easy="false" id="pento29" rel="1" rev="1" score="1" target="time" unit="duration"/>
    <level _seq="29" _title="Pentomino XXX" _xpath="./pento30_1" author="Enigma Team" ctrl="force" easy="false" id="pento30" rel="1" rev="1" score="1" target="time" unit="duration"/>
    <level _seq="30" _title="Pentomino XXXI" _xpath="./pento31_1" author="Enigma Team" ctrl="force" easy="false" id="pento31" rel="1" rev="1" score="1" target="time" unit="duration"/>
    <level _seq="31" _title="Pentomino XXXII" _xpath="./pento32_1" author="Enigma Team" ctrl="force" easy="false" id="pento32" rel="1" rev="1" score="1" target="time" unit="duration"/>
    <level _seq="32" _title="Pentomino XXXIII" _xpath="./pento33_1" author="Enigma Team" ctrl="force" easy="false" id="pento33" rel="1" rev="1" score="1" target="time" unit="duration"/>
    <level _seq="33" _title="Pentomino XXXIV" _xpath="./pento34_1" author="Enigma Team" ctrl="force" easy="false" id="pento34" rel="1" rev="1" score="1" target="time" unit="duration"/>
    <level _seq="34" _title="Pentomino XXXV" _xpath="./pento35_1" author="Enigma Team" ctrl="force" easy="false" id="pento35" rel="1" rev="1" score="1" target="time" unit="duration"/>
    <level _seq="35" _title="Pentomino XXXVI" _xpath="./pento36_1" author="Enigma Team" ctrl="force" easy="false" id="pento36" rel="1" rev="1" score="1" target="time" unit="duration"/>
    <level _seq="36" _title="Pentomino XXXVII" _xpath="./pento37_1" author="Enigma Team" ctrl="force" easy="false" id="pento37" rel="1" rev="1" score="1" target="time" unit="duration"/>
    <level _seq="37" _title="Pentomino XXXVIII" _xpath="./pento38_1" author="Enigma Team" ctrl="force" easy="false" id="pento38" rel="1" rev="1" score="1" target="time" unit="duration"/>
    <level _seq="38" _title="Pentomino XXXIX" _xpath="./pento39_1" author="Enigma Team" ctrl="force" easy="false" id="pento39" rel="1" rev="1" score="1" target="time" unit="duration"/>
    <level _seq="39" _title="Pentomino XL" _xpath="./pento40_1" author="Enigma Team" ctrl="force" easy="false" id="pento40" rel="1" rev="1" score="1" target="time" unit="duration"/>
    <level _seq="40" _title="Pentomino XLI" _xpath="./pento41_1" author="Enigma Team" ctrl="force" easy="false" id="pento41" rel="1" rev="1" score="1" target="time" unit="duration"/>
    <level _seq="41" _title="Pentomino XLII" _xpath="./pento42_1" author="Enigma Team" ctrl="force" easy="false" id="pento42" rel="1" rev="1" score="1" target="time" unit="duration"/>
    <level _seq="42" _title="Pentomino XLIII" _xpath="./pento43_1" author="Enigma Team" ctrl="force" easy="false" id="pento43" rel="1" rev="1" score="1" target="time" unit="duration"/>
    <level _seq="43" _title="Pentomino XLIV" _xpath="./pento44_1" author="Enigma Team" ctrl="force" easy="false" id="pento44" rel="1" rev="1" score="1" target="time" unit="duration"/>
    <level _seq="44" _title="Pentomino XLV" _xpath="./pento45_1" author="Enigma Team" ctrl="force" easy="false" id="pento45" rel="1" rev="1" score="1" target="time" unit="duration"/>
    <level _seq="45" _title="Pentomino XLVI" _xpath="./pento46_1" author="Enigma Team" ctrl="force" easy="false" id="pento46" rel="1" rev="1" score="1" target="time" unit="duration"/>
    <level _seq="46" _title="Pentomino XLVII" _xpath="./pento47_1" author="Enigma Team" ctrl="force" easy="false" id="pento47" rel="1" rev="1" score="1" target="time" unit="duration"/>
    <level _seq="47" _title="Pentomino XLVIII" _xpath="./pento48_1" author="Enigma Team" ctrl="force" easy="false" id="pento48" rel="1" rev="1" score="1" target="time" unit="duration"/>
    <level _seq="48" _title="Pentomino XLIX" _xpath="./pento49_1" author="Enigma Team" ctrl="force" easy="false" id="pento49" rel="1" rev="1" score="1" target="time" unit="duration"/>
    <level _seq="49" _title="Pentomino L" _xpath="./pento50_1" author="Enigma Team" ctrl="force" easy="false" id="pento50" rel="1" rev="1" score="1" target="time" unit="duration"/>
    <level _seq="50" _title="Pentomino LI" _xpath="./pento51_1" author="Enigma Team" ctrl="force" easy="false" id="pento51" rel="1" rev="1" score="1" target="time" unit="duration"/>
    <level _seq="51" _title="Pentomino LII" _xpath="./pento52_1" author="Enigma Team" ctrl="force" easy="false" id="pento52" rel="1" rev="1" score="1" target="time" unit="duration"/>
    <level _seq="52" _title="Pentomino LIII" _xpath="./pento53_1" author="Enigma Team" ctrl="force" easy="false" id="pento53" rel="1" rev="1" score="1" target="time" unit="duration"/>
    <level _seq="53" _title="Pentomino LIV" _xpath="./pento54_1" author="Enigma Team" ctrl="force" easy="false" id="pento54" rel="1" rev="2" score="1" target="time" unit="duration"/>
    <level _seq="54" _title="Pentomino LV" _xpath="./pento55_1" author="Enigma Team" ctrl="force" easy="false" id="pento55" rel="1" rev="2" score="1" target="time" unit="duration"/>
    <level _seq="55" _title="Pentomino LVI" _xpath="./pento56_1" author="Enigma Team" ctrl="force" easy="false" id="pento56" rel="1" rev="1" score="1" target="time" unit="duration"/>
    <level _seq="56" _title="Pentomino LVII" _xpath="./pento57_1" author="Enigma Team" ctrl="force" easy="false" id="pento57" rel="1" rev="1" score="1" target="time" unit="duration"/>
    <level _seq="57" _title="Pentomino LVIII" _xpath="./pento58_1" author="Enigma Team" ctrl="force" easy="false" id="pento58" rel="1" rev="1" score="1" target="time" unit="duration"/>
    <level _seq="58" _title="Pentomino LIX" _xpath="./pento59_1" author="Enigma Team" ctrl="force" easy="false" id="pento59" rel="1" rev="1" score="1" target="time" unit="duration"/>
    <level _seq="59" _title="Pentomino LX" _xpath="./pento60_1" author="Enigma Team" ctrl="force" easy="false" id="pento60" rel="1" rev="1" score="1" target="time" unit="duration"/>
    <level _seq="60" _title="Pentomino LXI" _xpath="./pento61_1" author="Enigma Team" ctrl="force" easy="false" id="pento61" rel="1" rev="1" score="1" target="time" unit="duration"/>
    <level _seq="61" _title="Pentomino LXII" _xpath="./pento62_1" author="Enigma Team" ctrl="force" easy="false" id="pento62" rel="1" rev="1" score="1" target="time" unit="duration"/>
    <level _seq="62" _title="Pentomino LXIII" _xpath="./pento63_1" author="Enigma Team" ctrl="force" easy="false" id="pento63" rel="1" rev="1" score="1" target="time" unit="duration"/>
    <level _seq="63" _title="Pentomino LXIV" _xpath="./pento64_1" author="Enigma Team" ctrl="force" easy="false" id="pento64" rel="1" rev="2" score="1" target="time" unit="duration"/>
    <level _seq="64" _title="Pentomino LXV" _xpath="./pento65_1" author="Enigma Team" ctrl="force" easy="false" id="pento65" rel="1" rev="1" score="1" target="time" unit="duration"/>
    <level _seq="65" _title="Pentomino LXVI" _xpath="./pento66_1" author="Enigma Team" ctrl="force" easy="false" id="pento66" rel="1" rev="1" score="1" target="time" unit="duration"/>
    <level _seq="66" _title="Pentomino LXVII" _xpath="./pento67_1" author="Enigma Team" ctrl="force" easy="false" id="pento67" rel="1" rev="1" score="1" target="time" unit="duration"/>
    <level _seq="67" _title="Pentomino LXVIII" _xpath="./pento68_1" author="Enigma Team" ctrl="force" easy="false" id="pento68" rel="1" rev="1" score="1" target="time" unit="duration"/>
    <level _seq="68" _title="Pentomino LXIX" _xpath="./pento69_1" author="Enigma Team" ctrl="force" easy="false" id="pento69" rel="1" rev="1" score="1" target="time" unit="duration"/>
    <level _seq="69" _title="Pentomino LXX" _xpath="./pento70_1" author="Enigma Team" ctrl="force" easy="false" id="pento70" rel="1" rev="1" score="1" target="time" unit="duration"/>
    <level _seq="70" _title="Pentomino LXXI" _xpath="./pento71_1" author="Enigma Team" ctrl="force" easy="false" id="pento71" rel="1" rev="1" score="1" target="time" unit="duration"/>
    <level _seq="71" _title="Pentomino LXXII" _xpath="./pento72_1" author="Enigma Team" ctrl="force" easy="false" id="pento72" rel="1" rev="1" score="1" target="time" unit="duration"/>
    <level _seq="72" _title="Pentomino LXXIII" _xpath="./pento73_1" author="Enigma Team" ctrl="force" easy="false" id="pento73" rel="1" rev="1" score="1" target="time" unit="duration"/>
    <level _seq="73" _title="Pentomino LXXIV" _xpath="./pento74_1" author="Enigma Team" ctrl="force" easy="false" id="pento74" rel="1" rev="1" score="1" target="time" unit="duration"/>
    <level _seq="74" _title="Pentomino LXXV" _xpath="./pento75_1" author="Enigma Team" ctrl="force" easy="false" id="pento75" rel="1" rev="1" score="1" target="time" unit="duration"/>
    <level _seq="75" _title="Pentomino LXXVI" _xpath="./pento76_1" author="Enigma Team" ctrl="force" easy="false" id="pento76" rel="1" rev="2" score="1" target="time" unit="duration"/>
    <level _seq="76" _title="Pentomino LXXVII" _xpath="./pento77_1" author="Enigma Team" ctrl="force" easy="false" id="pento77" rel="1" rev="2" score="1" target="time" unit="duration"/>
    <level _seq="77" _title="Pentomino LXXVIII" _xpath="./pento78_1" author="Enigma Team" ctrl="force" easy="false" id="pento78" rel="1" rev="2" score="1" target="time" unit="duration"/>
    <level _seq="78" _title="Pentomino LXXIX" _xpath="./pento79_1" author="Enigma Team" ctrl="force" easy="false" id="pento79" rel="1" rev="2" score="1" target="time" unit="duration"/>
    <level _seq="79" _title="Pentomino LXXX" _xpath="./pento80_1" author="Enigma Team" ctrl="force" easy="false" id="pento80" rel="1" rev="2" score="1" target="time" unit="duration"/>
    <level _seq="80" _title="Pentomino LXXXI" _xpath="./pento81_1" author="Enigma Team" ctrl="force" easy="false" id="pento81" rel="1" rev="2" score="1" target="time" unit="duration"/>
    <level _seq="81" _title="Pentomino LXXXII" _xpath="./pento82_1" author="Enigma Team" ctrl="force" easy="false" id="pento82" rel="1" rev="2" score="1" target="time" unit="duration"/>
    <level _seq="82" _title="Pentomino LXXXIII" _xpath="./pento83_1" author="Enigma Team" ctrl="force" easy="false" id="pento83" rel="1" rev="2" score="1" target="time" unit="duration"/>
    <level _seq="83" _title="Pentomino LXXXIV" _xpath="./pento84_1" author="Enigma Team" ctrl="force" easy="false" id="pento84" rel="1" rev="3" score="1" target="time" unit="duration"/>
    <level _seq="84" _title="Pentomino LXXXV" _xpath="./pento85_1" author="Enigma Team" ctrl="force" easy="false" id="pento85" rel="1" rev="2" score="1" target="time" unit="duration"/>
    <level _seq="85" _title="Pentomino LXXXVI" _xpath="./pento86_1" author="Enigma Team" ctrl="force" easy="false" id="pento86" rel="1" rev="2" score="1" target="time" unit="duration"/>
    <level _seq="86" _title="Pentomino LXXXVII" _xpath="./pento87_1" author="Enigma Team" ctrl="force" easy="false" id="pento87" rel="1" rev="2" score="1" target="time" unit="duration"/>
    <level _seq="87" _title="Pentomino LXXXVIII" _xpath="./pento88_1" author="Enigma Team" ctrl="force" easy="false" id="pento88" rel="1" rev="2" score="1" target="time" unit="duration"/>
    <level _seq="88" _title="Pentomino LXXXIX" _xpath="./pento89_1" author="Enigma Team" ctrl="force" easy="false" id="pento89" rel="1" rev="2" score="1" target="time" unit="duration"/>
    <level _seq="89" _title="Pentomino XC" _xpath="./pento90_1" author="Enigma Team" ctrl="force" easy="false" id="pento90" rel="1" rev="3" score="1" target="time" unit="duration"/>
    <level _seq="90" _title="Pentomino XCI" _xpath="./pento91_1" author="Enigma Team" ctrl="force" easy="false" id="pento91" rel="1" rev="1" score="1" target="time" unit="duration"/>
    <level _seq="91" _title="Pentomino XCII" _xpath="./pento92_1" author="Enigma Team" ctrl="force" easy="false" id="pento92" rel="1" rev="1" score="1" target="time" unit="duration"/>
    <level _seq="92" _title="Pentomino XCIII" _xpath="./pento93_1" author="Enigma Team" ctrl="force" easy="false" id="pento93" rel="1" rev="1" score="1" target="time" unit="duration"/>
    <level _seq="93" _title="Pentomino XCIV" _xpath="./pento94_1" author="Enigma Team" ctrl="force" easy="false" id="pento94" rel="1" rev="1" score="1" target="time" unit="duration"/>
    <level _seq="94" _title="Pentomino XCV" _xpath="./pento95_1" author="Enigma Team" ctrl="force" easy="false" id="pento95" rel="1" rev="1" score="1" target="time" unit="duration"/>
    <level _seq="95" _title="Pentomino XCVI" _xpath="./pento96_1" author="Enigma Team" ctrl="force" easy="false" id="pento96" rel="1" rev="1" score="1" target="time" unit="duration"/>
    <level _seq="96" _title="Pentomino XCVII" _xpath="./pento97_1" author="Enigma Team" ctrl="force" easy="false" id="pento97" rel="1" rev="1" score="1" target="time" unit="duration"/>
    <level _seq="97" _title="Pentomino XCVIII" _xpath="./pento98_1" author="Enigma Team" ctrl="force" easy="false" id="pento98" rel="1" rev="1" score="1" target="time" unit="duration"/>
    <level _seq="98" _title="Pentomino XCIX" _xpath="./pento99_1" author="Enigma Team" ctrl="force" easy="false" id="pento99" rel="1" rev="1" score="1" target="time" unit="duration"/>
    <level _seq="99" _title="Pentomino C" _xpath="./pento100_1" author="Enigma Team" ctrl="force" easy="false" id="pento100" rel="1" rev="1" score="1" target="time" unit="duration"/>
  </levels>

</index>
