<?xml version="1.0" encoding="UTF-8" standalone="no" ?>
<el:level xmlns:xsi="http://www.w3.org/2001/XMLSchema-instance" xsi:schemaLocation="http://enigma-game.org/schema/level/1 level.xsd" xmlns:el="http://enigma-game.org/schema/level/1">
  <el:protected>
    <el:info el:type="level">
      <el:identity el:title="Bomb raider" el:subtitle="" el:id="alain27"/>
      <el:version el:score="1" el:release="2" el:revision="1" el:status="released"/>
      <el:author  el:name="Alain Busser" el:email="" el:homepage=""/>
      <el:copyright>Copyright © 2005 Alain Busser</el:copyright>
      <el:license el:type="GPL v2.0 or above" el:open="true"/>
      <el:compatibility el:enigma="1.10"/>
      <el:modes el:easy="true" el:single="true" el:network="false"/>
      <el:comments><el:code>New API converted by R. Bourquin</el:code></el:comments>
      <el:score el:easy="4:14" el:difficult="6:38"/>
    </el:info>
    <el:luamain><![CDATA[
wo["FollowGrid"] = true
wo["FollowMethod"] = FOLLOW_SCROLL
wo["FollowAction"] = FOLLOW_HALFSCREEN

ti[" "] = cond(wo["IsDifficult"], {"fl_ice"}, {"fl_bluegray"})
ti["~"] = {"fl_water"}
ti["-"] = {"fl_swamp"}
ti["#"] = ti({"fl_ice"}) .. {"st_rawglass"}
ti["I"] = {"st_ice"}
ti["d"] = {"it_dynamite"}
ti["b"] = {"it_bomb_black"}
ti["B"] = ti["I"] .. ti["b"]
ti["A"] = ti["#"] .. ti["b"]
ti["O"] = {"st_oxyd", name="o"}
ti["P"] = {"st_oxyd", oxydcolor=OXYD_FAKE}
ti["Q"] = {"st_oxyd", oxydcolor=OXYD_QUAKE}
ti["@"] = {"#ac_marble_black"}

wo(ti, " ", {
    "#####################################",
    "#O   ~~~  ~~~~     I ~  #~ B      IP#",
    "#   ~~~  ~~~~~~    A I  #~ # # #  II#",
    "#  ~~~       O~~   I ~     A # #    #",
    "#   ~~~  ~~~~~~    A #  #~ # # #ABAB#",
    "# @  ~~~  ~~~~#    # ~  A~ A #      #",
    "#                  I I  #~ # B###A#A#",
    "#   ~~~ #    ---   I ~  A~      B   #",
    "#  ~~~~~    -----  A #  #~I~I # # # #",
    "# ~~~O~~~   --I--  # ~  B~~~~ B A A #",
    "#  ~~~~~    -----  A I  #~OO~ # # # #",
    "#d  ~~~#     ---  O# ~ P#~~~~ A   #Q#",
    "#####################################"})

wo:shuffleOxyd()
 ]]></el:luamain>
    <el:i18n>
      <el:string el:key="title">
        <el:english el:translate="false"/>
      </el:string>
    </el:i18n>
  </el:protected>
</el:level>
