<?xml version="1.0" encoding="UTF-8" standalone="no" ?>
<el:level xmlns:xsi="http://www.w3.org/2001/XMLSchema-instance" xsi:schemaLocation="http://enigma-game.org/schema/level/1 level.xsd" xmlns:el="http://enigma-game.org/schema/level/1">
  <el:protected>
    <el:info el:type="level">
      <el:identity el:title="Janus" el:subtitle="" el:id="andreas38"/>
      <el:version el:score="1" el:release="2" el:revision="2" el:status="released"/>
      <el:author el:name="Andreas Lochmann" el:email="" el:homepage=""/>
      <el:copyright>Copyright © 2006, 2009 Andreas Lochmann</el:copyright>
      <el:license el:type="GPL v2.0 or above" el:open="true"/>
      <el:compatibility el:enigma="1.10">
      </el:compatibility>
      <el:modes el:easy="false" el:single="true" el:network="true"/>
      <el:comments>
      </el:comments>
      <el:score el:easy="-" el:difficult="02:25"/>
    </el:info>
    <el:luamain><![CDATA[

ti["  "] = {"fl_rock"} .. ti{"it_trigger", invisible = true}
ti[". "] = {"fl_dark"} .. ti{"it_trigger", invisible = true}
ti[", "] = {"fl_bright"} .. ti{"it_trigger", invisible = true}
ti[" #"] = {"st_darkgray"}
ti[" W"] = {"st_box"}
ti[" X"] = {"st_oxyd", flavor = "b", oxydcolor = OXYD_PURPLE}
ti[" t"] = {"it_trigger"}
ti[" @"] = {"#ac_marble"} .. ti{"it_yinyang"}
ti[" %"] = {"#ac_marble_white"} .. ti{"it_yinyang"}
ti["door"] = {"st_door", "door%%", faces = "sn"}
ti["trigger"] = {"it_trigger", target = "door%%", invisible = true}

wo(res.composer(res.autotile(ti, {" a", " r", "trigger"}, {" A", " R", "door"})), "  ", {
  ".#.#.#.#.#.#.#.#.#.#.#.#.#.#.#.#.#.#.#.#",
  ".#. . . . . . .t.j. . .W. . . . . .#,X.#",
  ".#. .%. . . . . . . . . . .k. . . .#, .#",
  ".#. . . . .t.l. . .t. . . . . . . .#, .#",
  ".#. . . . . . . . .m.W. . . . . . .#,J.#",
  ".#. . .t. . . .t. .W. .t.n.W. . . .#,K.#",
  ".#. . . . . .W. . . . . . . . .W. .#,L.#",
  ".#. . . . .t. . . .t.p. . .o. . . .#,M.#",
  ".#. . . . . . .r. . .W. .q. . . . .#,N.#",
  ".#. . . . . . .t. . . . . . .W. . .#,O.#",
  ".#. . . . . . . . . . .W. . . . . .#,P.#",
  ".#. . . . . . . . . . . . . . . . .#,Q.#",
  " #.A # # # # # # # # # # # # # # # #,R #",
  ",#.B,#, , , , , , , , , , , , , , , , ,#",
  ",#.C,#, , , , , ,a, , , , , , , , , , ,#",
  ",#.D,#, , ,b, , , , , , ,t, , , , , , ,#",
  ",#.E,#, , , , ,W, ,c, , ,W, , , , , , ,#",
  ",#.F,#, , , ,W, , ,W,t, , , ,t, , , , ,#",
  ",#.G,#, ,d, , , , , , , , ,e, , , , , ,#",
  ",#.H,#, , , ,f,W,t, ,g, ,t, , , ,t, , ,#",
  ",#.I,#, , , , , , ,h,W, , , , , , , , ,#",
  ",#. ,#, , , , , , , ,t, , ,W,t, , , , ,#",
  ",#. ,#, , , ,W, , , , , , , , , , ,@, ,#",
  ",#.X,#, , , , , ,i, , ,W,t, , , , , , ,#",
  ",#,#,#,#,#,#,#,#,#,#,#,#,#,#,#,#,#,#,#,#"})

 ]]></el:luamain>
    <el:i18n>
      <el:string el:key="title">
        <el:english el:translate="false"/>
      </el:string>
    </el:i18n>
  </el:protected>
</el:level>

