<?xml version="1.0" encoding="UTF-8" standalone="no" ?>
<el:level xmlns:xsi="http://www.w3.org/2001/XMLSchema-instance" xsi:schemaLocation="http://enigma-game.org/schema/level/1 level.xsd" xmlns:el="http://enigma-game.org/schema/level/1">
  <el:protected>
    <el:info el:type="level">
      <el:identity el:title="Checkmate I" el:subtitle="" el:id="andreas29"/>
      <el:version el:score="1" el:release="2" el:revision="2" el:status="released"/>
      <el:author el:name="Andreas Lochmann" el:email="" el:homepage=""/>
      <el:copyright>Copyright © 2006, 2009 Andreas Lochmann</el:copyright>
      <el:license el:type="GPL v2.0 or above" el:open="true"/>
      <el:compatibility el:enigma="1.10">
      </el:compatibility>
      <el:modes el:easy="false" el:single="true" el:network="true"/>
      <el:comments>
      </el:comments>
      <el:score el:easy="-" el:difficult="00:27"/>
    </el:info>
    <el:luamain><![CDATA[

ti[" "] = ti{"fl_bright", checkerboard = 0} .. {"fl_dark", checkerboard = 1}
ti["#"] = {"st_flat"}
ti["C"] = ti{"st_chess_white", checkerboard = 0} .. {"st_chess_black", checkerboard = 1}
ti["X"] = ti{"st_passage_black_frame", checkerboard = 0} .. {"st_passage_white_frame", checkerboard = 1}
ti["O"] = ti{"st_oxyd", oxydcolor = OXYD_YELLOW}
ti["@"] = ti{"#ac_marble"} .. {"it_yinyang"}
ti["%"] = ti{"#ac_marble_white"} .. {"it_yinyang"}

wo(ti, " ", {
  "####################",
  "#      XXXXXX      #",
  "#      XXXXXX      #",
  "#      XXXXXX      #",
  "#      CCCCCC      #",
  "#      CCCCCC      #",
  "OX @   CCCCCC   % XO",
  "#      CCCCCC      #",
  "#      CCCCCC      #",
  "#      XXXXXX      #",
  "#      XXXXXX      #",
  "#      XXXXXX      #",
  "####################"})

 ]]></el:luamain>
    <el:i18n>
      <el:string el:key="title">
        <el:english el:translate="false"/>
      </el:string>
    </el:i18n>
  </el:protected>
</el:level>
