<?xml version="1.0" encoding="UTF-8" standalone="no" ?>
<el:level xmlns:xsi="http://www.w3.org/2001/XMLSchema-instance" xsi:schemaLocation="http://enigma-game.org/schema/level/1 level.xsd" xmlns:el="http://enigma-game.org/schema/level/1">
  <el:protected>
    <el:info el:type="level">
      <el:identity el:title="One-Way Woods" el:subtitle="Recycling by Swapping" el:id="duffy135"/>
      <el:version el:score="1" el:release="2" el:revision="2" el:status="released"/>
      <el:author  el:name="Jacob Scott" el:email="" el:homepage=""/>
      <el:copyright>Copyright © 2007 Jacob Scott</el:copyright>
      <el:license el:type="GPL v2.0 or above" el:open="true"/>
      <el:compatibility el:enigma="1.10"/>
      <el:modes el:easy="false" el:single="true" el:network="false"/>
      <el:comments><el:code>New API converted by /dev/null</el:code></el:comments>
      <el:score el:easy="-" el:difficult="-"/>
    </el:info>
    <el:luamain><![CDATA[
ti[" "] = {"fl_bluegreen"}
ti["."] = {"fl_abyss"}
ti["#"] = {"st_greenbrown"}
ti["X"] = {"st_grate", flavor="cross"}
ti["+"] = {"st_box"}
ti["^"] = {"st_oneway", orientation = NORTH}
ti[">"] = {"st_oneway", orientation = EAST}
ti["V"] = {"st_oneway", orientation = SOUTH}
ti["<"] = {"st_oneway", orientation = WEST}
ti["S"] = {"st_swap"}
ti["O"] = {"st_oxyd"}
ti["@"] = {"#ac_marble_black"}

wo(ti, " ", {
    "####################",
    "#O#    XXXXX     #O#",
    "#.#    X#+#X     #.#",
    "#      XXXXX       #",
    "#  XXXXX   XXXXX   #",
    "#  X#^#X   X#V#X   #",
    "#  X<+>X   X>+<X   #",
    "#  X#V#X   X#^#X   #",
    "#  XXXXX S XXXXX   #",
    "#                  #",
    "#.#      +    @  #.#",
    "#O#              #O#",
    "####################"})

wo:shuffleOxyd()
 ]]></el:luamain>
    <el:i18n>
      <el:string el:key="title">
        <el:english el:translate="true"/>
        <el:translation el:lang="de">Einweghölzer</el:translation>
      </el:string>
      <el:string el:key="subtitle">
        <el:english el:translate="true"/>
      </el:string>
    </el:i18n>
  </el:protected>
</el:level>
