<?xml version="1.0" encoding="UTF-8" standalone="no" ?>
<el:level xmlns:xsi="http://www.w3.org/2001/XMLSchema-instance" xsi:schemaLocation="http://enigma-game.org/schema/level/1 level.xsd" xmlns:el="http://enigma-game.org/schema/level/1">
  <el:protected >
    <el:info el:type="level">
      <el:identity el:title="Meditation Disturbance" el:subtitle="Hit by a bolting horse" el:id="20060429ral006"/>
      <el:version el:score="1" el:release="2" el:revision="$Revision: 143 $" el:status="released"/>
      <el:author  el:name="Ronald Lamprecht" el:email="ral@users.berlios.de"/>
      <el:copyright>Copyright © 2006 Ronald Lamprecht</el:copyright>
      <el:license el:type="GPL v2.0 or above" el:open="true"/>
      <el:compatibility el:enigma="1.10"/>
      <el:modes el:easy="true" el:single="true" el:network="false"/>
      <el:score el:easy="0:11" el:difficult="0:27"/>
    </el:info>
    <el:luamain><![CDATA[
ti[" "] = {"fl_bluegray"}
ti["#"] = {"st_rawglass"}
ti["meditation"] = {"it_meditation", "m%%"}
ti["@"] = {"#ac_pearl"}
if wo["IsDifficult"] then
    ti["O"] = {"#ac_horse", destination={"m%1","m%2","m%3","m%4"}, strength=7.2}
else
    ti["O"] = {"#ac_horse", destination={"m%1","m%2","m%3","m%4"}, strength=6.0}
end

wo(res.autotile(ti, {"1", "4", "meditation"}), " ", {
    "####################",
    "#                  #",
    "#                  #",
    "#  2            1  #",
    "#                  #",
    "#      @    @      #",
    "#               O  #",
    "#      @    @      #",
    "#                  #",
    "#  3            4  #",
    "#                  #",
    "#                  #",
    "####################"
})
 ]]></el:luamain>
    <el:i18n>
      <el:string el:key="title">
        <el:english el:translate="true"/>
        <el:translation el:lang="de">Ruhestörung bei der Meditation</el:translation>
      </el:string>
      <el:string el:key="subtitle">
        <el:english el:translate="true" el:comment="free translatable joke about being hit by a horse"/>
        <el:translation el:lang="de">Ich glaub mich tritt ein Pferd</el:translation>
      </el:string>
    </el:i18n>
  </el:protected>
</el:level>
