<?xml version="1.0" encoding="UTF-8" standalone="no" ?>
<el:level xmlns:xsi="http://www.w3.org/2001/XMLSchema-instance" xsi:schemaLocation="http://enigma-game.org/schema/level/1 level.xsd" xmlns:el="http://enigma-game.org/schema/level/1">
  <el:protected >
    <el:info el:type="level">
      <el:identity el:title ="Jump into Meditation" el:id="20060525ral009"/>
      <el:version el:score="1" el:release="2" el:revision="$Revision: 190 $" el:status="released"/>
      <el:author  el:name="Ronald Lamprecht" el:email="ral@users.berlios.de"/>
      <el:copyright>Copyright © 2006 Ronald Lamprecht</el:copyright>
      <el:license el:type="GPL v2.0 or above" el:open="true"/>
      <el:compatibility el:enigma="1.10"/>
      <el:modes el:easy="true" el:single="true" el:network="false"/>
      <el:score el:easy="0:03" el:difficult="0:19"/>
    </el:info>
    <el:luamain><![CDATA[
wo["ConserveLevel"] = false

ti[" "] = {"fl_abyss"}
ti["."] = {"fl_rock"}
ti["s"] = {"it_springboard"} .. ti["."]
ti["#"] = {"st_redbrown"}
ti["o"] = {"it_meditation"} .. ti["."]
ti["@"] = {"#ac_pearl", essential=INDISPENSABLE} .. ti["."]

ti["1"] = cond(wo["IsDifficult"], ti["@"], ti["."])
ti["2"] = cond(wo["IsDifficult"], ti["."], ti["@"])

wo(ti, " ", {
    "####################",
    "#                  #",
    "# ... ...  ... ... #",
    "# .o. .o.  .o. .o. #",
    "# ... ...  ... ... #",
    "#                  #",
    "# .s...s....s...s. #",
    "# .2.............. #",
    "# .....2.......... #",
    "# ......11112..... #",
    "# ..............2. #",
    "#                  #",
    "####################"
})
    ]]></el:luamain>
    <el:i18n>
    </el:i18n>
  </el:protected>
</el:level>

