<?xml version="1.0" encoding="UTF-8" standalone="no" ?>
<el:level xmlns:xsi="http://www.w3.org/2001/XMLSchema-instance" xsi:schemaLocation="http://enigma-game.org/schema/level/1 level.xsd" xmlns:el="http://enigma-game.org/schema/level/1">
  <el:protected>
    <el:info el:type="level">
      <el:identity el:title="Same Task ..." el:subtitle="... different Mirrors" el:id="raoul29"/>
      <el:version el:score="1" el:release="1" el:revision="12" el:status="released"/>
      <el:author  el:name="Raoul Bourquin" el:email="" el:homepage=""/>
      <el:copyright>Copyright © 2007 Raoul Bourquin</el:copyright>
      <el:license el:type="GPL v2.0 or above" el:open="true"/>
      <el:compatibility el:enigma="1.10"/>
      <el:modes el:easy="true" el:single="true" el:network="false"/>
      <el:score el:easy="-" el:difficult="-"/>
    </el:info>
    <el:luamain><![CDATA[
ti[" "] = {"fl_metal"}
ti["-"] = {"fl_abyss"}
ti["G"] = {"st_darkglass"}
ti["F"] = {"st_lightglass"}
ti["w"] = {"it_flag_white"}
ti["b"] = {"it_flag_black"}
ti["y"] = {"it_yinyang"}
ti["h"] = {"st_mirror", flavor="slab", transparent=true, orientation=SOUTH}
ti["v"] = {"st_mirror", flavor="slab", transparent=true, orientation=NORTH}
ti["<"] = {"st_mirror", flavor="triangle", transparent=false, movable=true, orientation=WEST}
ti["|"] = {"st_mirror", flavor="slab", transparent=false, movable=true}
ti["("] = {"st_mirror", flavor="triangle", transparent=true, movable=true, orientation=WEST}
ti["i"] = {"st_mirror", flavor="sheets", transparent=true, movable=true}
ti["P"] = {"st_polarswitch"}
ti["1"] = {"it_trigger", target="l_west", action_1="on", action_0="off"}
ti["2"] = {"it_trigger", target="l_east", action_1="on", action_0="off"}
ti["L"] = {"st_laser", orientation=WEST, name="l_west"}
ti["l"] = {"st_laser", orientation=EAST, name="l_east"}
ti["O"] = {"st_oxyd", flavor="b"}
ti["A"] = ti["y"] .. {"#ac_marble_black", essential=INDISPENSABLE}
ti["B"] = ti["y"] .. {"#ac_marble_white", essential=INDISPENSABLE}
if  wo["IsDifficult"]  then
    ti["~"] = {"fl_abyss", friction=0.25}
    ti["*"] = ti["~"] .. {"ac_rotor", 0.0, 0.5, strength=20, range=15, prefercurrent=0.0}
else
    ti["~"] = {"fl_abyss", friction=0.1}
    ti["*"] = ti["~"] .. {"ac_rotor", 0.0, 0.5, strength=10, range=15, prefercurrent=0.0}
end

wo(ti, " ", {
    "-------G1~*2G-------",
    "GGOFFFFOGGGGOFFFFOGG",
    "GGh    hGGGFh    hFG",
    "OvP----PvOOvP----PvO",
    "F -    - GG -   w- F",
    "F - << - GG - |i - F",
    "F - A< - Ll - |B - F",
    "F - (< - GG - |i - F",
    "F -b   - GG -    - F",
    "OvP----PvOOvP----PvO",
    "GGh    hGGGFh    hFG",
    "GGOFFFFOGGGGOFFFFOGG",
    "-------G1~*2G-------"})

wo:shuffleOxyd()
 ]]></el:luamain>
    <el:i18n>
      <el:string el:key="title">
        <el:english el:translate="false"/>
      </el:string>
    </el:i18n>
  </el:protected>
</el:level>
