<?xml version="1.0" encoding="UTF-8" standalone="no" ?>
<el:level xmlns:xsi="http://www.w3.org/2001/XMLSchema-instance" xsi:schemaLocation="http://enigma-game.org/schema/level/1 level.xsd" xmlns:el="http://enigma-game.org/schema/level/1">
  <el:protected>
    <el:info el:type="level">
      <el:identity el:title="Puzzle Puzzles" el:subtitle="look forward!" el:id="raoul26"/>
      <el:version el:score="2" el:release="2" el:revision="31" el:status="released"/>
      <el:author el:name="Raoul Bourquin" el:email="" el:homepage=""/>
      <el:copyright>Copyright © 2006 Raoul Bourquin</el:copyright>
      <el:license el:type="GPL v2.0 or above" el:open="true"/>
      <el:compatibility el:enigma="1.10">
	<el:dependency el:path="lib/libpuzzle" el:id="lib/libpuzzle" el:release="3" el:preload="true"/>
      </el:compatibility>
      <el:modes el:easy="true" el:single="true" el:network="false"/>
      <el:comments>
        <el:credits el:showinfo="true" el:showstart="false">Thanks to Ronald for developing and debugging this level.</el:credits>
      </el:comments>
      <el:score el:easy="10:21" el:difficult="8:21"/>
    </el:info>
    <el:luamain><![CDATA[
ti["- "] = {"fl_rough"}
ti[". "] = {"fl_rough", name="dest"}
ti["~ "] = {"fl_water"}
ti["= "] = {"fl_dark"}
ti[", "] = {"fl_thief"}
ti["V "] = {"fl_slope_ps"}
ti["< "] = {"fl_slope_pw"}
ti["> "] = {"fl_slope_pe"}
ti["^ "] = {"fl_slope_pn"}
ti["1 "] = {"fl_slope_one"}
ti["3 "] = {"fl_slope_onw"}
ti["7 "] = {"fl_slope_ose"}
ti["9 "] = {"fl_slope_osw"}
ti["2 "] = {"fl_slope_ine"}
ti["4 "] = {"fl_slope_inw"}
ti["6 "] = {"fl_slope_ise"}
ti["8 "] = {"fl_slope_isw"}
ti[" #"] = {"st_granite"}
ti[" G"] = {"st_rawglass"}
ti[" H"] = {"st_rawglass_movable"}
ti[" S"] = {"st_bluesand"}
ti[" D"] = {"st_death"}
ti[" B"] = {"st_break_oxydc"}
ti[" X"] = {"st_grate", flavor="cross"}
ti[" F"] = {"st_passage", flavor="frame", color=BLACK}
ti[" I"] = {"st_stoneimpulse"}
ti[" J"] = {"st_stoneimpulse_hollow"}
ti[" C"] = {"st_coinslot", target="door"}
ti[" E"] = {"st_door", name="door", flavor="c"}
ti[" L"] = {"st_laser", orientation=SOUTH, state=ON}
ti[" M"] = {"st_mirror", orientation=SLASH}
ti[" N"] = {"st_mirror", orientation=RANDOMDIR}
ti[" m"] = {"st_mirror", movable=true, orientation=RANDOMDIR}
ti[" n"] = {"st_mirror", movable=true, transparent=true, orientation=RANDOMDIR}
ti[" W"] = {"st_polarswitch", state=OFF}
ti[" >"] = {"st_oneway", color=BLACK, orientation=EAST}
ti[" <"] = {"st_oneway", color=BLACK, orientation=WEST}
ti[" ="] = {"st_barrier"}
ti[" *"] = {"st_puzzle", cluster=1}
ti[" +"] = {"st_puzzle", hollow=true, cluster=1}
ti[" x"] = {"st_puzzle", cluster=2}
ti[" o"] = {"st_puzzle", hollow=true, cluster=2}
ti[" R"] = {"st_rotator"}
ti["P"] = ti["= "] .. {"st_puzzle"}
ti["Y"] = ti["= "] .. {"st_puzzle", color=YELLOW, intensity=0}
ti[" a"] = {"it_bottle_broken"}
ti[" b"] = {"it_banana"}
ti["c "] = {"it_cherry"}
ti[" d"] = {"it_spoon"}
ti["h "] = {"it_hammer"}
ti[" l"] = {"it_extralife"}
ti["m "] = {"it_coin_m"}
ti["s "] = ti["= "] .. {"it_seed"}
ti[" w"] = {"it_magicwand"}
ti["x "] = {"it_cross"}
ti["* "] = {"it_wormhole", destination="dest", strength=0}
if wo["IsDifficult"] then
    ti["_ "] = ti["~ "]
    ti[": "] = ti["- "]
    ti[" %"] = ti[" a"]
    ti[" &"] = {"st_nil"}
    ti[" U"] = {"st_nil"}
    ti[" k"] = {"it_nil"}
    ti[" Z"] = ti[" X"]
    ti[" z"] = {"st_nil"}
    ti["; "] = ti["- "]
else
    ti["_ "] = ti["- "]
    ti[": "] = ti["~ "]
    ti[" %"] = {"st_box"}
    ti[" &"] = ti[" B"]
    ti[" U"] = ti[" G"]
    ti[" k"] = ti[" a"]
    ti[" Z"] = {"st_nil"}
    ti[" z"] = ti[" X"]
    ti["; "] = ti["- "] .. {"it_puller_n"}
end
ti[" O"] = {"st_oxyd", flavor="d"}
ti[" @"] = {"#ac_marble"}

wo(res.composer(res.puzzle(ti,"Y", "P")), "- ", {
    "~ ~ ~ ~ ~ ~ ~ ~ ~ ~ ~ ~ ~ ~ ~ ~ ~ ~ ~ ~ ~ ~ ~ ~ ~ ~ ~ ~ ~ ~ ~ ~ ~ ~ ~ ~ ~ ~ ~ ~ ",
    "~ ~ ~ ~ ~ ~ ~ ~ ~ ~ ~ ~ ~ ~ ~ ~ ~ ~ ~ ~ -G-G~ ~ ~ ~ ~ ~ -G-G~ ~ ~ ~ ~L~ ~ ~ ~ ~ ",
    "~ ~ ~ ~ ~ ~ ~ ~ ~ ~ ~ ~ ~ ~ ~ ~ ~ ~ ~ ~ -G- - - - - - - - -G~ ~ -M-*-G-G-N~ ~ ~ ",
    "~ ~ 7#7#V#9#9#~ ~ ~ ~ ~ ~ ~ ~ ~ ~ ~ ~ ~ ~ - -S-S-S-X-S-S- ~ ~ ~ -Gc+-x-o-x~ ~ ~ ",
    "~ 7#7#7OV 9O9#9#~ ~ ~ ~ ~ =#=#^#^ 2 ~ ~ ~ - -S- - - - -S- ~ ~ ~ -G-*-W- -X~ ~ ~ ",
    "~ 7#7O7 V 9 9O9#=#=D=D=D=#=#Yh=#= 1 2 ~ ~ - -S- - - - - - ~ ~ ~ -G-b-G- -n~I~J- ",
    "~ >#> > ~ < < = = = = = = sXYj=#= = > - -l- - - -*-*- -S- ~ ~ ~ -M-G-N- -G~ ~J-J",
    "~ 1#1O1 ^ 3 3O3#=#=D=D=D=#=#s = = 7 6 ~ ~ ~ -S-*-*- - -S- ~ ~ ~ ~ ~ ~ -*~ ~ ~ -J",
    "~ 1#1#1O^ 3O3#3#~ ~ ~ ~ ~ =#~GVGV 6 ~ ~ ~ ~ -S-*-S- -S-S- ~ ~ ~ - -*-+;*- - - -J",
    "~ ~ 1#1#^#3#3#~ ~ ~ ~ ~ ~ ~ ~ ~ ~ ~ ~ ~ ~ ~ ~ ~ ~ - - - - -G~ ~ - ~ ~ ~*~ ~ ~ ~J",
    "~ ~ ~ ~ ~ ~ ~ ~ ~ ~ ~ ~ ~ ~ ~ ~ ~ ~ ~ ~ ~ ~ ~ ~ ~ - ~ ~ -G-G~ ~ - ~ ~ ~ ~ ~J~J~J",
    "~ ~ ~ ~ ~ ~ ~ ~ ~ ~ ~ ~ ~ ~ ~ ~ ~ ~ ~ ~ ~ ~G~ ~ ~ - ~ ~ ~ ~ ~ ~ - ~ ~ ~ ~G~ ~ ~ ",
    "~ ~ ~ ~ ~ ~ ~ ~ ~ ~ ~ ~ ~ ~ ~ ~ ~ ~ ~ ~ ~G~M~G~ ~W- - - - - - - - ~ ~ ~G~M~G~ ~ ",
    "~ ~ ~ ~ ~ ~ ~ ~ ~ ~ ~ ~ ~ ~ ~ ~ ~ ~ ~ ~ ~ ~G~ ~ ~ - ~ ~ ~ ~ ~ ~ -S~ ~ ~ ~G~ ~ ~ ",
    "~ ~ -G~ ~ ~ ~ ~ ~ ~ ~ ~ ~ ~ ~G~ ~ ~ ~ ~ ~ ~ ~ ~ ~ - ~ ~ -S-S-S-S-S~ ~ ~ -S-S~ ~ ",
    "~ mG- - - - - - - - - - - - -W~G~ ~ ~ ~ ~ ~ ~ ~ ~ - ~ ~ -S- - - - - - - - -S~ ~ ",
    "~ ~ - -G~ ~ ~ ~ ~ ~ ~ ~ ~ - - ~ ~ ~ ~ ~ ~ ~ ~ ~ ~ - ~ ~ -S- -S-S-X-S-S-S- -S~ ~ ",
    "~ ~ - ~ ~ ~ ~ ~ ~ ~ ~ ~ ~ ~ - ~ ~ ~ ~ ~ ~ ~ ~ ~ -S- -S~ -S- -S-X- - - -X- -S~ ~ ",
    "~ ~ - -G~ ~ ~ ~ -G~ ~ ~ ~ ~ - ~ ~ ~ ~ ~ ~ ~G~ -S-S- -S-S-S- -X- - -*-*-S-S-S~ ~ ",
    "~ -G- - - - - - - mH~ ~ ~ ~ - ~ ~ ~ ~ ~ ~G~M~G-G-G- - -B-B- - - - -+- -S~ ~ ~ ~ ",
    "~ ~ -G~ ~ ~ ~ -G- ~ ~ ~ ~ ~ - ~ ~ ~ ~ ~ ~ ~ ~ -l- cX- -G-S-S-S- -*-*-G-S~ ~ ~ ~ ",
    "~ ~ ~ ~ ~ ~ ~ ~ - ~ ~ ~ ~ ~ - ~ ~ ~ ~ ~ ~ ~ ~ -S-Sx -S-S-S~ -S-S-S- -S-S~ ~ ~ ~ ",
    "~ ~ ~ ~ ~ ~ ~ ~ - ~ ~ ~ ~ ~ - - ~ ~ ~ ~ ~ - ~ ~ ~ mm- - -E-S-S~ ~ - -S~ ~ ~ ~ ~ ",
    "~ ~ ~ ~ ~ ~ ~ ~ - ~ ~ ~ ~ ~G-N- - - - - - - - - - - ~&-m- - - - - - -S-S~ ~ ~ ~ ",
    "~ ~ ~ ~ ~ ~ ~ ~ - ~ ~ ~ ~ ~ ~G~ ~ ~ ~ ~ ~G-G~G~ ~ - - - -C-S-S-S- - - -S~S~S~S~S",
    "~ ~ ~ ~ ~ ~ ~ ~ - ~ ~ ~ ~ ~ ~ ~ ~ ~ ~ ~ ~ -G~ ~ ~ _ : ~ ~ ~k~ -S-S. -R-S~ ~ ~ ~ ",
    "~ ~ ~ ~ ~ ~ ~ ~ - ~ ~ ~ ~ ~ ~ ~ ~ ~ ~ ~ ~ -G~ ~ ~ _ : ~ ~ ~k~Z~ -S~a-S~S~ ~ ~ ~ ",
    "~ ~ ~ ~ ~ ~ ~ ~ - -G~ ~ ~ ~ ~ ~ -G~ ~ ~ ~ -G~ ~ ~ _ : ~ ~a~Z~ 4 ^S^ ^S2 ~ ~ ~ ~ ",
    "~ ~ ~ ~ ~ ~ ~ -G- - - - - - - - - -G~ ~ -U-U-U_ _ _ : ~a~a~Z4 3 = =w= 1 2 ~ ~ ~ ",
    "~ ~ ~ ~ ~ ~ ~ ~ -G~ ~ ~ ~ ~ ~ -G- ~ ~ ~ -Uc -U_ ~&~ :k~a~ 4 3 =z= P1= =z1 2 ~ ~ ",
    "~ ~ ~ ~ ~ ~ ~ ~ ~ ~ ~ ~ ~ ~ ~ ~ - ~ ~ ~ -U-U-U_ _ _ :k_ ~a< = = P1P1P1= = > ~ ~ ",
    "~ ~ ~ ~ ~ ~ ~ ~ ~ ~ ~ ~ ~ ~ ~ ~ - ~ ~ ~ ~ ~ ~ ~ ~ _ :k_%_ < = P0P0YbP0P0= > ~ ~ ",
    "~ ~ ~ ~ ~ ~ ~ ~ ~ ~ ~ ~ ~ ~ ~ ~ - ~ ~ ~ ~ ~ ~ ~ ~ _ ->-=,F< = = P0P0P0= = > ~ ~ ",
    "-G-H-H-H~ ~ ~ ~ ~ ~ ~ ~ ~ ~ ~ -G- ~ ~ ~ ~ ~ ~ ~ ~ ~ ~G-H~G8 9 =z= P0= =z7 6 ~ ~ ",
    "-G7@9 -H- - - - - - - - - - - - - -G~ ~ ~ ~ ~ ~ ~S~G~Sh ~S~ 8 9 = =d= 7 6 ~ ~ ~ ",
    "-G1 3 -H~ ~ ~ ~ ~ ~ ~ ~ ~ ~ ~ ~ -G~ ~ ~ ~ ~ ~ ~ ~G* cH- ~G~ ~ 8 V V V 6 ~ ~ ~ ~ ",
    "-G-G-G-G~ ~ ~ ~ ~ ~ ~ ~ ~ ~ ~ ~ ~ ~ ~ ~ ~ ~ ~ ~ ~S~G~S~ ~S~ ~ ~ ~ ~ ~ ~ ~ ~ ~ ~ "})

wo:shuffleOxyd()
 ]]></el:luamain>
    <el:i18n>
      <el:string el:key="title">
        <el:english el:translate="false"/>
      </el:string>
    </el:i18n>
  </el:protected>
</el:level>
