<?xml version="1.0" encoding="UTF-8" standalone="no" ?>
<el:level xmlns:xsi="http://www.w3.org/2001/XMLSchema-instance" xsi:schemaLocation="http://enigma-game.org/schema/level/1 level.xsd" xmlns:el="http://enigma-game.org/schema/level/1">
  <el:protected>
    <el:info el:type="level">
      <el:identity el:title="Welcome" el:subtitle="" el:id="welcometopack6"/>
      <el:version el:score="1" el:release="2" el:revision="1" el:status="released"/>
      <el:author  el:name="Raoul Bourquin" el:email="" el:homepage=""/>
      <el:copyright>Copyright © 2006 Raoul Bourquin</el:copyright>
      <el:license el:type="GPL v2.0 or above" el:open="true"/>
      <el:compatibility el:enigma="1.10"/>
      <el:modes el:easy="true" el:single="true" el:network="false"/>
      <el:score el:easy="0:15" el:difficult="0:17"/>
    </el:info>
    <el:luamain><![CDATA[
ti[" "] = {"fl_sahara"}
ti["#"] = {"st_flat"}
ti["O"] = {"st_oxyd"}
if wo["IsDifficult"] then
    ti["Q"] = {"st_quake", name="quake"}
    ti["T"] = {"st_timer", interval=20.0, target="quake"}
else
    ti["Q"] = ti[" "]
    ti["T"] = ti[" "]
end
ti["d"] = {"it_document", text="text1"}
ti["@"] = {"#ac_marble_black"}

wo(ti, " ", {
    "####################",
    "#                  #",
    "#          O O O O #",
    "#                  #",
    "# O              O #",
    "#                  #",
    "# O   Q d  @ T   O #",
    "#                  #",
    "# O              O #",
    "#                  #",
    "# O O O O          #",
    "#                  #",
    "####################"})

wo:shuffleOxyd()
 ]]></el:luamain>
    <el:i18n>
      <el:string el:key="title">
        <el:english el:translate="true"/>
        <el:translation el:lang="de">Willkommen</el:translation>
      </el:string>
      <el:string el:key="text1">
        <el:english el:translate="true">Welcome to Enigma VI</el:english>
      </el:string>
    </el:i18n>
  </el:protected>
</el:level>
