<?xml version="1.0" encoding="UTF-8" standalone="no" ?>
<index xmlns:xsi="http://www.w3.org/2001/XMLSchema-instance" xsi:noNamespaceSchemaLocation="index.xsd">

  <info enigma="1.10" group="Sokoball" location="12000" network="false" owner="Enigma Team" release="1" revision="1" title="Sasquatch V"/>

  <attributes/>

  <levels>
    <level _seq="1" _title="Sasquatch V # 1" _xpath="./sasquatch05_1" author="David W. Skinner" ctrl="force" easy="false" id="sasquatch05[1]" rel="1" rev="1" score="1" target="time" unit="duration"/>
    <level _seq="2" _title="Sasquatch V # 2" _xpath="./sasquatch05_1" author="David W. Skinner" ctrl="force" easy="false" id="sasquatch05[2]" rel="1" rev="1" score="1" target="time" unit="duration"/>
    <level _seq="3" _title="Sasquatch V # 3" _xpath="./sasquatch05_1" author="David W. Skinner" ctrl="force" easy="false" id="sasquatch05[3]" rel="1" rev="1" score="1" target="time" unit="duration"/>
    <level _seq="4" _title="Sasquatch V # 4" _xpath="./sasquatch05_1" author="David W. Skinner" ctrl="force" easy="false" id="sasquatch05[4]" rel="1" rev="1" score="1" target="time" unit="duration"/>
    <level _seq="5" _title="Sasquatch V # 5" _xpath="./sasquatch05_1" author="David W. Skinner" ctrl="force" easy="false" id="sasquatch05[5]" rel="1" rev="1" score="1" target="time" unit="duration"/>
    <level _seq="6" _title="Sasquatch V # 6" _xpath="./sasquatch05_1" author="David W. Skinner" ctrl="force" easy="false" id="sasquatch05[6]" rel="1" rev="1" score="1" target="time" unit="duration"/>
    <level _seq="7" _title="Sasquatch V # 7" _xpath="./sasquatch05_1" author="David W. Skinner" ctrl="force" easy="false" id="sasquatch05[7]" rel="1" rev="1" score="1" target="time" unit="duration"/>
    <level _seq="8" _title="Sasquatch V # 8" _xpath="./sasquatch05_1" author="David W. Skinner" ctrl="force" easy="false" id="sasquatch05[8]" rel="1" rev="1" score="1" target="time" unit="duration"/>
    <level _seq="9" _title="Sasquatch V # 9" _xpath="./sasquatch05_1" author="David W. Skinner" ctrl="force" easy="false" id="sasquatch05[9]" rel="1" rev="1" score="1" target="time" unit="duration"/>
    <level _seq="10" _title="Sasquatch V # 10" _xpath="./sasquatch05_1" author="David W. Skinner" ctrl="force" easy="false" id="sasquatch05[10]" rel="1" rev="1" score="1" target="time" unit="duration"/>
    <level _seq="11" _title="Sasquatch V # 11" _xpath="./sasquatch05_1" author="David W. Skinner" ctrl="force" easy="false" id="sasquatch05[11]" rel="1" rev="1" score="1" target="time" unit="duration"/>
    <level _seq="12" _title="Sasquatch V # 12" _xpath="./sasquatch05_1" author="David W. Skinner" ctrl="force" easy="false" id="sasquatch05[12]" rel="1" rev="1" score="1" target="time" unit="duration"/>
    <level _seq="13" _title="Sasquatch V # 13" _xpath="./sasquatch05_1" author="David W. Skinner" ctrl="force" easy="false" id="sasquatch05[13]" rel="1" rev="1" score="1" target="time" unit="duration"/>
    <level _seq="14" _title="Sasquatch V # 14" _xpath="./sasquatch05_1" author="David W. Skinner" ctrl="force" easy="false" id="sasquatch05[14]" rel="1" rev="1" score="1" target="time" unit="duration"/>
    <level _seq="15" _title="Sasquatch V # 15" _xpath="./sasquatch05_1" author="David W. Skinner" ctrl="force" easy="false" id="sasquatch05[15]" rel="1" rev="1" score="1" target="time" unit="duration"/>
    <level _seq="16" _title="Sasquatch V # 16" _xpath="./sasquatch05_1" author="David W. Skinner" ctrl="force" easy="false" id="sasquatch05[16]" rel="1" rev="1" score="1" target="time" unit="duration"/>
    <level _seq="17" _title="Sasquatch V # 17" _xpath="./sasquatch05_1" author="David W. Skinner" ctrl="force" easy="false" id="sasquatch05[17]" rel="1" rev="1" score="1" target="time" unit="duration"/>
    <level _seq="18" _title="Sasquatch V # 18" _xpath="./sasquatch05_1" author="David W. Skinner" ctrl="force" easy="false" id="sasquatch05[18]" rel="1" rev="1" score="1" target="time" unit="duration"/>
    <level _seq="19" _title="Sasquatch V # 19" _xpath="./sasquatch05_1" author="David W. Skinner" ctrl="force" easy="false" id="sasquatch05[19]" rel="1" rev="1" score="1" target="time" unit="duration"/>
    <level _seq="20" _title="Sasquatch V # 20" _xpath="./sasquatch05_1" author="David W. Skinner" ctrl="force" easy="false" id="sasquatch05[20]" rel="1" rev="1" score="1" target="time" unit="duration"/>
    <level _seq="21" _title="Sasquatch V # 21" _xpath="./sasquatch05_1" author="David W. Skinner" ctrl="force" easy="false" id="sasquatch05[21]" rel="1" rev="1" score="1" target="time" unit="duration"/>
    <level _seq="22" _title="Sasquatch V # 22" _xpath="./sasquatch05_1" author="David W. Skinner" ctrl="force" easy="false" id="sasquatch05[22]" rel="1" rev="1" score="1" target="time" unit="duration"/>
    <level _seq="23" _title="Sasquatch V # 23" _xpath="./sasquatch05_1" author="David W. Skinner" ctrl="force" easy="false" id="sasquatch05[23]" rel="1" rev="1" score="1" target="time" unit="duration"/>
    <level _seq="24" _title="Sasquatch V # 24" _xpath="./sasquatch05_1" author="David W. Skinner" ctrl="force" easy="false" id="sasquatch05[24]" rel="1" rev="1" score="1" target="time" unit="duration"/>
    <level _seq="25" _title="Sasquatch V # 25" _xpath="./sasquatch05_1" author="David W. Skinner" ctrl="force" easy="false" id="sasquatch05[25]" rel="1" rev="1" score="1" target="time" unit="duration"/>
    <level _seq="26" _title="Sasquatch V # 26" _xpath="./sasquatch05_1" author="David W. Skinner" ctrl="force" easy="false" id="sasquatch05[26]" rel="1" rev="1" score="1" target="time" unit="duration"/>
    <level _seq="27" _title="Sasquatch V # 27" _xpath="./sasquatch05_1" author="David W. Skinner" ctrl="force" easy="false" id="sasquatch05[27]" rel="1" rev="1" score="1" target="time" unit="duration"/>
    <level _seq="28" _title="Sasquatch V # 28" _xpath="./sasquatch05_1" author="David W. Skinner" ctrl="force" easy="false" id="sasquatch05[28]" rel="1" rev="1" score="1" target="time" unit="duration"/>
    <level _seq="29" _title="Sasquatch V # 29" _xpath="./sasquatch05_1" author="David W. Skinner" ctrl="force" easy="false" id="sasquatch05[29]" rel="1" rev="1" score="1" target="time" unit="duration"/>
    <level _seq="30" _title="Sasquatch V # 30" _xpath="./sasquatch05_1" author="David W. Skinner" ctrl="force" easy="false" id="sasquatch05[30]" rel="1" rev="1" score="1" target="time" unit="duration"/>
    <level _seq="31" _title="Sasquatch V # 31" _xpath="./sasquatch05_1" author="David W. Skinner" ctrl="force" easy="false" id="sasquatch05[31]" rel="1" rev="1" score="1" target="time" unit="duration"/>
    <level _seq="32" _title="Sasquatch V # 32" _xpath="./sasquatch05_1" author="David W. Skinner" ctrl="force" easy="false" id="sasquatch05[32]" rel="1" rev="1" score="1" target="time" unit="duration"/>
    <level _seq="33" _title="Sasquatch V # 33" _xpath="./sasquatch05_1" author="David W. Skinner" ctrl="force" easy="false" id="sasquatch05[33]" rel="1" rev="1" score="1" target="time" unit="duration"/>
    <level _seq="34" _title="Sasquatch V # 34" _xpath="./sasquatch05_1" author="David W. Skinner" ctrl="force" easy="false" id="sasquatch05[34]" rel="1" rev="1" score="1" target="time" unit="duration"/>
    <level _seq="35" _title="Sasquatch V # 35" _xpath="./sasquatch05_1" author="David W. Skinner" ctrl="force" easy="false" id="sasquatch05[35]" rel="1" rev="1" score="1" target="time" unit="duration"/>
    <level _seq="36" _title="Sasquatch V # 36" _xpath="./sasquatch05_1" author="David W. Skinner" ctrl="force" easy="false" id="sasquatch05[36]" rel="1" rev="1" score="1" target="time" unit="duration"/>
    <level _seq="37" _title="Sasquatch V # 37" _xpath="./sasquatch05_1" author="David W. Skinner" ctrl="force" easy="false" id="sasquatch05[37]" rel="1" rev="1" score="1" target="time" unit="duration"/>
    <level _seq="38" _title="Sasquatch V # 38" _xpath="./sasquatch05_1" author="David W. Skinner" ctrl="force" easy="false" id="sasquatch05[38]" rel="1" rev="1" score="1" target="time" unit="duration"/>
    <level _seq="39" _title="Sasquatch V # 39" _xpath="./sasquatch05_1" author="David W. Skinner" ctrl="force" easy="false" id="sasquatch05[39]" rel="1" rev="1" score="1" target="time" unit="duration"/>
    <level _seq="40" _title="Sasquatch V # 40" _xpath="./sasquatch05_1" author="David W. Skinner" ctrl="force" easy="false" id="sasquatch05[40]" rel="1" rev="1" score="1" target="time" unit="duration"/>
    <level _seq="41" _title="Sasquatch V # 41" _xpath="./sasquatch05_1" author="David W. Skinner" ctrl="force" easy="false" id="sasquatch05[41]" rel="1" rev="1" score="1" target="time" unit="duration"/>
    <level _seq="42" _title="Sasquatch V # 42" _xpath="./sasquatch05_1" author="David W. Skinner" ctrl="force" easy="false" id="sasquatch05[42]" rel="1" rev="1" score="1" target="time" unit="duration"/>
    <level _seq="43" _title="Sasquatch V # 43" _xpath="./sasquatch05_1" author="David W. Skinner" ctrl="force" easy="false" id="sasquatch05[43]" rel="1" rev="1" score="1" target="time" unit="duration"/>
    <level _seq="44" _title="Sasquatch V # 44" _xpath="./sasquatch05_1" author="David W. Skinner" ctrl="force" easy="false" id="sasquatch05[44]" rel="1" rev="1" score="1" target="time" unit="duration"/>
    <level _seq="45" _title="Sasquatch V # 45" _xpath="./sasquatch05_1" author="David W. Skinner" ctrl="force" easy="false" id="sasquatch05[45]" rel="1" rev="1" score="1" target="time" unit="duration"/>
    <level _seq="46" _title="Sasquatch V # 46" _xpath="./sasquatch05_1" author="David W. Skinner" ctrl="force" easy="false" id="sasquatch05[46]" rel="1" rev="1" score="1" target="time" unit="duration"/>
    <level _seq="47" _title="Sasquatch V # 47" _xpath="./sasquatch05_1" author="David W. Skinner" ctrl="force" easy="false" id="sasquatch05[47]" rel="1" rev="1" score="1" target="time" unit="duration"/>
    <level _seq="48" _title="Sasquatch V # 48" _xpath="./sasquatch05_1" author="David W. Skinner" ctrl="force" easy="false" id="sasquatch05[48]" rel="1" rev="1" score="1" target="time" unit="duration"/>
    <level _seq="49" _title="Sasquatch V # 49" _xpath="./sasquatch05_1" author="David W. Skinner" ctrl="force" easy="false" id="sasquatch05[49]" rel="1" rev="1" score="1" target="time" unit="duration"/>
    <level _seq="50" _title="Sasquatch V # 50" _xpath="./sasquatch05_1" author="David W. Skinner" ctrl="force" easy="false" id="sasquatch05[50]" rel="1" rev="1" score="1" target="time" unit="duration"/>
  </levels>

</index>
