<?xml version="1.0" encoding="UTF-8" standalone="no" ?>
<index xmlns:xsi="http://www.w3.org/2001/XMLSchema-instance" xsi:noNamespaceSchemaLocation="index.xsd">

  <info enigma="1.10" group="Sokoball" location="11200" network="false" owner="Enigma Team" release="1" revision="1" title="Microban II"/>

  <attributes/>

  <levels>
    <level _seq="1" _title="Microban II # 1" _xpath="./microban02_1" author="David W. Skinner" ctrl="force" easy="false" id="microban02[1]" rel="1" rev="1" score="1" target="time" unit="duration"/>
    <level _seq="2" _title="Microban II # 2" _xpath="./microban02_1" author="David W. Skinner" ctrl="force" easy="false" id="microban02[2]" rel="1" rev="1" score="1" target="time" unit="duration"/>
    <level _seq="3" _title="Microban II # 3" _xpath="./microban02_1" author="David W. Skinner" ctrl="force" easy="false" id="microban02[3]" rel="1" rev="1" score="1" target="time" unit="duration"/>
    <level _seq="4" _title="Microban II # 4" _xpath="./microban02_1" author="David W. Skinner" ctrl="force" easy="false" id="microban02[4]" rel="1" rev="1" score="1" target="time" unit="duration"/>
    <level _seq="5" _title="Microban II # 5" _xpath="./microban02_1" author="David W. Skinner" ctrl="force" easy="false" id="microban02[5]" rel="1" rev="1" score="1" target="time" unit="duration"/>
    <level _seq="6" _title="Microban II # 6" _xpath="./microban02_1" author="David W. Skinner" ctrl="force" easy="false" id="microban02[6]" rel="1" rev="1" score="1" target="time" unit="duration"/>
    <level _seq="7" _title="Microban II # 7" _xpath="./microban02_1" author="David W. Skinner" ctrl="force" easy="false" id="microban02[7]" rel="1" rev="1" score="1" target="time" unit="duration"/>
    <level _seq="8" _title="Microban II # 8" _xpath="./microban02_1" author="David W. Skinner" ctrl="force" easy="false" id="microban02[8]" rel="1" rev="1" score="1" target="time" unit="duration"/>
    <level _seq="9" _title="Microban II # 9" _xpath="./microban02_1" author="David W. Skinner" ctrl="force" easy="false" id="microban02[9]" rel="1" rev="1" score="1" target="time" unit="duration"/>
    <level _seq="10" _title="Microban II # 10" _xpath="./microban02_1" author="David W. Skinner" ctrl="force" easy="false" id="microban02[10]" rel="1" rev="1" score="1" target="time" unit="duration"/>
    <level _seq="11" _title="Microban II # 11" _xpath="./microban02_1" author="David W. Skinner" ctrl="force" easy="false" id="microban02[11]" rel="1" rev="1" score="1" target="time" unit="duration"/>
    <level _seq="12" _title="Microban II # 12" _xpath="./microban02_1" author="David W. Skinner" ctrl="force" easy="false" id="microban02[12]" rel="1" rev="1" score="1" target="time" unit="duration"/>
    <level _seq="13" _title="Microban II # 13" _xpath="./microban02_1" author="David W. Skinner" ctrl="force" easy="false" id="microban02[13]" rel="1" rev="1" score="1" target="time" unit="duration"/>
    <level _seq="14" _title="Microban II # 14" _xpath="./microban02_1" author="David W. Skinner" ctrl="force" easy="false" id="microban02[14]" rel="1" rev="1" score="1" target="time" unit="duration"/>
    <level _seq="15" _title="Microban II # 15" _xpath="./microban02_1" author="David W. Skinner" ctrl="force" easy="false" id="microban02[15]" rel="1" rev="1" score="1" target="time" unit="duration"/>
    <level _seq="16" _title="Microban II # 16" _xpath="./microban02_1" author="David W. Skinner" ctrl="force" easy="false" id="microban02[16]" rel="1" rev="1" score="1" target="time" unit="duration"/>
    <level _seq="17" _title="Microban II # 17" _xpath="./microban02_1" author="David W. Skinner" ctrl="force" easy="false" id="microban02[17]" rel="1" rev="1" score="1" target="time" unit="duration"/>
    <level _seq="18" _title="Microban II # 18" _xpath="./microban02_1" author="David W. Skinner" ctrl="force" easy="false" id="microban02[18]" rel="1" rev="1" score="1" target="time" unit="duration"/>
    <level _seq="19" _title="Microban II # 19" _xpath="./microban02_1" author="David W. Skinner" ctrl="force" easy="false" id="microban02[19]" rel="1" rev="1" score="1" target="time" unit="duration"/>
    <level _seq="20" _title="Microban II # 20" _xpath="./microban02_1" author="David W. Skinner" ctrl="force" easy="false" id="microban02[20]" rel="1" rev="1" score="1" target="time" unit="duration"/>
    <level _seq="21" _title="Microban II # 21" _xpath="./microban02_1" author="David W. Skinner" ctrl="force" easy="false" id="microban02[21]" rel="1" rev="1" score="1" target="time" unit="duration"/>
    <level _seq="22" _title="Microban II # 22" _xpath="./microban02_1" author="David W. Skinner" ctrl="force" easy="false" id="microban02[22]" rel="1" rev="1" score="1" target="time" unit="duration"/>
    <level _seq="23" _title="Microban II # 23" _xpath="./microban02_1" author="David W. Skinner" ctrl="force" easy="false" id="microban02[23]" rel="1" rev="1" score="1" target="time" unit="duration"/>
    <level _seq="24" _title="Microban II # 24" _xpath="./microban02_1" author="David W. Skinner" ctrl="force" easy="false" id="microban02[24]" rel="1" rev="1" score="1" target="time" unit="duration"/>
    <level _seq="25" _title="Microban II # 25" _xpath="./microban02_1" author="David W. Skinner" ctrl="force" easy="false" id="microban02[25]" rel="1" rev="1" score="1" target="time" unit="duration"/>
    <level _seq="26" _title="Microban II # 26" _xpath="./microban02_1" author="David W. Skinner" ctrl="force" easy="false" id="microban02[26]" rel="1" rev="1" score="1" target="time" unit="duration"/>
    <level _seq="27" _title="Microban II # 27" _xpath="./microban02_1" author="David W. Skinner" ctrl="force" easy="false" id="microban02[27]" rel="1" rev="1" score="1" target="time" unit="duration"/>
    <level _seq="28" _title="Microban II # 28" _xpath="./microban02_1" author="David W. Skinner" ctrl="force" easy="false" id="microban02[28]" rel="1" rev="1" score="1" target="time" unit="duration"/>
    <level _seq="29" _title="Microban II # 29" _xpath="./microban02_1" author="David W. Skinner" ctrl="force" easy="false" id="microban02[29]" rel="1" rev="1" score="1" target="time" unit="duration"/>
    <level _seq="30" _title="Microban II # 30" _xpath="./microban02_1" author="David W. Skinner" ctrl="force" easy="false" id="microban02[30]" rel="1" rev="1" score="1" target="time" unit="duration"/>
    <level _seq="31" _title="Microban II # 31" _xpath="./microban02_1" author="David W. Skinner" ctrl="force" easy="false" id="microban02[31]" rel="1" rev="1" score="1" target="time" unit="duration"/>
    <level _seq="32" _title="Microban II # 32" _xpath="./microban02_1" author="David W. Skinner" ctrl="force" easy="false" id="microban02[32]" rel="1" rev="1" score="1" target="time" unit="duration"/>
    <level _seq="33" _title="Microban II # 33" _xpath="./microban02_1" author="David W. Skinner" ctrl="force" easy="false" id="microban02[33]" rel="1" rev="1" score="1" target="time" unit="duration"/>
    <level _seq="34" _title="Microban II # 34" _xpath="./microban02_1" author="David W. Skinner" ctrl="force" easy="false" id="microban02[34]" rel="1" rev="1" score="1" target="time" unit="duration"/>
    <level _seq="35" _title="Microban II # 35" _xpath="./microban02_1" author="David W. Skinner" ctrl="force" easy="false" id="microban02[35]" rel="1" rev="1" score="1" target="time" unit="duration"/>
    <level _seq="36" _title="Microban II # 36" _xpath="./microban02_1" author="David W. Skinner" ctrl="force" easy="false" id="microban02[36]" rel="1" rev="1" score="1" target="time" unit="duration"/>
    <level _seq="37" _title="Microban II # 37" _xpath="./microban02_1" author="David W. Skinner" ctrl="force" easy="false" id="microban02[37]" rel="1" rev="1" score="1" target="time" unit="duration"/>
    <level _seq="38" _title="Microban II # 38" _xpath="./microban02_1" author="David W. Skinner" ctrl="force" easy="false" id="microban02[38]" rel="1" rev="1" score="1" target="time" unit="duration"/>
    <level _seq="39" _title="Microban II # 39" _xpath="./microban02_1" author="David W. Skinner" ctrl="force" easy="false" id="microban02[39]" rel="1" rev="1" score="1" target="time" unit="duration"/>
    <level _seq="40" _title="Microban II # 40" _xpath="./microban02_1" author="David W. Skinner" ctrl="force" easy="false" id="microban02[40]" rel="1" rev="1" score="1" target="time" unit="duration"/>
    <level _seq="41" _title="Microban II # 41" _xpath="./microban02_1" author="David W. Skinner" ctrl="force" easy="false" id="microban02[41]" rel="1" rev="1" score="1" target="time" unit="duration"/>
    <level _seq="42" _title="Microban II # 42" _xpath="./microban02_1" author="David W. Skinner" ctrl="force" easy="false" id="microban02[42]" rel="1" rev="1" score="1" target="time" unit="duration"/>
    <level _seq="43" _title="Microban II # 43" _xpath="./microban02_1" author="David W. Skinner" ctrl="force" easy="false" id="microban02[43]" rel="1" rev="1" score="1" target="time" unit="duration"/>
    <level _seq="44" _title="Microban II # 44" _xpath="./microban02_1" author="David W. Skinner" ctrl="force" easy="false" id="microban02[44]" rel="1" rev="1" score="1" target="time" unit="duration"/>
    <level _seq="45" _title="Microban II # 45" _xpath="./microban02_1" author="David W. Skinner" ctrl="force" easy="false" id="microban02[45]" rel="1" rev="1" score="1" target="time" unit="duration"/>
    <level _seq="46" _title="Microban II # 46" _xpath="./microban02_1" author="David W. Skinner" ctrl="force" easy="false" id="microban02[46]" rel="1" rev="1" score="1" target="time" unit="duration"/>
    <level _seq="47" _title="Microban II # 47" _xpath="./microban02_1" author="David W. Skinner" ctrl="force" easy="false" id="microban02[47]" rel="1" rev="1" score="1" target="time" unit="duration"/>
    <level _seq="48" _title="Microban II # 48" _xpath="./microban02_1" author="David W. Skinner" ctrl="force" easy="false" id="microban02[48]" rel="1" rev="1" score="1" target="time" unit="duration"/>
    <level _seq="49" _title="Microban II # 49" _xpath="./microban02_1" author="David W. Skinner" ctrl="force" easy="false" id="microban02[49]" rel="1" rev="1" score="1" target="time" unit="duration"/>
    <level _seq="50" _title="Microban II # 50" _xpath="./microban02_1" author="David W. Skinner" ctrl="force" easy="false" id="microban02[50]" rel="1" rev="1" score="1" target="time" unit="duration"/>
    <level _seq="51" _title="Microban II # 51" _xpath="./microban02_1" author="David W. Skinner" ctrl="force" easy="false" id="microban02[51]" rel="1" rev="1" score="1" target="time" unit="duration"/>
    <level _seq="52" _title="Microban II # 52" _xpath="./microban02_1" author="David W. Skinner" ctrl="force" easy="false" id="microban02[52]" rel="1" rev="1" score="1" target="time" unit="duration"/>
    <level _seq="53" _title="Microban II # 53" _xpath="./microban02_1" author="David W. Skinner" ctrl="force" easy="false" id="microban02[53]" rel="1" rev="1" score="1" target="time" unit="duration"/>
    <level _seq="54" _title="Microban II # 54" _xpath="./microban02_1" author="David W. Skinner" ctrl="force" easy="false" id="microban02[54]" rel="1" rev="1" score="1" target="time" unit="duration"/>
    <level _seq="55" _title="Microban II # 55" _xpath="./microban02_1" author="David W. Skinner" ctrl="force" easy="false" id="microban02[55]" rel="1" rev="1" score="1" target="time" unit="duration"/>
    <level _seq="56" _title="Microban II # 56" _xpath="./microban02_1" author="David W. Skinner" ctrl="force" easy="false" id="microban02[56]" rel="1" rev="1" score="1" target="time" unit="duration"/>
    <level _seq="57" _title="Microban II # 57" _xpath="./microban02_1" author="David W. Skinner" ctrl="force" easy="false" id="microban02[57]" rel="1" rev="1" score="1" target="time" unit="duration"/>
    <level _seq="58" _title="Microban II # 58" _xpath="./microban02_1" author="David W. Skinner" ctrl="force" easy="false" id="microban02[58]" rel="1" rev="1" score="1" target="time" unit="duration"/>
    <level _seq="59" _title="Microban II # 59" _xpath="./microban02_1" author="David W. Skinner" ctrl="force" easy="false" id="microban02[59]" rel="1" rev="1" score="1" target="time" unit="duration"/>
    <level _seq="60" _title="Microban II # 60" _xpath="./microban02_1" author="David W. Skinner" ctrl="force" easy="false" id="microban02[60]" rel="1" rev="1" score="1" target="time" unit="duration"/>
    <level _seq="61" _title="Microban II # 61" _xpath="./microban02_1" author="David W. Skinner" ctrl="force" easy="false" id="microban02[61]" rel="1" rev="1" score="1" target="time" unit="duration"/>
    <level _seq="62" _title="Microban II # 62" _xpath="./microban02_1" author="David W. Skinner" ctrl="force" easy="false" id="microban02[62]" rel="1" rev="1" score="1" target="time" unit="duration"/>
    <level _seq="63" _title="Microban II # 63" _xpath="./microban02_1" author="David W. Skinner" ctrl="force" easy="false" id="microban02[63]" rel="1" rev="1" score="1" target="time" unit="duration"/>
    <level _seq="64" _title="Microban II # 64" _xpath="./microban02_1" author="David W. Skinner" ctrl="force" easy="false" id="microban02[64]" rel="1" rev="1" score="1" target="time" unit="duration"/>
    <level _seq="65" _title="Microban II # 65" _xpath="./microban02_1" author="David W. Skinner" ctrl="force" easy="false" id="microban02[65]" rel="1" rev="1" score="1" target="time" unit="duration"/>
    <level _seq="66" _title="Microban II # 66" _xpath="./microban02_1" author="David W. Skinner" ctrl="force" easy="false" id="microban02[66]" rel="1" rev="1" score="1" target="time" unit="duration"/>
    <level _seq="67" _title="Microban II # 67" _xpath="./microban02_1" author="David W. Skinner" ctrl="force" easy="false" id="microban02[67]" rel="1" rev="1" score="1" target="time" unit="duration"/>
    <level _seq="68" _title="Microban II # 68" _xpath="./microban02_1" author="David W. Skinner" ctrl="force" easy="false" id="microban02[68]" rel="1" rev="1" score="1" target="time" unit="duration"/>
    <level _seq="69" _title="Microban II # 69" _xpath="./microban02_1" author="David W. Skinner" ctrl="force" easy="false" id="microban02[69]" rel="1" rev="1" score="1" target="time" unit="duration"/>
    <level _seq="70" _title="Microban II # 70" _xpath="./microban02_1" author="David W. Skinner" ctrl="force" easy="false" id="microban02[70]" rel="1" rev="1" score="1" target="time" unit="duration"/>
    <level _seq="71" _title="Microban II # 71" _xpath="./microban02_1" author="David W. Skinner" ctrl="force" easy="false" id="microban02[71]" rel="1" rev="1" score="1" target="time" unit="duration"/>
    <level _seq="72" _title="Microban II # 72" _xpath="./microban02_1" author="David W. Skinner" ctrl="force" easy="false" id="microban02[72]" rel="1" rev="1" score="1" target="time" unit="duration"/>
    <level _seq="73" _title="Microban II # 73" _xpath="./microban02_1" author="David W. Skinner" ctrl="force" easy="false" id="microban02[73]" rel="1" rev="1" score="1" target="time" unit="duration"/>
    <level _seq="74" _title="Microban II # 74" _xpath="./microban02_1" author="David W. Skinner" ctrl="force" easy="false" id="microban02[74]" rel="1" rev="1" score="1" target="time" unit="duration"/>
    <level _seq="75" _title="Microban II # 75" _xpath="./microban02_1" author="David W. Skinner" ctrl="force" easy="false" id="microban02[75]" rel="1" rev="1" score="1" target="time" unit="duration"/>
    <level _seq="76" _title="Microban II # 76" _xpath="./microban02_1" author="David W. Skinner" ctrl="force" easy="false" id="microban02[76]" rel="1" rev="1" score="1" target="time" unit="duration"/>
    <level _seq="77" _title="Microban II # 77" _xpath="./microban02_1" author="David W. Skinner" ctrl="force" easy="false" id="microban02[77]" rel="1" rev="1" score="1" target="time" unit="duration"/>
    <level _seq="78" _title="Microban II # 78" _xpath="./microban02_1" author="David W. Skinner" ctrl="force" easy="false" id="microban02[78]" rel="1" rev="1" score="1" target="time" unit="duration"/>
    <level _seq="79" _title="Microban II # 79" _xpath="./microban02_1" author="David W. Skinner" ctrl="force" easy="false" id="microban02[79]" rel="1" rev="1" score="1" target="time" unit="duration"/>
    <level _seq="80" _title="Microban II # 80" _xpath="./microban02_1" author="David W. Skinner" ctrl="force" easy="false" id="microban02[80]" rel="1" rev="1" score="1" target="time" unit="duration"/>
    <level _seq="81" _title="Microban II # 81" _xpath="./microban02_1" author="David W. Skinner" ctrl="force" easy="false" id="microban02[81]" rel="1" rev="1" score="1" target="time" unit="duration"/>
    <level _seq="82" _title="Microban II # 82" _xpath="./microban02_1" author="David W. Skinner" ctrl="force" easy="false" id="microban02[82]" rel="1" rev="1" score="1" target="time" unit="duration"/>
    <level _seq="83" _title="Microban II # 83" _xpath="./microban02_1" author="David W. Skinner" ctrl="force" easy="false" id="microban02[83]" rel="1" rev="1" score="1" target="time" unit="duration"/>
    <level _seq="84" _title="Microban II # 84" _xpath="./microban02_1" author="David W. Skinner" ctrl="force" easy="false" id="microban02[84]" rel="1" rev="1" score="1" target="time" unit="duration"/>
    <level _seq="85" _title="Microban II # 85" _xpath="./microban02_1" author="David W. Skinner" ctrl="force" easy="false" id="microban02[85]" rel="1" rev="1" score="1" target="time" unit="duration"/>
    <level _seq="86" _title="Microban II # 86" _xpath="./microban02_1" author="David W. Skinner" ctrl="force" easy="false" id="microban02[86]" rel="1" rev="1" score="1" target="time" unit="duration"/>
    <level _seq="87" _title="Microban II # 87" _xpath="./microban02_1" author="David W. Skinner" ctrl="force" easy="false" id="microban02[87]" rel="1" rev="1" score="1" target="time" unit="duration"/>
    <level _seq="88" _title="Microban II # 88" _xpath="./microban02_1" author="David W. Skinner" ctrl="force" easy="false" id="microban02[88]" rel="1" rev="1" score="1" target="time" unit="duration"/>
    <level _seq="89" _title="Microban II # 89" _xpath="./microban02_1" author="David W. Skinner" ctrl="force" easy="false" id="microban02[89]" rel="1" rev="1" score="1" target="time" unit="duration"/>
    <level _seq="90" _title="Microban II # 90" _xpath="./microban02_1" author="David W. Skinner" ctrl="force" easy="false" id="microban02[90]" rel="1" rev="1" score="1" target="time" unit="duration"/>
    <level _seq="91" _title="Microban II # 91" _xpath="./microban02_1" author="David W. Skinner" ctrl="force" easy="false" id="microban02[91]" rel="1" rev="1" score="1" target="time" unit="duration"/>
    <level _seq="92" _title="Microban II # 92" _xpath="./microban02_1" author="David W. Skinner" ctrl="force" easy="false" id="microban02[92]" rel="1" rev="1" score="1" target="time" unit="duration"/>
    <level _seq="93" _title="Microban II # 93" _xpath="./microban02_1" author="David W. Skinner" ctrl="force" easy="false" id="microban02[93]" rel="1" rev="1" score="1" target="time" unit="duration"/>
    <level _seq="94" _title="Microban II # 94" _xpath="./microban02_1" author="David W. Skinner" ctrl="force" easy="false" id="microban02[94]" rel="1" rev="1" score="1" target="time" unit="duration"/>
    <level _seq="95" _title="Microban II # 95" _xpath="./microban02_1" author="David W. Skinner" ctrl="force" easy="false" id="microban02[95]" rel="1" rev="1" score="1" target="time" unit="duration"/>
    <level _seq="96" _title="Microban II # 96" _xpath="./microban02_1" author="David W. Skinner" ctrl="force" easy="false" id="microban02[96]" rel="1" rev="1" score="1" target="time" unit="duration"/>
    <level _seq="97" _title="Microban II # 97" _xpath="./microban02_1" author="David W. Skinner" ctrl="force" easy="false" id="microban02[97]" rel="1" rev="1" score="1" target="time" unit="duration"/>
    <level _seq="98" _title="Microban II # 98" _xpath="./microban02_1" author="David W. Skinner" ctrl="force" easy="false" id="microban02[98]" rel="1" rev="1" score="1" target="time" unit="duration"/>
    <level _seq="99" _title="Microban II # 99" _xpath="./microban02_1" author="David W. Skinner" ctrl="force" easy="false" id="microban02[99]" rel="1" rev="1" score="1" target="time" unit="duration"/>
    <level _seq="100" _title="Microban II # 100" _xpath="./microban02_1" author="David W. Skinner" ctrl="force" easy="false" id="microban02[100]" rel="1" rev="1" score="1" target="time" unit="duration"/>
    <level _seq="101" _title="Microban II # 101" _xpath="./microban02_1" author="David W. Skinner" ctrl="force" easy="false" id="microban02[101]" rel="1" rev="1" score="1" target="time" unit="duration"/>
    <level _seq="102" _title="Microban II # 102" _xpath="./microban02_1" author="David W. Skinner" ctrl="force" easy="false" id="microban02[102]" rel="1" rev="1" score="1" target="time" unit="duration"/>
    <level _seq="103" _title="Microban II # 103" _xpath="./microban02_1" author="David W. Skinner" ctrl="force" easy="false" id="microban02[103]" rel="1" rev="1" score="1" target="time" unit="duration"/>
    <level _seq="104" _title="Microban II # 104" _xpath="./microban02_1" author="David W. Skinner" ctrl="force" easy="false" id="microban02[104]" rel="1" rev="1" score="1" target="time" unit="duration"/>
    <level _seq="105" _title="Microban II # 105" _xpath="./microban02_1" author="David W. Skinner" ctrl="force" easy="false" id="microban02[105]" rel="1" rev="1" score="1" target="time" unit="duration"/>
    <level _seq="106" _title="Microban II # 106" _xpath="./microban02_1" author="David W. Skinner" ctrl="force" easy="false" id="microban02[106]" rel="1" rev="1" score="1" target="time" unit="duration"/>
    <level _seq="107" _title="Microban II # 107" _xpath="./microban02_1" author="David W. Skinner" ctrl="force" easy="false" id="microban02[107]" rel="1" rev="1" score="1" target="time" unit="duration"/>
    <level _seq="108" _title="Microban II # 108" _xpath="./microban02_1" author="David W. Skinner" ctrl="force" easy="false" id="microban02[108]" rel="1" rev="1" score="1" target="time" unit="duration"/>
    <level _seq="109" _title="Microban II # 109" _xpath="./microban02_1" author="David W. Skinner" ctrl="force" easy="false" id="microban02[109]" rel="1" rev="1" score="1" target="time" unit="duration"/>
    <level _seq="110" _title="Microban II # 110" _xpath="./microban02_1" author="David W. Skinner" ctrl="force" easy="false" id="microban02[110]" rel="1" rev="1" score="1" target="time" unit="duration"/>
    <level _seq="111" _title="Microban II # 111" _xpath="./microban02_1" author="David W. Skinner" ctrl="force" easy="false" id="microban02[111]" rel="1" rev="1" score="1" target="time" unit="duration"/>
    <level _seq="112" _title="Microban II # 112" _xpath="./microban02_1" author="David W. Skinner" ctrl="force" easy="false" id="microban02[112]" rel="1" rev="1" score="1" target="time" unit="duration"/>
    <level _seq="113" _title="Microban II # 113" _xpath="./microban02_1" author="David W. Skinner" ctrl="force" easy="false" id="microban02[113]" rel="1" rev="1" score="1" target="time" unit="duration"/>
    <level _seq="114" _title="Microban II # 114" _xpath="./microban02_1" author="David W. Skinner" ctrl="force" easy="false" id="microban02[114]" rel="1" rev="1" score="1" target="time" unit="duration"/>
    <level _seq="115" _title="Microban II # 115" _xpath="./microban02_1" author="David W. Skinner" ctrl="force" easy="false" id="microban02[115]" rel="1" rev="1" score="1" target="time" unit="duration"/>
    <level _seq="116" _title="Microban II # 116" _xpath="./microban02_1" author="David W. Skinner" ctrl="force" easy="false" id="microban02[116]" rel="1" rev="1" score="1" target="time" unit="duration"/>
    <level _seq="117" _title="Microban II # 117" _xpath="./microban02_1" author="David W. Skinner" ctrl="force" easy="false" id="microban02[117]" rel="1" rev="1" score="1" target="time" unit="duration"/>
    <level _seq="118" _title="Microban II # 118" _xpath="./microban02_1" author="David W. Skinner" ctrl="force" easy="false" id="microban02[118]" rel="1" rev="1" score="1" target="time" unit="duration"/>
    <level _seq="119" _title="Microban II # 119" _xpath="./microban02_1" author="David W. Skinner" ctrl="force" easy="false" id="microban02[119]" rel="1" rev="1" score="1" target="time" unit="duration"/>
    <level _seq="120" _title="Microban II # 120" _xpath="./microban02_1" author="David W. Skinner" ctrl="force" easy="false" id="microban02[120]" rel="1" rev="1" score="1" target="time" unit="duration"/>
    <level _seq="121" _title="Microban II # 121" _xpath="./microban02_1" author="David W. Skinner" ctrl="force" easy="false" id="microban02[121]" rel="1" rev="1" score="1" target="time" unit="duration"/>
    <level _seq="122" _title="Microban II # 122" _xpath="./microban02_1" author="David W. Skinner" ctrl="force" easy="false" id="microban02[122]" rel="1" rev="1" score="1" target="time" unit="duration"/>
    <level _seq="123" _title="Microban II # 123" _xpath="./microban02_1" author="David W. Skinner" ctrl="force" easy="false" id="microban02[123]" rel="1" rev="1" score="1" target="time" unit="duration"/>
    <level _seq="124" _title="Microban II # 124" _xpath="./microban02_1" author="David W. Skinner" ctrl="force" easy="false" id="microban02[124]" rel="1" rev="1" score="1" target="time" unit="duration"/>
    <level _seq="125" _title="Microban II # 125" _xpath="./microban02_1" author="David W. Skinner" ctrl="force" easy="false" id="microban02[125]" rel="1" rev="1" score="1" target="time" unit="duration"/>
    <level _seq="126" _title="Microban II # 126" _xpath="./microban02_1" author="David W. Skinner" ctrl="force" easy="false" id="microban02[126]" rel="1" rev="1" score="1" target="time" unit="duration"/>
    <level _seq="127" _title="Microban II # 127" _xpath="./microban02_1" author="David W. Skinner" ctrl="force" easy="false" id="microban02[127]" rel="1" rev="1" score="1" target="time" unit="duration"/>
    <level _seq="128" _title="Microban II # 128" _xpath="./microban02_1" author="David W. Skinner" ctrl="force" easy="false" id="microban02[128]" rel="1" rev="1" score="1" target="time" unit="duration"/>
    <level _seq="129" _title="Microban II # 129" _xpath="./microban02_1" author="David W. Skinner" ctrl="force" easy="false" id="microban02[129]" rel="1" rev="1" score="1" target="time" unit="duration"/>
    <level _seq="130" _title="Microban II # 130" _xpath="./microban02_1" author="David W. Skinner" ctrl="force" easy="false" id="microban02[130]" rel="1" rev="1" score="1" target="time" unit="duration"/>
    <level _seq="131" _title="Microban II # 131" _xpath="./microban02_1" author="David W. Skinner" ctrl="force" easy="false" id="microban02[131]" rel="1" rev="1" score="1" target="time" unit="duration"/>
    <level _seq="132" _title="Microban II # 132" _xpath="./microban02_1" author="David W. Skinner" ctrl="force" easy="false" id="microban02[132]" rel="1" rev="1" score="1" target="time" unit="duration"/>
    <level _seq="133" _title="Microban II # 133" _xpath="./microban02_1" author="David W. Skinner" ctrl="force" easy="false" id="microban02[133]" rel="1" rev="1" score="1" target="time" unit="duration"/>
    <level _seq="134" _title="Microban II # 134" _xpath="./microban02_1" author="David W. Skinner" ctrl="force" easy="false" id="microban02[134]" rel="1" rev="1" score="1" target="time" unit="duration"/>
    <level _seq="135" _title="Microban II # 135" _xpath="./microban02_1" author="David W. Skinner" ctrl="force" easy="false" id="microban02[135]" rel="1" rev="1" score="1" target="time" unit="duration"/>
  </levels>

</index>
