<?xml version="1.0" encoding="UTF-8" standalone="no" ?>
<index xmlns:xsi="http://www.w3.org/2001/XMLSchema-instance" xsi:noNamespaceSchemaLocation="index.xsd">

  <info enigma="1.10" group="Sokoball" location="11300" network="false" owner="Enigma Team" release="1" revision="1" title="Microban III"/>

  <attributes/>

  <levels>
    <level _seq="1" _title="Microban III # 1" _xpath="./microban03_1" author="David W. Skinner" ctrl="force" easy="false" id="microban03[1]" rel="1" rev="1" score="1" target="time" unit="duration"/>
    <level _seq="2" _title="Microban III # 2" _xpath="./microban03_1" author="David W. Skinner" ctrl="force" easy="false" id="microban03[2]" rel="1" rev="1" score="1" target="time" unit="duration"/>
    <level _seq="3" _title="Microban III # 3" _xpath="./microban03_1" author="David W. Skinner" ctrl="force" easy="false" id="microban03[3]" rel="1" rev="1" score="1" target="time" unit="duration"/>
    <level _seq="4" _title="Microban III # 4" _xpath="./microban03_1" author="David W. Skinner" ctrl="force" easy="false" id="microban03[4]" rel="1" rev="1" score="1" target="time" unit="duration"/>
    <level _seq="5" _title="Microban III # 5" _xpath="./microban03_1" author="David W. Skinner" ctrl="force" easy="false" id="microban03[5]" rel="1" rev="1" score="1" target="time" unit="duration"/>
    <level _seq="6" _title="Microban III # 6" _xpath="./microban03_1" author="David W. Skinner" ctrl="force" easy="false" id="microban03[6]" rel="1" rev="1" score="1" target="time" unit="duration"/>
    <level _seq="7" _title="Microban III # 7" _xpath="./microban03_1" author="David W. Skinner" ctrl="force" easy="false" id="microban03[7]" rel="1" rev="1" score="1" target="time" unit="duration"/>
    <level _seq="8" _title="Microban III # 8" _xpath="./microban03_1" author="David W. Skinner" ctrl="force" easy="false" id="microban03[8]" rel="1" rev="1" score="1" target="time" unit="duration"/>
    <level _seq="9" _title="Microban III # 9" _xpath="./microban03_1" author="David W. Skinner" ctrl="force" easy="false" id="microban03[9]" rel="1" rev="1" score="1" target="time" unit="duration"/>
    <level _seq="10" _title="Microban III # 10" _xpath="./microban03_1" author="David W. Skinner" ctrl="force" easy="false" id="microban03[10]" rel="1" rev="1" score="1" target="time" unit="duration"/>
    <level _seq="11" _title="Microban III # 11" _xpath="./microban03_1" author="David W. Skinner" ctrl="force" easy="false" id="microban03[11]" rel="1" rev="1" score="1" target="time" unit="duration"/>
    <level _seq="12" _title="Microban III # 12" _xpath="./microban03_1" author="David W. Skinner" ctrl="force" easy="false" id="microban03[12]" rel="1" rev="1" score="1" target="time" unit="duration"/>
    <level _seq="13" _title="Microban III # 13" _xpath="./microban03_1" author="David W. Skinner" ctrl="force" easy="false" id="microban03[13]" rel="1" rev="1" score="1" target="time" unit="duration"/>
    <level _seq="14" _title="Microban III # 14" _xpath="./microban03_1" author="David W. Skinner" ctrl="force" easy="false" id="microban03[14]" rel="1" rev="1" score="1" target="time" unit="duration"/>
    <level _seq="15" _title="Microban III # 15" _xpath="./microban03_1" author="David W. Skinner" ctrl="force" easy="false" id="microban03[15]" rel="1" rev="1" score="1" target="time" unit="duration"/>
    <level _seq="16" _title="Microban III # 16" _xpath="./microban03_1" author="David W. Skinner" ctrl="force" easy="false" id="microban03[16]" rel="1" rev="1" score="1" target="time" unit="duration"/>
    <level _seq="17" _title="Microban III # 17" _xpath="./microban03_1" author="David W. Skinner" ctrl="force" easy="false" id="microban03[17]" rel="1" rev="1" score="1" target="time" unit="duration"/>
    <level _seq="18" _title="Microban III # 18" _xpath="./microban03_1" author="David W. Skinner" ctrl="force" easy="false" id="microban03[18]" rel="1" rev="1" score="1" target="time" unit="duration"/>
    <level _seq="19" _title="Microban III # 19" _xpath="./microban03_1" author="David W. Skinner" ctrl="force" easy="false" id="microban03[19]" rel="1" rev="1" score="1" target="time" unit="duration"/>
    <level _seq="20" _title="Microban III # 20" _xpath="./microban03_1" author="David W. Skinner" ctrl="force" easy="false" id="microban03[20]" rel="1" rev="1" score="1" target="time" unit="duration"/>
    <level _seq="21" _title="Microban III # 21" _xpath="./microban03_1" author="David W. Skinner" ctrl="force" easy="false" id="microban03[21]" rel="1" rev="1" score="1" target="time" unit="duration"/>
    <level _seq="22" _title="Microban III # 22" _xpath="./microban03_1" author="David W. Skinner" ctrl="force" easy="false" id="microban03[22]" rel="1" rev="1" score="1" target="time" unit="duration"/>
    <level _seq="23" _title="Microban III # 23" _xpath="./microban03_1" author="David W. Skinner" ctrl="force" easy="false" id="microban03[23]" rel="1" rev="1" score="1" target="time" unit="duration"/>
    <level _seq="24" _title="Microban III # 24" _xpath="./microban03_1" author="David W. Skinner" ctrl="force" easy="false" id="microban03[24]" rel="1" rev="1" score="1" target="time" unit="duration"/>
    <level _seq="25" _title="Microban III # 25" _xpath="./microban03_1" author="David W. Skinner" ctrl="force" easy="false" id="microban03[25]" rel="1" rev="1" score="1" target="time" unit="duration"/>
    <level _seq="26" _title="Microban III # 26" _xpath="./microban03_1" author="David W. Skinner" ctrl="force" easy="false" id="microban03[26]" rel="1" rev="1" score="1" target="time" unit="duration"/>
    <level _seq="27" _title="Microban III # 27" _xpath="./microban03_1" author="David W. Skinner" ctrl="force" easy="false" id="microban03[27]" rel="1" rev="1" score="1" target="time" unit="duration"/>
    <level _seq="28" _title="Microban III # 28" _xpath="./microban03_1" author="David W. Skinner" ctrl="force" easy="false" id="microban03[28]" rel="1" rev="1" score="1" target="time" unit="duration"/>
    <level _seq="29" _title="Microban III # 29" _xpath="./microban03_1" author="David W. Skinner" ctrl="force" easy="false" id="microban03[29]" rel="1" rev="1" score="1" target="time" unit="duration"/>
    <level _seq="30" _title="Microban III # 30" _xpath="./microban03_1" author="David W. Skinner" ctrl="force" easy="false" id="microban03[30]" rel="1" rev="1" score="1" target="time" unit="duration"/>
    <level _seq="31" _title="Microban III # 31" _xpath="./microban03_1" author="David W. Skinner" ctrl="force" easy="false" id="microban03[31]" rel="1" rev="1" score="1" target="time" unit="duration"/>
    <level _seq="32" _title="Microban III # 32" _xpath="./microban03_1" author="David W. Skinner" ctrl="force" easy="false" id="microban03[32]" rel="1" rev="1" score="1" target="time" unit="duration"/>
    <level _seq="33" _title="Microban III # 33" _xpath="./microban03_1" author="David W. Skinner" ctrl="force" easy="false" id="microban03[33]" rel="1" rev="1" score="1" target="time" unit="duration"/>
    <level _seq="34" _title="Microban III # 34" _xpath="./microban03_1" author="David W. Skinner" ctrl="force" easy="false" id="microban03[34]" rel="1" rev="1" score="1" target="time" unit="duration"/>
    <level _seq="35" _title="Microban III # 35" _xpath="./microban03_1" author="David W. Skinner" ctrl="force" easy="false" id="microban03[35]" rel="1" rev="1" score="1" target="time" unit="duration"/>
    <level _seq="36" _title="Microban III # 36" _xpath="./microban03_1" author="David W. Skinner" ctrl="force" easy="false" id="microban03[36]" rel="1" rev="1" score="1" target="time" unit="duration"/>
    <level _seq="37" _title="Microban III # 37" _xpath="./microban03_1" author="David W. Skinner" ctrl="force" easy="false" id="microban03[37]" rel="1" rev="1" score="1" target="time" unit="duration"/>
    <level _seq="38" _title="Microban III # 38" _xpath="./microban03_1" author="David W. Skinner" ctrl="force" easy="false" id="microban03[38]" rel="1" rev="1" score="1" target="time" unit="duration"/>
    <level _seq="39" _title="Microban III # 39" _xpath="./microban03_1" author="David W. Skinner" ctrl="force" easy="false" id="microban03[39]" rel="1" rev="1" score="1" target="time" unit="duration"/>
    <level _seq="40" _title="Microban III # 40" _xpath="./microban03_1" author="David W. Skinner" ctrl="force" easy="false" id="microban03[40]" rel="1" rev="1" score="1" target="time" unit="duration"/>
    <level _seq="41" _title="Microban III # 41" _xpath="./microban03_1" author="David W. Skinner" ctrl="force" easy="false" id="microban03[41]" rel="1" rev="1" score="1" target="time" unit="duration"/>
    <level _seq="42" _title="Microban III # 42" _xpath="./microban03_1" author="David W. Skinner" ctrl="force" easy="false" id="microban03[42]" rel="1" rev="1" score="1" target="time" unit="duration"/>
    <level _seq="43" _title="Microban III # 43" _xpath="./microban03_1" author="David W. Skinner" ctrl="force" easy="false" id="microban03[43]" rel="1" rev="1" score="1" target="time" unit="duration"/>
    <level _seq="44" _title="Microban III # 44" _xpath="./microban03_1" author="David W. Skinner" ctrl="force" easy="false" id="microban03[44]" rel="1" rev="1" score="1" target="time" unit="duration"/>
    <level _seq="45" _title="Microban III # 45" _xpath="./microban03_1" author="David W. Skinner" ctrl="force" easy="false" id="microban03[45]" rel="1" rev="1" score="1" target="time" unit="duration"/>
    <level _seq="46" _title="Microban III # 46" _xpath="./microban03_1" author="David W. Skinner" ctrl="force" easy="false" id="microban03[46]" rel="1" rev="1" score="1" target="time" unit="duration"/>
    <level _seq="47" _title="Microban III # 47" _xpath="./microban03_1" author="David W. Skinner" ctrl="force" easy="false" id="microban03[47]" rel="1" rev="1" score="1" target="time" unit="duration"/>
    <level _seq="48" _title="Microban III # 48" _xpath="./microban03_1" author="David W. Skinner" ctrl="force" easy="false" id="microban03[48]" rel="1" rev="1" score="1" target="time" unit="duration"/>
    <level _seq="49" _title="Microban III # 49" _xpath="./microban03_1" author="David W. Skinner" ctrl="force" easy="false" id="microban03[49]" rel="1" rev="1" score="1" target="time" unit="duration"/>
    <level _seq="50" _title="Microban III # 50" _xpath="./microban03_1" author="David W. Skinner" ctrl="force" easy="false" id="microban03[50]" rel="1" rev="1" score="1" target="time" unit="duration"/>
    <level _seq="51" _title="Microban III # 51" _xpath="./microban03_1" author="David W. Skinner" ctrl="force" easy="false" id="microban03[51]" rel="1" rev="1" score="1" target="time" unit="duration"/>
    <level _seq="52" _title="Microban III # 52" _xpath="./microban03_1" author="David W. Skinner" ctrl="force" easy="false" id="microban03[52]" rel="1" rev="1" score="1" target="time" unit="duration"/>
    <level _seq="53" _title="Microban III # 53" _xpath="./microban03_1" author="David W. Skinner" ctrl="force" easy="false" id="microban03[53]" rel="1" rev="1" score="1" target="time" unit="duration"/>
    <level _seq="54" _title="Microban III # 54" _xpath="./microban03_1" author="David W. Skinner" ctrl="force" easy="false" id="microban03[54]" rel="1" rev="1" score="1" target="time" unit="duration"/>
    <level _seq="55" _title="Microban III # 55" _xpath="./microban03_1" author="David W. Skinner" ctrl="force" easy="false" id="microban03[55]" rel="1" rev="1" score="1" target="time" unit="duration"/>
    <level _seq="56" _title="Microban III # 56" _xpath="./microban03_1" author="David W. Skinner" ctrl="force" easy="false" id="microban03[56]" rel="1" rev="1" score="1" target="time" unit="duration"/>
    <level _seq="57" _title="Microban III # 57" _xpath="./microban03_1" author="David W. Skinner" ctrl="force" easy="false" id="microban03[57]" rel="1" rev="1" score="1" target="time" unit="duration"/>
    <level _seq="58" _title="Microban III # 58" _xpath="./microban03_1" author="David W. Skinner" ctrl="force" easy="false" id="microban03[58]" rel="1" rev="1" score="1" target="time" unit="duration"/>
    <level _seq="59" _title="Microban III # 59" _xpath="./microban03_1" author="David W. Skinner" ctrl="force" easy="false" id="microban03[59]" rel="1" rev="1" score="1" target="time" unit="duration"/>
    <level _seq="60" _title="Microban III # 60" _xpath="./microban03_1" author="David W. Skinner" ctrl="force" easy="false" id="microban03[60]" rel="1" rev="1" score="1" target="time" unit="duration"/>
    <level _seq="61" _title="Microban III # 61" _xpath="./microban03_1" author="David W. Skinner" ctrl="force" easy="false" id="microban03[61]" rel="1" rev="1" score="1" target="time" unit="duration"/>
    <level _seq="62" _title="Microban III # 62" _xpath="./microban03_1" author="David W. Skinner" ctrl="force" easy="false" id="microban03[62]" rel="1" rev="1" score="1" target="time" unit="duration"/>
    <level _seq="63" _title="Microban III # 63" _xpath="./microban03_1" author="David W. Skinner" ctrl="force" easy="false" id="microban03[63]" rel="1" rev="1" score="1" target="time" unit="duration"/>
    <level _seq="64" _title="Microban III # 64" _xpath="./microban03_1" author="David W. Skinner" ctrl="force" easy="false" id="microban03[64]" rel="1" rev="1" score="1" target="time" unit="duration"/>
    <level _seq="65" _title="Microban III # 65" _xpath="./microban03_1" author="David W. Skinner" ctrl="force" easy="false" id="microban03[65]" rel="1" rev="1" score="1" target="time" unit="duration"/>
    <level _seq="66" _title="Microban III # 66" _xpath="./microban03_1" author="David W. Skinner" ctrl="force" easy="false" id="microban03[66]" rel="1" rev="1" score="1" target="time" unit="duration"/>
    <level _seq="67" _title="Microban III # 67" _xpath="./microban03_1" author="David W. Skinner" ctrl="force" easy="false" id="microban03[67]" rel="1" rev="1" score="1" target="time" unit="duration"/>
    <level _seq="68" _title="Microban III # 68" _xpath="./microban03_1" author="David W. Skinner" ctrl="force" easy="false" id="microban03[68]" rel="1" rev="1" score="1" target="time" unit="duration"/>
    <level _seq="69" _title="Microban III # 69" _xpath="./microban03_1" author="David W. Skinner" ctrl="force" easy="false" id="microban03[69]" rel="1" rev="1" score="1" target="time" unit="duration"/>
    <level _seq="70" _title="Microban III # 70" _xpath="./microban03_1" author="David W. Skinner" ctrl="force" easy="false" id="microban03[70]" rel="1" rev="1" score="1" target="time" unit="duration"/>
    <level _seq="71" _title="Microban III # 71" _xpath="./microban03_1" author="David W. Skinner" ctrl="force" easy="false" id="microban03[71]" rel="1" rev="1" score="1" target="time" unit="duration"/>
    <level _seq="72" _title="Microban III # 72" _xpath="./microban03_1" author="David W. Skinner" ctrl="force" easy="false" id="microban03[72]" rel="1" rev="1" score="1" target="time" unit="duration"/>
    <level _seq="73" _title="Microban III # 73" _xpath="./microban03_1" author="David W. Skinner" ctrl="force" easy="false" id="microban03[73]" rel="1" rev="1" score="1" target="time" unit="duration"/>
    <level _seq="74" _title="Microban III # 74" _xpath="./microban03_1" author="David W. Skinner" ctrl="force" easy="false" id="microban03[74]" rel="1" rev="1" score="1" target="time" unit="duration"/>
    <level _seq="75" _title="Microban III # 75" _xpath="./microban03_1" author="David W. Skinner" ctrl="force" easy="false" id="microban03[75]" rel="1" rev="1" score="1" target="time" unit="duration"/>
    <level _seq="76" _title="Microban III # 76" _xpath="./microban03_1" author="David W. Skinner" ctrl="force" easy="false" id="microban03[76]" rel="1" rev="1" score="1" target="time" unit="duration"/>
    <level _seq="77" _title="Microban III # 77" _xpath="./microban03_1" author="David W. Skinner" ctrl="force" easy="false" id="microban03[77]" rel="1" rev="1" score="1" target="time" unit="duration"/>
    <level _seq="78" _title="Microban III # 78" _xpath="./microban03_1" author="David W. Skinner" ctrl="force" easy="false" id="microban03[78]" rel="1" rev="1" score="1" target="time" unit="duration"/>
    <level _seq="79" _title="Microban III # 79" _xpath="./microban03_1" author="David W. Skinner" ctrl="force" easy="false" id="microban03[79]" rel="1" rev="1" score="1" target="time" unit="duration"/>
    <level _seq="80" _title="Microban III # 80" _xpath="./microban03_1" author="David W. Skinner" ctrl="force" easy="false" id="microban03[80]" rel="1" rev="1" score="1" target="time" unit="duration"/>
    <level _seq="81" _title="Microban III # 81" _xpath="./microban03_1" author="David W. Skinner" ctrl="force" easy="false" id="microban03[81]" rel="1" rev="1" score="1" target="time" unit="duration"/>
    <level _seq="82" _title="Microban III # 82" _xpath="./microban03_1" author="David W. Skinner" ctrl="force" easy="false" id="microban03[82]" rel="1" rev="1" score="1" target="time" unit="duration"/>
    <level _seq="83" _title="Microban III # 83" _xpath="./microban03_1" author="David W. Skinner" ctrl="force" easy="false" id="microban03[83]" rel="1" rev="1" score="1" target="time" unit="duration"/>
    <level _seq="84" _title="Microban III # 84" _xpath="./microban03_1" author="David W. Skinner" ctrl="force" easy="false" id="microban03[84]" rel="1" rev="1" score="1" target="time" unit="duration"/>
    <level _seq="85" _title="Microban III # 85" _xpath="./microban03_1" author="David W. Skinner" ctrl="force" easy="false" id="microban03[85]" rel="1" rev="1" score="1" target="time" unit="duration"/>
    <level _seq="86" _title="Microban III # 86" _xpath="./microban03_1" author="David W. Skinner" ctrl="force" easy="false" id="microban03[86]" rel="1" rev="1" score="1" target="time" unit="duration"/>
    <level _seq="87" _title="Microban III # 87" _xpath="./microban03_1" author="David W. Skinner" ctrl="force" easy="false" id="microban03[87]" rel="1" rev="1" score="1" target="time" unit="duration"/>
    <level _seq="88" _title="Microban III # 88" _xpath="./microban03_1" author="David W. Skinner" ctrl="force" easy="false" id="microban03[88]" rel="1" rev="1" score="1" target="time" unit="duration"/>
    <level _seq="89" _title="Microban III # 89" _xpath="./microban03_1" author="David W. Skinner" ctrl="force" easy="false" id="microban03[89]" rel="1" rev="1" score="1" target="time" unit="duration"/>
    <level _seq="90" _title="Microban III # 90" _xpath="./microban03_1" author="David W. Skinner" ctrl="force" easy="false" id="microban03[90]" rel="1" rev="1" score="1" target="time" unit="duration"/>
    <level _seq="91" _title="Microban III # 91" _xpath="./microban03_1" author="David W. Skinner" ctrl="force" easy="false" id="microban03[91]" rel="1" rev="1" score="1" target="time" unit="duration"/>
    <level _seq="92" _title="Microban III # 92" _xpath="./microban03_1" author="David W. Skinner" ctrl="force" easy="false" id="microban03[92]" rel="1" rev="1" score="1" target="time" unit="duration"/>
    <level _seq="93" _title="Microban III # 93" _xpath="./microban03_1" author="David W. Skinner" ctrl="force" easy="false" id="microban03[93]" rel="1" rev="1" score="1" target="time" unit="duration"/>
    <level _seq="94" _title="Microban III # 94" _xpath="./microban03_1" author="David W. Skinner" ctrl="force" easy="false" id="microban03[94]" rel="1" rev="1" score="1" target="time" unit="duration"/>
    <level _seq="95" _title="Microban III # 95" _xpath="./microban03_1" author="David W. Skinner" ctrl="force" easy="false" id="microban03[95]" rel="1" rev="1" score="1" target="time" unit="duration"/>
    <level _seq="96" _title="Microban III # 96" _xpath="./microban03_1" author="David W. Skinner" ctrl="force" easy="false" id="microban03[96]" rel="1" rev="1" score="1" target="time" unit="duration"/>
    <level _seq="97" _title="Microban III # 97" _xpath="./microban03_1" author="David W. Skinner" ctrl="force" easy="false" id="microban03[97]" rel="1" rev="1" score="1" target="time" unit="duration"/>
    <level _seq="98" _title="Microban III # 98" _xpath="./microban03_1" author="David W. Skinner" ctrl="force" easy="false" id="microban03[98]" rel="1" rev="1" score="1" target="time" unit="duration"/>
    <level _seq="99" _title="Microban III # 99" _xpath="./microban03_1" author="David W. Skinner" ctrl="force" easy="false" id="microban03[99]" rel="1" rev="1" score="1" target="time" unit="duration"/>
    <level _seq="100" _title="Microban III # 100" _xpath="./microban03_1" author="David W. Skinner" ctrl="force" easy="false" id="microban03[100]" rel="1" rev="1" score="1" target="time" unit="duration"/>
    <level _seq="101" _title="Microban III # 101" _xpath="./microban03_1" author="David W. Skinner" ctrl="force" easy="false" id="microban03[101]" rel="1" rev="1" score="1" target="time" unit="duration"/>
  </levels>

</index>
