<?xml version="1.0" encoding="UTF-8" standalone="no" ?>
<el:level xmlns:xsi="http://www.w3.org/2001/XMLSchema-instance" xsi:schemaLocation="http://enigma-game.org/schema/level/1 level.xsd" xmlns:el="http://enigma-game.org/schema/level/1">
  <el:protected>
    <el:info el:type="level">
      <el:identity el:title="Bendixxon" el:subtitle="" el:id="alain06"/>
      <el:version el:score="1" el:release="2" el:revision="2" el:status="released"/>
      <el:author el:name="Alain Busser" el:email="" el:homepage=""/>
      <el:copyright>Copyright © 2005 Alain Busser</el:copyright>
      <el:license el:type="GPL v2.0 or above" el:open="true"/>
      <el:compatibility el:enigma="1.10"/>
      <el:modes el:easy="false" el:single="true" el:network="false"/>
      <el:score el:easy="-" el:difficult="0:51"/>
    </el:info>
    <el:luamain><![CDATA[
wo["ActorimpulseStrength"]=200
wo["SlopeStrength"]=200

ti[" "] = {"fl_red"}
ti["-"] = {"fl_pinkbumps"}
ti["v"] = {"fl_slope_ps"}
ti["^"] = {"fl_slope_pn"}
ti[">"] = {"fl_slope_pe"}
ti["<"] = {"fl_slope_pw"}
ti["="] = {"fl_slope_pe", name="wormdest"}
ti["I"] = {"st_actorimpulse"}
ti["i"] = {"st_actorimpulse",invisible=true}
ti["*"] = {"it_wormhole", destination="wormdest"}
ti["O"] = {"st_oxyd_b"}
ti["@"] = {"#ac_marble"}

wo(ti," ",{
    "          i         ",
    "  -     IOIOI    - -",
    " --*   I>>=>vI   - -",
    "  -   I>^IOI>vI  ---",
    "  -  I>^I   I>vI   -",
    "  -  O^I --- IvO @ -",
    "     I^O - - OvI    ",
    "---  O^I --- IvO ---",
    "  -  I^<I   Iv<I   -",
    " -    I^<IOIv<I   --",
    "-      I^<<<<I     -",
    "---     IOIOI    ---",
    "                    "})

wo:shuffleOxyd()
 ]]></el:luamain>
    <el:i18n>
      <el:string el:key="title">
        <el:english el:translate="false"/>
      </el:string>
    </el:i18n>
  </el:protected>
</el:level>
