<?xml version="1.0" encoding="UTF-8" standalone="no" ?>
<el:level xmlns:xsi="http://www.w3.org/2001/XMLSchema-instance" xsi:schemaLocation="http://enigma-game.org/schema/level/1 level.xsd" xmlns:el="http://enigma-game.org/schema/level/1">
  <el:protected>
    <el:info el:type="level">
      <el:identity el:title="Impulsive" el:subtitle="" el:id="ant13"/>
      <el:version el:score="1" el:release="2" el:revision="1" el:status="released"/>
      <el:author el:name="Petr Machata" el:email="" el:homepage=""/>
      <el:copyright>Copyright © 2003 Petr Machata</el:copyright>
      <el:license el:type="GPL v2.0 or above" el:open="true"/>
      <el:compatibility el:enigma="1.10"/>
      <el:modes el:easy="false" el:single="true" el:network="false"/>
      <el:comments><el:code>new API converted by mecke</el:code></el:comments>
      <el:score el:easy="-" el:difficult="-"/>
    </el:info>
    <el:luamain><![CDATA[
ti["1"] = {"fl_samba"}
ti["2"] = {"fl_stone"}
ti["3"] = {"fl_tigris"}
ti["+"] = {"st_box_wood"}
ti["I"] = {"st_stoneimpulse"}
ti["door"] = {"st_door", faces="ew", name="door%%"}
ti["D"] = {"st_door", faces="ns", name="door%4"}
ti["trigger"] = {"it_trigger", target="door%%"}
ti["O"] = {"st_oxyd", flavor="c"}
ti["@"] = {"#ac_marble"}

wo(res.random(res.autotile(ti, {"a", "d", "trigger"}, {"A", "C", "door"}), " ", {{"1",3},{"2",20},{"3",1}}), " ", {
    "IIIIIIIIIIIIIIIIIIII",
    "III@               I",
    "I    IIII IIIIIIII I",
    "IDII IIcI II aI    I",
    "I II I+ III  IIIII I",
    "I I  IIIII  II A   I",
    "I I I  II +IIO I I I",
    "I I   II  IIIIII I I",
    "I II II  III +II I I",
    "I OI Ib II IdIII III",
    "I II IIII  IIIOB C I",
    "I I          III IOI",
    "IIIIIIIIIIIIIIIIIIII"})

wo:shuffleOxyd()
 ]]></el:luamain>
    <el:i18n>
      <el:string el:key="title">
        <el:english el:translate="false"/>
      </el:string>
    </el:i18n>
  </el:protected>
</el:level>
