<?xml version="1.0" encoding="UTF-8" standalone="no" ?>
<el:level xmlns:xsi="http://www.w3.org/2001/XMLSchema-instance" xsi:schemaLocation="http://enigma-game.org/schema/level/1 level.xsd" xmlns:el="http://enigma-game.org/schema/level/1">
  <el:protected>
    <el:info el:type="level">
      <el:identity el:title="Black Lava" el:subtitle="" el:id="ant12"/>
      <el:version el:score="2" el:release="2" el:revision="1" el:status="released"/>
      <el:author  el:name="Petr Machata" el:email="" el:homepage=""/>
      <el:copyright>Copyright © 2003 Petr Machata</el:copyright>
      <el:license el:type="GPL v2.0 or above" el:open="true"/>
      <el:compatibility el:enigma="1.10"/>
      <el:modes el:easy="false" el:single="true" el:network="false"/>
      <el:comments><el:code>New API converted by R. Bourquin</el:code></el:comments>
      <el:score el:easy="-" el:difficult="-"/>
    </el:info>
    <el:luamain><![CDATA[
ti["-"] = {"fl_metal_7"}
ti["v"] = {"fl_slope_ts"}
ti["^"] = {"fl_slope_tn"}
ti[">"] = {"fl_slope_te"}
ti["<"] = {"fl_slope_tw"}
ti["7"] = {"fl_slope_ose"}
ti["9"] = {"fl_slope_osw"}
ti["1"] = {"fl_slope_one"}
ti["3"] = {"fl_slope_onw"}
ti["s"] = {"fl_slope_ise"}
ti["a"] = {"fl_slope_isw"}
ti["w"] = {"fl_slope_ine"}
ti["q"] = {"fl_slope_inw"}
ti["#"] = {"st_purplegray"}
ti["D"] = {"st_death"}
ti["O"] = {"st_oxyd", name="left#"}
ti["o"] = {"st_oxyd", name="right#"}
ti["@"] = ti["-"] .. {"#ac_marble_black"}

wo(res.random(ti, " ", {"v", "^", "<", ">", "1", "3", "7", "9", "q", "w", "a", "s"}), " ", {
    "####################",
    "#@       ##       -#",
    "#        ##        #",
    "O  D  D  DD  D  D  o",
    "#                  #",
    "#                  #",
    "O  D  D      D  D  o",
    "#                  #",
    "#                  #",
    "O  D  D  DD  D  D  o",
    "#        ##        #",
    "#-       ##       -#",
    "####################"})

wo:shuffleOxyd({"left#*", "right#*", min=2})
 ]]></el:luamain>
    <el:i18n>
      <el:string el:key="title">
        <el:english el:translate="false"/>
      </el:string>
    </el:i18n>
  </el:protected>
</el:level>
