<?xml version="1.0" encoding="UTF-8" standalone="no" ?>
<el:level xmlns:xsi="http://www.w3.org/2001/XMLSchema-instance" xsi:schemaLocation="http://enigma-game.org/schema/level/1 level.xsd" xmlns:el="http://enigma-game.org/schema/level/1">
  <el:protected>
    <el:info el:type="level">
      <el:identity el:title="- Meditation -" el:subtitle="" el:id="ant24"/>
      <el:version el:score="1" el:release="2" el:revision="2" el:status="released"/>
      <el:author  el:name="Petr Machata" el:email="" el:homepage=""/>
      <el:copyright>Copyright © 2003 Petr Machata</el:copyright>
      <el:license el:type="GPL v2.0 or above" el:open="true"/>
      <el:compatibility el:enigma="1.10"/>
      <el:modes el:easy="false" el:single="true" el:network="false"/>
      <el:comments><el:code>New API converted by R. Bourquin</el:code></el:comments>
      <el:score el:easy="-" el:difficult="-"/>
    </el:info>
    <el:luamain><![CDATA[
wo["ConserveLevel"] = false

ti[" "] = {"fl_bluegray"}
ti["_"] = {"fl_sahara", name="spot"}
ti["#"] = {"st_granite"}
ti["*"] = {"st_puzzle", cluster=1}
ti["w"] = {"it_wormhole", range=1, strength=10, destination="spot"}
ti["O"] = {"it_meditation_hollow"}
ti["1"] = ti["_"] .. {"#ac_pearl", essential=INDISPENSABLE}
ti["2"] = {"#ac_pearl", essential=INDISPENSABLE}

wo(ti, " ", {
    "####################",
    "#*****        *****#",
    "#*1  *        *  2*#",
    "#*   *O O     *   *#",
    "#*   *        *   *#",
    "#*****O O  w  *****#",
    "#                  #",
    "#*****        *****#",
    "#*   *  w  w  *   *#",
    "#*   *        *   *#",
    "#*2  *        *  2*#",
    "#*****        *****#",
    "####################"})
 ]]></el:luamain>
    <el:i18n>
      <el:string el:key="title">
        <el:english el:translate="false"/>
      </el:string>
    </el:i18n>
  </el:protected>
</el:level>
