<?xml version="1.0" encoding="UTF-8" standalone="no" ?>
<el:level xmlns:xsi="http://www.w3.org/2001/XMLSchema-instance" xsi:schemaLocation="http://enigma-game.org/schema/level/1 level.xsd" xmlns:el="http://enigma-game.org/schema/level/1">
  <el:protected >
    <el:info el:type="level">
      <el:identity el:title="The Grim Reaper" el:id="space"/>
      <el:version el:score="1" el:release="2" el:revision="4" el:status="released"/>
      <el:author el:name="Daniel Heck"/>
      <el:copyright>Copyright © Daniel Heck</el:copyright>
      <el:license el:type="GPL v2.0 or above" el:open="true"/>
      <el:compatibility el:enigma="1.10"/>
      <el:modes el:easy="true" el:single="true" el:network="false"/>
      <el:comments>
        <el:code>New API converted by /dev/null, March 2013</el:code>
      </el:comments>
      <el:score el:easy="-" el:difficult="-"/>
    </el:info>
    <el:luamain><![CDATA[
ti["#"] = {"st_fake_oxydc"}
ti[" "] = {"fl_space"}
ti["."] = cond(wo["IsDifficult"], {"fl_inverse"}, {"fl_gray"})
ti["-"] = cond(wo["IsDifficult"], ti[" "], ti["."])
ti["="] = cond(wo["IsDifficult"], {"st_death"}, {"st_actorimpulse"})
ti["O"] = {"st_oxyd"}
ti["@"] = ti["."] .. {"ac_marble_black", 0.0, 0.5}

wo(ti, " ", {
    "#########==#########",
    "#O                O#",
    "#                  #",
    "#                  #",
    "#     -......-     #",
    "#     -......-     #",
    "=     -...@..-     =",
    "#     -......-     #",
    "#     -......-     #",
    "#     --------     #",
    "#                  #",
    "#                  #",
    "#O                O#",
    "#                  #",
    "#                  #",
    "#     --------     #",
    "#     -......-     #",
    "#     -......-     #",
    "=     -......-     =",
    "#     -......-     #",
    "#     -......-     #",
    "#                  #",
    "#                  #",
    "#O                O#",
    "#########==#########"})

wo:shuffleOxyd()
 ]]></el:luamain>
    <el:i18n>
      <el:string el:key="title">
        <el:english el:translate="true"/>
        <el:translation el:lang="de">Der Sensemann</el:translation>
      </el:string>
    </el:i18n>
  </el:protected>
</el:level>
