<?xml version="1.0" encoding="UTF-8" standalone="no" ?>
<el:level xmlns:xsi="http://www.w3.org/2001/XMLSchema-instance" xsi:schemaLocation="http://enigma-game.org/schema/level/1 level.xsd" xmlns:el="http://enigma-game.org/schema/level/1">
  <el:protected>
    <el:info el:type="level">
      <el:identity el:title="Lasers 101" el:subtitle="" el:id="lasers101"/>
      <el:version el:score="1" el:release="2" el:revision="1" el:status="released"/>
      <el:author  el:name="Daniel Heck" el:email="" el:homepage=""/>
      <el:copyright>Copyright © 2002 Daniel Heck</el:copyright>
      <el:license el:type="GPL v2.0 or above" el:open="true"/>
      <el:compatibility el:enigma="1.10"/>
      <el:modes el:easy="false" el:single="true" el:network="false"/>
      <el:comments><el:code>New API converted by R. Bourquin</el:code></el:comments>
      <el:score el:easy="-" el:difficult="-"/>
    </el:info>
    <el:luamain><![CDATA[
ti[" "] = {"fl_lawn"}
ti["-"] = {"fl_abyss"}
ti["#"] = {"st_greenbrown"}
ti["T"] = {"st_mirror", flavor="triangle", orientation=EAST, movable=true}
ti["M"] = {"st_mirror", flavor="slab", orientation=SLASH, movable=true}
ti["N"] = {"st_mirror", flavor="slab", orientation=BACKSLASH, movable=true}
ti["V"] = {"st_laser", orientation=SOUTH, name="laser"}
ti["S"] = {"st_switch", target="laser"}
ti["O"] = {"st_oxyd"}
ti["@"] = {"ac_marble_black"}

wo(ti, " ", {
    "#############################V############################",
    "#O -                                                  - O#",
    "#  -                                                  -  #",
    "#  -                                                  -  #",
    "#  -                                                  -  #",
    "#  -                                                  -  #",
    "#  -                      M  T  N                     -  #",
    "#  -                                                  -  #",
    "#  -                                                  -  #",
    "#  -                                                  -  #",
    "#  -                          @                       -  #",
    "#O -                                                  - O#",
    "#############################S############################"})
 ]]></el:luamain>
    <el:i18n>
      <el:string el:key="title">
        <el:english el:translate="false"/>
      </el:string>
    </el:i18n>
  </el:protected>
</el:level>
