<?xml version="1.0" encoding="UTF-8" standalone="no" ?>
<el:level xmlns:xsi="http://www.w3.org/2001/XMLSchema-instance" xsi:schemaLocation="http://enigma-game.org/schema/level/1 level.xsd" xmlns:el="http://enigma-game.org/schema/level/1">
  <el:protected>
    <el:info el:type="level">
      <el:identity el:title="If They'd Just Hold Still" el:subtitle="" el:id="duffy21"/>
      <el:version el:score="1" el:release="2" el:revision="1" el:status="released"/>
      <el:author  el:name="Jacob Scott" el:email="" el:homepage=""/>
      <el:copyright>Copyright © 2003 Jacob Scott</el:copyright>
      <el:license el:type="GPL v2.0 or above" el:open="true"/>
      <el:compatibility el:enigma="1.10"/>
      <el:modes el:easy="false" el:single="true" el:network="false"/>
      <el:comments><el:code>New API converted by R. Bourquin</el:code></el:comments>
      <el:score el:easy="-" el:difficult="-"/>
    </el:info>
    <el:luamain><![CDATA[
ti[" "] = {"fl_abyss"}
ti["-"] = {"fl_metal"}
ti[">"] = {"fl_slope_te"}
ti["<"] = {"fl_slope_tw"}
ti["#"] = ti["-"] .. {"st_greenbrown"}
ti["D"] = ti["-"] .. {"st_death"}
ti["o"] = ti["-"] .. {"st_oxyd", name="upper#"}
ti["O"] = ti["-"] .. {"st_oxyd", name="middle#"}
ti["0"] = ti["-"] .. {"st_oxyd", name="lower#"}
ti["1"] = ti[">"] .. {"#ac_pearl"}
ti["2"] = ti["-"] .. {"#ac_pearl"}
ti["3"] = ti["<"] .. {"#ac_pearl"}

wo(ti, " ", {
    "   ###    ###       ",
    " ###>#o####>#o##### ",
    " D>>>>>>>>1>>>>>>># ",
    " ##>##o######o##>## ",
    "  ###    ###   ###  ",
    " ##-##O###-##O##### ",
    " D--------2-------D ",
    " #####O###-##O##-## ",
    "  ###    ###   ###  ",
    " ##<##0###<##0##### ",
    " #<<<<<<<<3<<<<<<<D ",
    " #####0#<####0##<## ",
    "       ###     ###  "})

wo:shuffleOxyd({"upper#*", max=1}, {"middle#*", max=1}, {"lower#*", max=1})
 ]]></el:luamain>
    <el:i18n>
      <el:string el:key="title">
        <el:english el:translate="false"/>
      </el:string>
    </el:i18n>
  </el:protected>
</el:level>
