<?xml version="1.0" encoding="UTF-8" standalone="no" ?>
<el:level xmlns:xsi="http://www.w3.org/2001/XMLSchema-instance" xsi:schemaLocation="http://enigma-game.org/schema/level/1 level.xsd" xmlns:el="http://enigma-game.org/schema/level/1">
  <el:protected>
    <el:info el:type="level">
      <el:identity el:title="Oxyd Maze" el:subtitle="" el:id="duffy79"/>
      <el:version el:score="1" el:release="2" el:revision="2" el:status="released"/>
      <el:author  el:name="Jacob Scott" el:email="" el:homepage=""/>
      <el:copyright>Copyright © 2004 Jacob Scott</el:copyright>
      <el:license el:type="GPL v2.0 or above" el:open="true"/>
      <el:compatibility el:enigma="1.10"/>
      <el:modes el:easy="false" el:single="true" el:network="false"/>
      <el:comments><el:code>New API converted by R. Bourquin</el:code></el:comments>
      <el:score el:easy="-" el:difficult="-"/>
    </el:info>
    <el:luamain><![CDATA[
ti[" "] = {"fl_lawn"}
ti["#"] = {"st_granite"}
ti["triggerupper"] = {"it_trigger", target="oxydu%%", action="open", invisible=true}
ti["triggerlower"] = {"it_trigger", target="oxydl%%", action="open", invisible=true}
ti["oxydupper"] = {"st_oxyd", name="oxydu%%", oxydcolor="%%"}
ti["oxydlower"] = {"st_oxyd", name="oxydl%%", oxydcolor="%%"}
ti["@"] = {"#ac_marble_black"}

wo(res.autotile(ti, {"A", "H", "oxydupper", 0}, {"I", "P", "oxydlower", 0},
                    {"a", "h", "triggerupper", 0}, {"i", "p", "triggerlower", 0}), " ", {
    "AB################EF",
    "CD#gg  a   ff    #GH",
    "###bbc a a mm   d###",
    "#  b c   aooo#mmddh#",
    "#e####  aaaaalcccjh#",
    "#e#kkpppa    l cjj #",
    "#eookpppp @ffllcjj #",
    "#ppoo  offffmllcjj #",
    "#   oooo  m m llj  #",
    "#      i iiimmm#   #",
    "###nnn   iiii    ###",
    "IJ#nnnjj inni    #MN",
    "KL################OP"})
 ]]></el:luamain>
    <el:i18n>
      <el:string el:key="title">
        <el:english el:translate="false"/>
      </el:string>
    </el:i18n>
  </el:protected>
</el:level>
