<?xml version="1.0" encoding="UTF-8" standalone="no" ?>
<el:level xmlns:xsi="http://www.w3.org/2001/XMLSchema-instance" xsi:schemaLocation="http://enigma-game.org/schema/level/1 level.xsd" xmlns:el="http://enigma-game.org/schema/level/1">
  <el:protected>
    <el:info el:type="level">
      <el:identity el:title="Jump!" el:subtitle="" el:id="duffy7"/>
      <el:version el:score="1" el:release="2" el:revision="3" el:status="released"/>
      <el:author  el:name="Jacob Scott" el:email="" el:homepage=""/>
      <el:copyright>Copyright © 2003 Jacob Scott</el:copyright>
      <el:license el:type="GPL v2.0 or above" el:open="true"/>
      <el:compatibility el:enigma="1.10"/>
      <el:modes el:easy="false" el:single="true" el:network="false"/>
      <el:comments><el:code>New API converted by /dev/null</el:code></el:comments>
      <el:score el:easy="-" el:difficult="-"/>
    </el:info>
    <el:luamain><![CDATA[
wo["FollowGrid"] = true
wo["FollowMethod"] = FOLLOW_SCROLL
wo["FollowAction"] = FOLLOW_HALFSCREEN

ti[" "] = {"fl_hay"}
ti["."] = {"fl_abyss"}
ti["-"] = {"fl_metal"}
ti["#"] = ti["."] .. {"st_death"}
ti["+"] = {"st_greenbrown"}
ti["I"] = {"st_invisible"}
ti["<"] = {"st_oneway", orientation = WEST}
ti["^"] = {"st_oneway", orientation = NORTH}
ti["8"] = {"fl_slope_pn"}
ti["6"] = {"fl_slope_pe"}
ti["2"] = {"fl_slope_ps"}
ti["4"] = {"fl_slope_pw"}
ti["s"] = {"it_spring_keep"}
ti["F"] = {"st_fake_quake"}
ti["O"] = {"st_oxyd"}
ti["@"] = {"#ac_marble_black"}

wo(ti, " ", {
    "##########################################################",
    "#........................+...........++++++++++++++......#",
    "#.O    ..................+O....                    ......#",
    "#.     ..    ............+...........              ......#",
    "#.  @  ..    ............+...........              ......#",
    "#. s   ..   ...  ........###.........              ......#",
    "#.     ..   ...     .......+.........              ......#",
    "#..............      ......+.........++..........++......#",
    "#.......+........    ....................................#",
    "#......+..   ............................................#",
    "#.....+...   ............................................#",
    "#....+....   ..    ......................................#",
    "#...+..........   .......-........#........  ............#",
    "#.........  ..   ....-----........#........  ............#",
    "#........    .    ...--------+.............  ............#",
    "#.......    ..    <<<-----.................  ............#",
    "#.......  .....................#...........  ............#",
    "#...........+++........     ...#...........  ............#",
    "#...........+F+........     ...#...........  ............#",
    "#......................     ..+#...........  ............#",
    "#...........   ........^^O^^..+............  ............#",
    "#...........        ...      .+............  ............#",
    "## ......            .       .+............  ............#",
    "## ......       ......       .+#....   .         .  +  ..#",
    "## ...................     ....#....   .         .     ..#",
    "#. ........    ................#.... F ...........     ..#",
    "#. .......    ........6666622.......III...........     ..#",
    "#.           .........6666622.......III...........     ..#",
    "#.......    ..........88...22............................#",
    "#.....................88...22............................#",
    "#.....................88...22...           ... ..... ....#",
    "#....    .............8844444..            ... ..... ....#",
    "#...    ..............8844444..              .       ....#",
    "###    ............................................. ....#",
    "#.O   .............................................. ....#",
    "#........................................................#",
    "##########################################################"})

wo:shuffleOxyd()
 ]]></el:luamain>
    <el:i18n>
      <el:string el:key="title">
        <el:english el:translate="false"/>
      </el:string>
    </el:i18n>
  </el:protected>
</el:level>
