<?xml version="1.0" encoding="UTF-8" standalone="no" ?>
<el:level xmlns:xsi="http://www.w3.org/2001/XMLSchema-instance" xsi:schemaLocation="http://enigma-game.org/schema/level/1 level.xsd" xmlns:el="http://enigma-game.org/schema/level/1">
  <el:protected>
    <el:info el:type="level">
      <el:identity el:title="Cage The Lions" el:subtitle="" el:id="duffy47"/>
      <el:version el:score="1" el:release="2" el:revision="2" el:status="released"/>
      <el:author  el:name="Jacob Scott" el:email="" el:homepage=""/>
      <el:copyright>Copyright © 2003 Jacob Scott</el:copyright>
      <el:license el:type="GPL v2.0 or above" el:open="true"/>
      <el:compatibility el:enigma="1.10"/>
      <el:modes el:easy="false" el:single="true" el:network="false"/>
      <el:comments><el:code>New API converted by R. Bourquin</el:code></el:comments>
      <el:score el:easy="-" el:difficult="-"/>
    </el:info>
    <el:luamain><![CDATA[
ti[" "] = {"fl_hay"}
ti["v"] = {"fl_slope_ps"}
ti["^"] = {"fl_slope_pn"}
ti[">"] = {"fl_slope_pe"}
ti["<"] = {"fl_slope_pw"}
ti["7"] = {"fl_slope_ise"}
ti["9"] = {"fl_slope_isw"}
ti["1"] = {"fl_slope_ine"}
ti["3"] = {"fl_slope_inw"}
ti["#"] = {"st_greenbrown"}
ti["|"] = {"st_door", flavor="c", name="doors#"}
ti["S"] = {"st_switch", target="doors#*"}
ti["door"] = {"st_door", flavor="d", faces="ew", name="door%%"}
ti["trigger"] = {"it_trigger", target="door%%"}
ti["O"] = {"st_oxyd"}
ti["R"] = {"#ac_rotor", range=30.0, strength=30.0, gohome=false}
ti["@"] = {"#ac_marble_black"}

wo(res.autotile(ti, {"A", "D", "door"}, {"a", "d", "trigger"}), " ", {
    "####################",
    "#R|  7v9         ABO",
    "###  > <         ###",
    "#    1^3  # #  7v9 #",
    "#  ###    #d#  > < #",
    "#   a#    ###  1^3 #",
    "S  ###   @    ###  S",
    "# 7v9  ###    #c   #",
    "# > <  #b#    ###  #",
    "# 1^3  # #  7v9    #",
    "###         > <  ###",
    "ODC         1^3  |R#",
    "####################"})
 ]]></el:luamain>
    <el:i18n>
      <el:string el:key="title">
        <el:english el:translate="false"/>
      </el:string>
    </el:i18n>
  </el:protected>
</el:level>
