<?xml version="1.0" encoding="UTF-8" standalone="no" ?>
<el:level xmlns:xsi="http://www.w3.org/2001/XMLSchema-instance" xsi:schemaLocation="http://enigma-game.org/schema/level/1 level.xsd" xmlns:el="http://enigma-game.org/schema/level/1">
  <el:protected>
    <el:info el:type="level">
      <el:identity el:title="Security Guards" el:subtitle="" el:id="duffy108"/>
      <el:version el:score="2" el:release="2" el:revision="3" el:status="released"/>
      <el:author el:name="Jacob Scott" el:email="" el:homepage=""/>
      <el:copyright>Copyright © 2004 Jacob Scott</el:copyright>
      <el:license el:type="GPL v2.0 or above" el:open="true"/>
      <el:compatibility el:enigma="1.10"/>
      <el:modes el:easy="false" el:single="true" el:network="false"/>
      <el:score el:easy="-" el:difficult="-"/>
    </el:info>
    <el:luamain><![CDATA[
ti[" "] = {"fl_space"}
ti["-"] = {"fl_metal_7"}
ti["#"] = {"st_granite"}
ti["H"] = ti["-"] .. {"it_meditation_dent"}
ti["V"] = {"fl_slope", slope=SOUTH, shape="ps"}
ti["^"] = {"fl_slope", slope=NORTH, shape="pn"}
ti["*"] = {"#ac_top", strength=0}
ti["S"] = ti["V"] .. ti["*"]
ti["N"] = ti["^"] .. ti["*"]
ti["="] = {"st_door", flavor="a", name="door#"}
ti["F"] = {"st_switch", target="door#*", action="close"}
ti["O"] = {"st_oxyd", name="left#"}
ti["o"] = {"st_oxyd", name="right#"}
ti["@"] = ti["-"] .. {"#ac_marble_black"}

wo(ti, " ", {
    "####################",
    "#-#-#S#-#--#-#-#-#S#",
    "#-#-#V#-#--#-#-#-# #",
    "#-#-#V#-#--#S#-#-# #",
    "#-#-#V#-#--#V#-#-# #",
    "#-#-#V#-#--#V#-#S#V#",
    "#-#-#V#-#SV#V#-#V#V#",
    "#-#-#V#-#VV#V#-#V#V#",
    "#-#-#V#-#VV#V#-#V#V#",
    "#-#-#V#-#VV#V#-#V#V#",
    "#-#-#V#-#VV#V#-#V#^#",
    "#-#-#V#-#VV#V#-#V#F#",
    "#O#=#=#=#==#=#=#=#o#",
    "O-# # # #  # # # #-o",
    "#-# # # #  # # # #-#",
    "O-# # # #  # # # #-o",
    "#-# # # #  # # # #-#",
    "O-# # # #  # # # #-o",
    "#@H H H H  H H H H-#",
    "O-# # # #  # # # #-o",
    "#-# # # #  # # # #-#",
    "O-# # # #  # # # #-o",
    "#-# # # #  # # # #-#",
    "O-# # # #  # # # #-o",
    "#O#=#=#=#==#=#=#=#o#",
    "#-#^#-#^#^^#-#^#-#-#",
    "#-#^#-#^#^^#-#^#-#-#",
    "#-#^#-#^#^^#-#^#-#-#",
    "#-#^#-#^#^^#-#N#-#-#",
    "#-#N#-#^#^^#-#-#-#-#",
    "#-#-#-#^#^^#-#-#-#-#",
    "#-#-#-#^#^^#-#-#-#-#",
    "#-#-#-#^#^N#-#-#-#-#",
    "#-#-#-#N#--#-#-#-#-#",
    "#-#-#-#-#--#-#-#-#-#",
    "#-#-#-#-#--#-#-#-#-#",
    "####################"})

wo:shuffleOxyd({"left#*","right#*", min=3, max=5})
no["door#*"]:open()
 ]]></el:luamain>
    <el:i18n>
      <el:string el:key="title">
        <el:english el:translate="false"/>
      </el:string>
    </el:i18n>
  </el:protected>
</el:level>
