<?xml version="1.0" encoding="UTF-8" standalone="no" ?>
<el:level xmlns:xsi="http://www.w3.org/2001/XMLSchema-instance" xsi:schemaLocation="http://enigma-game.org/schema/level/1 level.xsd" xmlns:el="http://enigma-game.org/schema/level/1">
  <el:protected>
    <el:info el:type="level">
      <el:identity el:title="Confetti" el:subtitle="" el:id="duffy74"/>
      <el:version el:score="1" el:release="2" el:revision="2" el:status="released"/>
      <el:author el:name="Jacob Scott" el:email="" el:homepage=""/>
      <el:copyright>Copyright © 2004 Jacob Scott</el:copyright>
      <el:license el:type="GPL v2.0 or above" el:open="true"/>
      <el:compatibility el:enigma="1.10"/>
      <el:modes el:easy="false" el:single="true" el:network="false"/>
      <el:score el:easy="-" el:difficult="-"/>
    </el:info>
    <el:luamain><![CDATA[
ti[" "] = {"fl_wood", name="maze2#"}
ti["-"] = {"fl_lawn", name="maze2#"}
ti[","] = {"fl_bluegreen", name="maze2#"}
ti["."] = {"fl_sand", name="maze2#"}
ti[":"] = {"fl_inverse", name="maze2#"}
ti["#"] = {"st_rawglass", name="maze1#"}
ti["M"] = {"st_rawglass", name="nomaze#"}
ti["H"] = {"st_grate_framed", name="nomaze#"}
ti["S"] = {"st_switch", target="exchange_mazes", instant=true, name="nomaze#"}
ti["O"] = {"st_oxyd", name="nomaze#"}
ti["@"] = {"#ac_marble_black"}

wo(res.random(ti, " ", {{"-",3}, {",",3}, {".",3}, {" ",3}, {":",1}}), " ", {
    "MOOOMMMMMMMMMMMMMMMMMMMMMMMMMMMMMMMMMMMMMMMMMMMMMMMMMMMMMM",
    "O#### # #   #              #      #   #   #   #          M",
    "O#OO# #   #### ########### ####H#   #   # # # # ######## M",
    "O#OO#   # #    #   # #   #    # ######### # # # #        M",
    "M####H# # # #### # # # # #### #        #    #   # #######M",
    "M     # # # #    #     #    # ######## ########## #   #  M",
    "M # # # # # # ############# #        #          #   #   #M",
    "M # # ### # # #           # ######## ########## #######  M",
    "M # #   # # # # ######### # # # #             H       ## M",
    "M # ### # # # # #     # # # # # ######### ########### #  M",
    "M # # # # # # # # # # # # # # # #   #   # #   # #   # # #M",
    "M # #   # # # # # # # # # # # # # # # # # # # #   # # #  M",
    "M # ####### # # # # # # # # # #   #   # # # # ##### # ## M",
    "M # # #   # # # # # # # # # # ######### # # #       #  # M",
    "M # # # #     # # # # # # # #       #   # # ########## # M",
    "M # # # ####### # # # # # # ###### #### #        #     # M",
    "M # # # #       # # # # # #           # ######## # ##### M",
    "M # #   # ####### # # # # # ######### #    #   # #     # M",
    "M # ##### #     # # # # #   #@#     # ## ### # # # ##### M",
    "M # # H # # ##### # ### ##### ##### #  # # # # # #   #   M",
    "M # # # # # #     #   #           # ## # # # # ##### # # M",
    "M # # # # # # ############# ##### #  #   #   # #   # ### M",
    "M ### # # # # #   #   #   #   # # ## ### ##### ### # #   M",
    "M     #   # # # #   #   # # #   # #    #       # # # # ##M",
    "M#### ##### # # ################# # ## ##### # # # # #   M",
    "M     #   # # #           #       #  #     # ### # # ### M",
    "M ##### # # # ########### # ##### ## ##### # #   # # #   M",
    "M     # # # #  #        # #     # #  #   # # # # # # # ##M",
    "M#### # # # ## # ###### # # ### # # ## # # #   # # # #   M",
    "M     # #      # #      # #   # # #    # # ##### # # ### M",
    "M ##### ###### # # ###### ### # # #### ### #   # # #   # M",
    "M     #      # # #            # #        # # # # # # ### M",
    "M#### # ###### ########################### # # # # # #   M",
    "M     # #                                  # # # # # #HHHM",
    "M ##### #################################### # ### # #HSHM",
    "M                                            #     # #HHHM",
    "MMMMMMMMMMMMMMMMMMMMMMMMMMMMMMMMMMMMMMMMMMMMMMMMMMMMMMMMMM"})

wo:shuffleOxyd()

maze1 = fl(no["maze1#*"])
maze2 = fl(no["maze2#*"]) - fl(no["nomaze#*"]) - maze1

function exchange_mazes(value, sender)
    wo[maze1] = {"st_nil"}
    wo[maze2] = ti["#"]
    maze2, maze1 = maze1, maze2
end
 ]]></el:luamain>
    <el:i18n>
      <el:string el:key="title">
        <el:english el:translate="false"/>
      </el:string>
    </el:i18n>
  </el:protected>
</el:level>
