<?xml version="1.0" encoding="UTF-8" standalone="no" ?>
<el:level xmlns:xsi="http://www.w3.org/2001/XMLSchema-instance" xsi:schemaLocation="http://enigma-game.org/schema/level/1 level.xsd" xmlns:el="http://enigma-game.org/schema/level/1">
  <el:protected>
    <el:info el:type="level">
      <el:identity el:title="Mirror Room" el:subtitle="" el:id="luc12"/>
      <el:version el:score="1" el:release="2" el:revision="1" el:status="released"/>
      <el:author  el:name="Lukas Schüller" el:email="Lucky_Luc@web.de" el:homepage=""/>
      <el:copyright>Copyright © 2005 Lukas Schüller</el:copyright>
      <el:license el:type="GPL v2.0 or above" el:open="true"/>
      <el:compatibility el:enigma="1.10"/>
      <el:modes el:easy="false" el:single="true" el:network="false"/>
      <el:comments><el:code>New API converted by R. Bourquin</el:code></el:comments>
      <el:score el:easy="-" el:difficult="-"/>
    </el:info>
    <el:luamain><![CDATA[
ti[" "] = {"fl_plank"}
ti["-"] = {"fl_abyss"}
ti["#"] = {"st_redmarble"}
ti["M"] = {"st_mirror", flavor="triangle", orientation=EAST}
ti["<"] = {"st_laser", orientation=WEST, name="laser"}
ti["S"] = {"st_switch", target="laser"}
ti["O"] = {"st_oxyd", flavor="d"}
ti["@"] = {"ac_marble_black", 0, 0.5}

wo(ti, " ", {
    "###O###O####O###O###",
    "#------------------#",
    "#-                -#",
    "#-                -#",
    "O- M   M    M   M -O",
    "#-        @       -#",
    "#-SM   M    M   M -<",
    "#-                -#",
    "O- M   M    M   M -O",
    "#-                -#",
    "#-                -#",
    "#------------------#",
    "###O###O####O###O###"})

wo:shuffleOxyd()
 ]]></el:luamain>
    <el:i18n>
      <el:string el:key="title">
        <el:english el:translate="false"/>
      </el:string>
    </el:i18n>
  </el:protected>
</el:level>
