<?xml version="1.0" encoding="UTF-8" standalone="no" ?>
<el:level xmlns:xsi="http://www.w3.org/2001/XMLSchema-instance" xsi:schemaLocation="http://enigma-game.org/schema/level/1 level.xsd" xmlns:el="http://enigma-game.org/schema/level/1">
  <el:protected>
    <el:info el:type="level">
      <el:identity el:title="Growing The Doors" el:subtitle="" el:id="martin88"/>
      <el:version el:score="2" el:release="3" el:revision="3" el:status="released"/>
      <el:author  el:name="Martin Hawlisch" el:email="" el:homepage=""/>
      <el:copyright>Copyright © 2003 Martin Hawlisch</el:copyright>
      <el:license el:type="GPL version 2" el:open="true"/>
      <el:compatibility el:enigma="1.10"/>
      <el:modes el:easy="false" el:single="true" el:network="false"/>
      <el:comments><el:code>New API converted by R. Bourquin</el:code></el:comments>
      <el:score el:easy="-" el:difficult="-"/>
    </el:info>
    <el:luamain><![CDATA[
ti["  "] = {"fl_rough"}
ti["--"] = {"fl_sand"}
ti["##"] = {"st_flat"}
ti["OO"] = {"st_oxyd"}
ti["**"] = {"st_shogun"}
ti["door"] = ti["--"] .. {"st_door", flavor="b", name="door%%"}
ti["dooropen"] = ti["--"] .. {"st_door", flavor="b", state=OPEN, name="door%%"}
ti["dot"] = {"it_shogun", target="door%%"}
ti["dotopen"] = ti["**"] .. {"it_shogun", target="door%%"}
ti["@@"] = {"#ac_marble_black"}

local resolver = res.autotile(ti, {"D", "door"}, {"E", "dooropen"}, {"d", "dot"}, {"e", "dotopen"})

wo(resolver, "  ", {
    "########################################",
    "####da  dcdd####OO############      ####",
    "####db  **de##OODjOO####  **  **      ##",
    "######    **####Dn######  ##doepdq##  ##",
    "##  **    **  ##Es##DcDq  ##dresdt##  ##",
    "##  ##**####  ##Do##Dt##      **  **  ##",
    "##      @@    ##DlOODr####      ########",
    "##Db############EpDdDk######Dm##########",
    "##          ############              ##",
    "####**  **  DhDg######      ##**##**  ##",
    "##    ****####DeDfDaDi  ****    dj**dn##",
    "##dfdgdhdi############    ######dkdldm##",
    "########################################"})

wo:shuffleOxyd()
 ]]></el:luamain>
    <el:i18n>
      <el:string el:key="title">
        <el:english el:translate="false"/>
      </el:string>
    </el:i18n>
  </el:protected>
</el:level>
