<?xml version="1.0" encoding="UTF-8" standalone="no" ?>
<el:level xmlns:xsi="http://www.w3.org/2001/XMLSchema-instance" xsi:schemaLocation="http://enigma-game.org/schema/level/1 level.xsd" xmlns:el="http://enigma-game.org/schema/level/1">
  <el:protected>
    <el:info el:type="level">
      <el:identity el:title="Brittle Planks" el:subtitle="" el:id="martin92"/>
      <el:version el:score="2" el:release="2" el:revision="1" el:status="released"/>
      <el:author  el:name="Martin Hawlisch" el:email="" el:homepage=""/>
      <el:copyright>Copyright © 2003 Martin Hawlisch</el:copyright>
      <el:license el:type="GPL version 2" el:open="true"/>
      <el:compatibility el:enigma="1.10"/>
      <el:modes el:easy="true" el:single="true" el:network="false"/>
      <el:comments><el:code>New API converted by R. Bourquin</el:code></el:comments>
      <el:score el:easy="-" el:difficult="-"/>
    </el:info>
    <el:luamain><![CDATA[
wo["ConserveLevel"] = false

ti[" "] = {"fl_abyss"}
ti[":"] = {"fl_wood"}
ti["#"] = {"fl_wood_framed"}
ti["+"] = ti[":"] .. {"it_crack_l"}
if wo["IsDifficult"] then
    ti["-"] = ti["+"]
    ti["."] = ti[" "]
    ti["|"] = ti["+"]
else
    ti["-"] = ti["#"]
    ti["."] = ti["#"]
    ti["|"] = ti[" "]
end
ti["0"] = ti["#"] .. {"st_oxyd", flavor="a", name="left#"}
ti["1"] = ti["#"] .. {"st_oxyd", flavor="a", name="right#"}
ti["@"] = ti["#"] .. {"#ac_marble_black"}

wo(ti, " ", {
    "                    ",
    " ##..--++++++--..## ",
    " 0#---.      .---#1 ",
    " ##....++++++....## ",
    " #@....|    |....## ",
    " ##----|    |----## ",
    " 0#....      ....#1 ",
    " ##----|    |----## ",
    " ##....|    |....## ",
    " ##....++++++....## ",
    " 0#---.      .---#1 ",
    " ##..--++++++--..## ",
    "                    "})

if wo["IsDifficult"] then
    wo:shuffleOxyd({"left#*", max=0}, {"right#*", max=0})
else
    wo:shuffleOxyd()
end
 ]]></el:luamain>
    <el:i18n>
      <el:string el:key="title">
        <el:english el:translate="false"/>
      </el:string>
    </el:i18n>
  </el:protected>
</el:level>
