<?xml version="1.0" encoding="UTF-8" standalone="no" ?>
<el:level xmlns:xsi="http://www.w3.org/2001/XMLSchema-instance" xsi:schemaLocation="http://enigma-game.org/schema/level/1 level.xsd" xmlns:el="http://enigma-game.org/schema/level/1">
  <el:protected>
    <el:info el:type="level">
      <el:identity el:title="Do Not Dive" el:subtitle="" el:id="martin74"/>
      <el:version el:score="1" el:release="2" el:revision="1" el:status="released"/>
      <el:author el:name="Martin Hawlisch" el:email="" el:homepage=""/>
      <el:copyright>Copyright © 2003 Martin Hawlisch</el:copyright>
      <el:license el:type="GPL version 2" el:open="true"/>
      <el:compatibility el:enigma="1.10"/>
      <el:modes el:easy="false" el:single="true" el:network="false"/>
      <el:comments><el:code>New API converted by R. Bourquin</el:code></el:comments>
      <el:score el:easy="-" el:difficult="-"/>
    </el:info>
    <el:luamain><![CDATA[
ti[" "] = {"fl_sahara"}
ti["~"] = {"fl_water"}
ti["#"] = {"st_brownie"}
ti["s"] = {"it_spring_drop"}
ti["t"] = {"it_spring_keep"}
ti["O"] = {"st_oxyd"}
ti["@"] = {"ac_marble_black", 0.3, 0.3}

wo(ti, " ", {
    "####################",
    "#       ~          #",
    "# @     ~          #",
    "#       ~          #",
    "#       ~      ~~~ #",
    "#       ~      ~O~ #",
    "#       ~      ~~~ #",
    "#       ~          #",
    "#  s    ~          #",
    "#  O    ~         t#",
    "#       ~          #",
    "#       ~          #",
    "####################"})
 ]]></el:luamain>
    <el:i18n>
      <el:string el:key="title">
        <el:english el:translate="false"/>
      </el:string>
    </el:i18n>
  </el:protected>
</el:level>
