<?xml version="1.0" encoding="UTF-8" standalone="no" ?>
<el:level xmlns:xsi="http://www.w3.org/2001/XMLSchema-instance" xsi:schemaLocation="http://enigma-game.org/schema/level/1 level.xsd" xmlns:el="http://enigma-game.org/schema/level/1">
  <el:protected>
    <el:info el:type="level">
      <el:identity el:title="Is It Easy?" el:subtitle="" el:id="martin06"/>
      <el:version el:score="2" el:release="2" el:revision="1" el:status="released"/>
      <el:author  el:name="Martin Hawlisch" el:email="" el:homepage=""/>
      <el:copyright>Copyright © 2003 Martin Hawlisch</el:copyright>
      <el:license el:type="GPL version 2" el:open="true"/>
      <el:compatibility el:enigma="1.10"/>
      <el:modes el:easy="false" el:single="true" el:network="false"/>
      <el:comments><el:code>New API converted by R. Bourquin</el:code></el:comments>
      <el:score el:easy="-" el:difficult="-"/>
    </el:info>
    <el:luamain><![CDATA[
ti[" "] = {"fl_lawn"}
ti["#"] = {"st_fake_quake"}
ti["d"] = {"it_document", text="text1"}
ti["O"] = {"st_oxyd", flavor="b", name="oxyd%%#"}
ti["@"] = {"ac_marble_black", 0.0, 0.5}

wo(res.autotile(ti, {"1", "5", "O"}), " ", {
    "#1################2#",
    "1                  2",
    "# d                #",
    "#                  #",
    "#                  #",
    "#                  #",
    "#    5    @   5    #",
    "#                  #",
    "#                  #",
    "#                  #",
    "#                  #",
    "4                  3",
    "#4################3#"})

wo:shuffleOxyd({"oxyd%1#*", max=0}, {"oxyd%2#*", max=0}, {"oxyd%3#*", max=0}, {"oxyd%4#*", max=0}, {"oxyd%5#*", max=0})
 ]]></el:luamain>
    <el:i18n>
      <el:string el:key="title">
        <el:english el:translate="false"/>
      </el:string>
    </el:i18n>
  </el:protected>
</el:level>
