<?xml version="1.0" encoding="UTF-8" standalone="no" ?>
<el:level xmlns:xsi="http://www.w3.org/2001/XMLSchema-instance" xsi:schemaLocation="http://enigma-game.org/schema/level/1 level.xsd" xmlns:el="http://enigma-game.org/schema/level/1">
  <el:protected>
    <el:info el:type="level">
      <el:identity el:title="Hit the Right One" el:subtitle="" el:id="martin77"/>
      <el:version el:score="2" el:release="2" el:revision="1" el:status="released"/>
      <el:author el:name="Martin Hawlisch" el:email="" el:homepage=""/>
      <el:copyright>Copyright © 2003 Martin Hawlisch</el:copyright>
      <el:license el:type="GPL version 2" el:open="true"/>
      <el:compatibility el:enigma="1.10"/>
      <el:modes el:easy="false" el:single="true" el:network="false"/>
      <el:score el:easy="-" el:difficult="-"/>
    </el:info>
    <el:luamain><![CDATA[
ti["-"] = {"fl_bluegray"}
ti[" "] = {"fl_space"}
ti["destination"] = {"fl_bluegray", name="dest%%"}
ti["#"] = {"st_bluegray"}
ti[">"] = {"st_oneway", orientation=EAST}
ti["wormhole"] = ti[" "] .. {"it_wormhole", range=4, strength=20, destination="dest%%"}
ti["O"] = {"st_oxyd", name="left#"}
ti["o"] = ti[" "] .. {"st_oxyd", name="right#"}
ti["@"] = {"ac_marble_black", 1.0, 1.0}

wo(res.autotile(ti, {"a", "c", "wormhole"}, {"A", "C", "destination"}), "-", {
    "####################",
    "#O----            O#",
    "#-@---             #",
    "#--B-- a           #",
    "#-----        a    #",
    "######     a       #",
    "#O-C->          c o#",
    "######     b       #",
    "#-----        b    #",
    "#--A-- b           #",
    "#-----             #",
    "#O----            o#",
    "####################"})
wo:shuffleOxyd({"left#*","right#*", min=2})
 ]]></el:luamain>
    <el:i18n>
      <el:string el:key="title">
        <el:english el:translate="false"/>
      </el:string>
    </el:i18n>
  </el:protected>
</el:level>
