<?xml version="1.0" encoding="UTF-8" standalone="no" ?>
<el:level xmlns:xsi="http://www.w3.org/2001/XMLSchema-instance" xsi:schemaLocation="http://enigma-game.org/schema/level/1 level.xsd" xmlns:el="http://enigma-game.org/schema/level/1">
  <el:protected>
    <el:info el:type="level">
      <el:identity el:title="Where am I?" el:subtitle="" el:id="martin68"/>
      <el:version el:score="1" el:release="1" el:revision="0" el:status="released"/>
      <el:author  el:name="Martin Hawlisch" el:email="" el:homepage=""/>
      <el:copyright>Copyright © 2003 Martin Hawlisch</el:copyright>
      <el:license el:type="GPL version 2" el:open="true"/>
      <el:compatibility el:enigma="0.92">
      </el:compatibility>
      <el:modes el:easy="false" el:single="true" el:network="false"/>
      <el:comments>
        <el:code>Lua 5.1 and XML converted by Leveladministrators</el:code>
      </el:comments>
      <el:score el:easy="-" el:difficult="-"/>
    </el:info>
    <el:luamain><![CDATA[
create_world( 4*19+1, 2*12+1)
oxyd_default_flavor = "a"

SetDefaultAttribs("it-wormhole", {range=1.0, strength=10})

fill_floor( "fl-himalaya")

function draw_level_screen( x0, y0, tx, ty)
    draw_border( "st-rock5", x0*19, y0*12, 20, 13)
    
    set_item("it-wormhole", x0*19+3,  y0*12+9, {targetx=tx*19+15,targety=ty*12+5})

    oxyd( x0*19+17, y0*12+3)

    draw_stones( "st-wood", {x0*19+8, y0*12+1}, {0,1}, 11)
end

draw_level_screen( 0,0, 1,0)
draw_level_screen( 1,0, 2,0)
draw_level_screen( 2,0, 3,0)
draw_level_screen( 3,0, 3,1)
draw_level_screen( 0,1, 0,0)
draw_level_screen( 1,1, 0,1)
draw_level_screen( 2,1, 1,1)
draw_level_screen( 3,1, 2,1)

oxyd_shuffle()

set_actor("ac-blackball", 10, 5)
    ]]></el:luamain>
    <el:i18n>
      <el:string el:key="title">
        <el:english el:translate="false"/>
      </el:string>
    </el:i18n>
  </el:protected>
</el:level>
