<?xml version="1.0" encoding="UTF-8" standalone="no" ?>
<el:level xmlns:xsi="http://www.w3.org/2001/XMLSchema-instance" xsi:schemaLocation="http://enigma-game.org/schema/level/1 level.xsd" xmlns:el="http://enigma-game.org/schema/level/1">
  <el:protected>
    <el:info el:type="level">
      <el:identity el:title="Watery Grave" el:subtitle="" el:id="martin37"/>
      <el:version el:score="1" el:release="2" el:revision="1" el:status="released"/>
      <el:author  el:name="Martin Hawlisch" el:email="" el:homepage=""/>
      <el:copyright>Copyright © 2003 Martin Hawlisch</el:copyright>
      <el:license el:type="GPL version 2" el:open="true"/>
      <el:compatibility el:enigma="1.10"/>
      <el:modes el:easy="false" el:single="true" el:network="false"/>
      <el:comments><el:code>New API converted by R. Bourquin</el:code></el:comments>
      <el:score el:easy="-" el:difficult="-"/>
    </el:info>
    <el:luamain><![CDATA[
ti[" "] = {"fl_slope"}
ti["~"] = {"fl_water"}
ti["^"] = {"fl_slope_pn"}
ti[">"] = {"fl_slope_pe"}
ti["V"] = {"fl_slope_ps"}
ti["<"] = {"fl_slope_pw"}
ti["1"] = {"fl_slope_osw"}
ti["3"] = {"fl_slope_ose"}
ti["7"] = {"fl_slope_onw"}
ti["9"] = {"fl_slope_one"}
ti["#"] = {"st_granite"}
ti["O"] = {"st_oxyd", name="oxyd#"}
ti["@"] = ti["9"] .. {"#ac_marble_black", 0.5, 0.0}

wo(ti, " ", {
    "###O############O###",
    "#3VVVVVVVVVVVVVVVV1#",
    "#>3VVVVVVVVVVVVVV1<#",
    "O>>3VVVVVVVVVVVV1<<O",
    "#>>>3VVVVVVVVVV1<<<#",
    "#>>>>~~~~~~~~~~<<<<#",
    "#>>>>~~~~~~~~~~<<<<#",
    "#>>>>~~~~~~~~~~<<<<#",
    "#>>>9^^^^^^^^^^7<<<#",
    "O>>9^^^^^^^^^^^^7<<O",
    "#>9^^^^^^^^^^^^^^7<#",
    "#@^^^^^^^^^^^^^^^^7#",
    "###O############O###"})

wo:shuffleOxyd({no["oxyd#*"]:sort("circular"), circular=true})
 ]]></el:luamain>
    <el:i18n>
      <el:string el:key="title">
        <el:english el:translate="false"/>
      </el:string>
    </el:i18n>
  </el:protected>
</el:level>
