<?xml version="1.0" encoding="UTF-8" standalone="no" ?>
<el:level xmlns:xsi="http://www.w3.org/2001/XMLSchema-instance" xsi:schemaLocation="http://enigma-game.org/schema/level/1 level.xsd" xmlns:el="http://enigma-game.org/schema/level/1">
  <el:protected>
    <el:info el:type="level">
      <el:identity el:title="Hall of Glass" el:subtitle="" el:id="martin86"/>
      <el:version el:score="1" el:release="2" el:revision="2" el:status="released"/>
      <el:author  el:name="Martin Hawlisch" el:email="" el:homepage=""/>
      <el:copyright>Copyright © 2003 Martin Hawlisch</el:copyright>
      <el:license el:type="GPL version 2" el:open="true"/>
      <el:compatibility el:enigma="1.10"/>
      <el:modes el:easy="false" el:single="true" el:network="false"/>
      <el:comments><el:code>New API converted by R. Bourquin</el:code></el:comments>
      <el:score el:easy="-" el:difficult="-"/>
    </el:info>
    <el:luamain><![CDATA[
ti["  "] = {"fl_himalaya"}
ti["##"] = {"st_rawglass"}
ti["<<"] = {"st_oneway", orientation=WEST}
ti[">>"] = {"st_oneway", orientation=EAST}
ti["l "] = {"st_laser", orientation=WEST, state=ON, name="laser%%"}
ti["L "] = {"st_laser", orientation=NORTH, state=ON, name="laser%%"}
ti["M "] = {"st_laser", orientation=NORTH, state=OFF, name="laser%%"}
ti["=="] = {"st_shogun_s"}
ti[". "] = {"it_shogun_s", target="laser%%"}
ti[": "] = ti["=="] .. {"it_shogun_s", target="laser%%", inverse=true}
ti["OO"] = {"st_oxyd", name="oxyd%%"}
ti["@@"] = {"#ac_marble_black"}

local resolver = res.autotile(ti, {"L", "L "}, {"M", "M "}, {"l", "l "}, {".", ". "}, {":", ": "}, {"O", "OO"})

wo(resolver, "  ", {
    "####################################O1##  ",
    "O3                                    O1  ",
    "##                                    ##l1",
    "##  ##################                ##  ",
    "##  ##      :8      ##                ##  ",
    "##  ##  ==.2==.5  @@##                ##  ",
    "##  <<  .1==.7==.3  >>                ##  ",
    "##  ##  ==.9==.4==  ##                ##  ",
    "##  ##      :6      ##                ##  ",
    "##  ##################                ##  ",
    "##                                    ##l2",
    "O3                                    O2  ",
    "####################################O2##  ",
    "  L9                    M8L7M6L5L4L3      "})

wo:shuffleOxyd({"oxyd?1", max=0}, {"oxyd?2", max=0})
 ]]></el:luamain>
    <el:i18n>
      <el:string el:key="title">
        <el:english el:translate="false"/>
      </el:string>
    </el:i18n>
  </el:protected>
</el:level>
