<?xml version="1.0" encoding="UTF-8" standalone="no" ?>
<el:level xmlns:xsi="http://www.w3.org/2001/XMLSchema-instance" xsi:schemaLocation="http://enigma-game.org/schema/level/1 level.xsd" xmlns:el="http://enigma-game.org/schema/level/1">
  <el:protected>
    <el:info el:type="level">
      <el:identity el:title="Not Hard Atoll" el:subtitle="" el:id="martin33"/>
      <el:version el:score="2" el:release="3" el:revision="2" el:status="released"/>
      <el:author el:name="Martin Hawlisch" el:email="" el:homepage=""/>
      <el:copyright>Copyright © 2003 Martin Hawlisch</el:copyright>
      <el:license el:type="GPL version 2" el:open="true"/>
      <el:compatibility el:enigma="1.10"/>
      <el:modes el:easy="false" el:single="true" el:network="false"/>
      <el:score el:easy="-" el:difficult="-"/>
    </el:info>
    <el:luamain><![CDATA[
ti[" "] = {"fl_water"}
ti["-"] = {"fl_sand"}
ti["+"] = {"st_puzzle", cluster=1}
ti["*"] = ti[" "] .. {"st_puzzle", cluster=1}
ti["^"] = {"st_oneway", orientation=NORTH}
ti[">"] = {"st_oneway", orientation=EAST}
ti["v"] = {"st_oneway", orientation=SOUTH}
ti["<"] = {"st_oneway", orientation=WEST}
ti["O"] = ti[" "] .. {"st_oxyd", name="oxyds#"}
ti["@"] = {"ac_marble_black"}

wo(ti, "-", {
    "                                       ",
    "                                       ",
    "    -----------<-------<----+------    ",
    "    -----------<-------<----+------    ",
    "    ----O          O        * O----    ",
    "    ++++*********************  ----    ",
    "    ---- *                  *  ----    ",
    "    ---- *                  *  ----    ",
    "    vvvv *                  *  ^^^^    ",
    "    ---- *                  *  ----    ",
    "    ---- *                  *  ----    ",
    "    ---- *                  *  ----    ",
    "    ----O*                  * O----    ",
    "    ---- *                  *  ----    ",
    "    ---- *                  *  ----    ",
    "    ---- *                  *  ----    ",
    "    vvvv *                  *  ^^^^    ",
    "    ---- *                  *  ----    ",
    "    ---- **********************+++-    ",
    "    ---- *                     ----    ",
    "    ----O*         O          O----    ",
    "    -----+----->------->---------@-    ",
    "    ----------->------->-----------    ",
    "                                       ",
    "                                       "})

wo:shuffleOxyd({no["oxyds#*"]:sort("circular"), circular=true})
 ]]></el:luamain>
    <el:i18n>
      <el:string el:key="title">
        <el:english el:translate="false"/>
      </el:string>
    </el:i18n>
  </el:protected>
</el:level>
