<?xml version="1.0" encoding="UTF-8" standalone="no" ?>
<el:level xmlns:xsi="http://www.w3.org/2001/XMLSchema-instance" xsi:schemaLocation="http://enigma-game.org/schema/level/1 level.xsd" xmlns:el="http://enigma-game.org/schema/level/1">
  <el:protected>
    <el:info el:type="level">
      <el:identity el:title="Sok It To 'Em" el:subtitle="" el:id="nat7"/>
      <el:version el:score="1" el:release="2" el:revision="1" el:status="released"/>
      <el:author  el:name="Nat Pryce" el:email="" el:homepage=""/>
      <el:copyright>Copyright © 2002 Nat Pryce</el:copyright>
      <el:license el:type="public domain Sokoban level" el:open="true"/>
      <el:compatibility el:enigma="1.10"/>
      <el:modes el:easy="false" el:single="true" el:network="false"/>
      <el:comments>
        <el:credits>A public domain Sokoban level adapted for Enigma</el:credits>
        <el:code>New API converted by R. Bourquin</el:code>
      </el:comments>
      <el:score el:easy="-" el:difficult="-"/>
    </el:info>
    <el:luamain><![CDATA[
ti[" "] = {"fl_plank"}
ti["~"] = {"fl_water"}
ti["#"] = {"st_metal"}
ti["+"] = {"st_box"}
ti["door"] = {"st_door", flavor="a", name="door%%"}
ti["trigger"] = {"it_trigger", target="door%%"}
ti["O"] = ti["~"] .. {"st_oxyd", flavor="a"}
ti["@"] = {"#ac_marble_black"}

wo(res.autotile(ti, {"A", "H", "door"}, {"a", "h", "trigger"}), " ", {
    "~~~O~O~O~~~~~~~~~~~~",
    "~~#A#H#F#~~~~~~~~~~~",
    "~~#     #########~~~",
    "~OG     #    #  ##~~",
    "~~# +   #   + +  #~~",
    "~OD  +  #  + ##  CO~",
    "~~# ++  ##+ +    #~~",
    "~~## #  ## #######~~",
    "~~## #  ##    a~e#~~",
    "~OB  #+       b~f#~~",
    "~~#   ++      c~g#~~",
    "~OE     ##@#  d~h#~~",
    "~~################~~"})

wo:shuffleOxyd()
 ]]></el:luamain>
    <el:i18n>
      <el:string el:key="title">
        <el:english el:translate="false"/>
      </el:string>
    </el:i18n>
  </el:protected>
</el:level>
