<?xml version="1.0" encoding="UTF-8" standalone="no" ?>
<el:level xmlns:xsi="http://www.w3.org/2001/XMLSchema-instance" xsi:schemaLocation="http://enigma-game.org/schema/level/1 level.xsd" xmlns:el="http://enigma-game.org/schema/level/1">
  <el:protected>
    <el:info el:type="level">
      <el:identity el:title="Duck and Cover" el:subtitle="" el:id="nat2"/>
      <el:version el:score="1" el:release="2" el:revision="2" el:status="released"/>
      <el:author  el:name="Nat Pryce" el:email="" el:homepage=""/>
      <el:copyright>Copyright © 2002 Nat Pryce</el:copyright>
      <el:license el:type="GPL v2.0 or above" el:open="true"/>
      <el:compatibility el:enigma="1.10"/>
      <el:modes el:easy="true" el:single="true" el:network="false"/>
      <el:comments><el:code>New API converted by R. Bourquin</el:code></el:comments>
      <el:score el:easy="-" el:difficult="-"/>
    </el:info>
    <el:luamain><![CDATA[
ti[" "] = {"fl_rough"}
ti["#"] = {"st_rawglass"}
ti[">"] = {"st_laser", orientation=EAST, state=ON, name="lasere#"}
ti["<"] = {"st_laser", orientation=WEST, state=ON, name="laserw#"}
ti["B"] = {"st_brownie"}
ti["T"] = {"st_timer", interval=4.0, target={"lasere#*", "laserw#*"}}
ti["o"] = {"st_oxyd", name="lower#", flavor="c"}
ti["O"] = {"st_oxyd", name="upper#", flavor="c"}
ti["@"] = {"ac_marble_black", 0.0, 0.5}

wo(ti, " ", {
    "####O#O#O##O#O#O####",
    "#>#              #<#",
    "#>#              #<#",
    "#>#              #<#",
    "#>#      BB      #<#",
    "#>#              #<#",
    "T>#     B @B     #<#",
    "#>#              #<#",
    "#>#      BB      #<#",
    "#>#              #<#",
    "#>#              #<#",
    "#>#              #<#",
    "####o#o#o##o#o#o####"})

if wo["IsDifficult"] then
    wo:shuffleOxyd({"upper#*", "lower#*", min=6})
else
    wo:shuffleOxyd({"upper#*", "lower#*", min=4})
end
 ]]></el:luamain>
    <el:i18n>
      <el:string el:key="title">
        <el:english el:translate="false"/>
      </el:string>
    </el:i18n>
  </el:protected>
</el:level>
