<?xml version="1.0" encoding="UTF-8" standalone="no" ?>
<el:level xmlns:xsi="http://www.w3.org/2001/XMLSchema-instance" xsi:schemaLocation="http://enigma-game.org/schema/level/1 level.xsd" xmlns:el="http://enigma-game.org/schema/level/1">
  <el:protected>
    <el:info el:type="level">
      <el:identity el:title="Balancing Act" el:subtitle="" el:id="nat9"/>
      <el:version el:score="1" el:release="2" el:revision="1" el:status="released"/>
      <el:author  el:name="Nat Pryce" el:email="" el:homepage=""/>
      <el:copyright>Copyright © 2002 Nat Pryce</el:copyright>
      <el:license el:type="GPL v2.0 or above" el:open="true"/>
      <el:compatibility el:enigma="1.10"/>
      <el:modes el:easy="false" el:single="true" el:network="false"/>
      <el:comments><el:code>New API converted by R. Bourquin</el:code></el:comments>
      <el:score el:easy="-" el:difficult="-"/>
    </el:info>
    <el:luamain><![CDATA[
ti[" "] = {"fl_abyss"}
ti["~"] = {"fl_water"}
ti["-"] = {"fl_metal_7"}
ti["^"] = {"fl_slope_pn"}
ti[">"] = {"fl_slope_pe"}
ti["V"] = {"fl_slope_ps"}
ti["<"] = {"fl_slope_pw"}
ti["1"] = {"fl_slope_osw"}
ti["3"] = {"fl_slope_ose"}
ti["7"] = {"fl_slope_onw"}
ti["9"] = {"fl_slope_one"}
ti["a"] = {"fl_slope_isw"}
ti["b"] = {"fl_slope_ise"}
ti["c"] = {"fl_slope_inw"}
ti["d"] = {"fl_slope_ine"}
ti["O"] = {"st_oxyd"}
ti["@"] = {"#ac_marble_black"}

wo(ti, "-", {
    " O                 O                 O ",
    " c^^^^^^^^^^^^^^^^^^^^^^^^^^^^^^^^^^^d ",
    " <-----------------------------------> ",
    " <-3VVV13VVVVVVVVVVVVVVVVVVVVVVVVVV1-> ",
    " <->~~~ab~~~~~~~~~~~~~~~~~~~~~~~~~~<-> ",
    " <->~3VVVVVVVVVVVVVVVVVVVVVVVVVVV1~<-> ",
    "O<->~>@--------------------------<~<->O",
    " <->~9^^^^^^^^^^^^^^^^^^^^^^^^^^^7~<-> ",
    " <->~~~~~~~~~~~~~~~~~~~~~~~~~~cd~~~<-> ",
    " <-9^^^^^^^^^^^^^^^^^^^^^^^^^^79^^^7-> ",
    " <-----------------------------------> ",
    " aVVVVVVVVVVVVVVVVVVVVVVVVVVVVVVVVVVVb ",
    " O                 O                 O "})

wo:shuffleOxyd()
 ]]></el:luamain>
    <el:i18n>
      <el:string el:key="title">
        <el:english el:translate="false"/>
      </el:string>
    </el:i18n>
  </el:protected>
</el:level>
