<?xml version="1.0" encoding="UTF-8" standalone="no" ?>
<el:level xmlns:xsi="http://www.w3.org/2001/XMLSchema-instance" xsi:schemaLocation="http://enigma-game.org/schema/level/1 level.xsd" xmlns:el="http://enigma-game.org/schema/level/1">
  <el:protected>
    <el:info el:type="level">
      <el:identity el:title="Time is Money" el:subtitle="" el:id="nat11"/>
      <el:version el:score="2" el:release="3" el:revision="1" el:status="released"/>
      <el:author  el:name="Nat Pryce" el:email="" el:homepage=""/>
      <el:copyright>Copyright © 2003 Nat Pryce</el:copyright>
      <el:license el:type="GPL v2.0 or above" el:open="true"/>
      <el:compatibility el:enigma="1.10"/>
      <el:modes el:easy="false" el:single="true" el:network="false"/>
      <el:comments><el:code>New API converted by R. Bourquin</el:code></el:comments>
      <el:score el:easy="-" el:difficult="-"/>
    </el:info>
    <el:luamain><![CDATA[
wo["ConserveLevel"] = false

ti[" "] = {"fl_abyss"}
ti["-"] = {"fl_metal_7"}
ti["v"] = {"fl_slope_ps"}
ti["^"] = {"fl_slope_pn"}
ti[">"] = {"fl_slope_pe"}
ti["<"] = {"fl_slope_pw"}
ti["7"] = {"fl_slope_ose"}
ti["9"] = {"fl_slope_osw"}
ti["1"] = {"fl_slope_one"}
ti["3"] = {"fl_slope_onw"}
ti["s"] = {"fl_slope_ise"}
ti["a"] = {"fl_slope_isw"}
ti["w"] = {"fl_slope_ine"}
ti["q"] = {"fl_slope_inw"}
ti["#"] = {"st_granite"}
ti["L"] = {"st_laser", orientation=EAST, name="laser", state=ON}
ti["S"] = {"st_coinslot", target="laser"}
ti["c"] = ti["-"] .. {"it_coin_m"}
ti["O"] = {"st_oxyd"}
ti["@"] = ti["-"] .. {"#ac_marble_black"}

wo(ti, " ", {
    "                                       ",
    " ##################################### ",
    " #7vvvvvvvvvvvvvvvvvvvvvvvvvvvvvvvvv9# ",
    " S>-@-c-----------------------------<# ",
    " #1^^^^^^^^^^^^^^^^^^^^^^^^^^^^^^^w-<# ",
    " #################################>-<# ",
    "                                 #>-<# ",
    " #O#O# ###########################>-<# ",
    " #7v9# #7vvvvvvvvvvvvvvvvvvvvvvvvvs-<# ",
    " #>-<# #>---------------------------<# ",
    " #>-<# #>-q^^^^^^^^^^^^^^^^^^^^^^^^^3# ",
    " L>-<# #>-<########################### ",
    " #>-<# #>-<#                           ",
    " #>-<# #>-<########################### ",
    " #>-<# #>-avvvvvvvvvvvvvvvvvvvvvvvvv9# ",
    " #>-<# #>---------------------------<# ",
    " #>-<# #1^^^^^^^^^^^^^^^^^^^^^^^^^w-<# ",
    " #>-<# ###########################>-<# ",
    " #>-<#                           #>-<# ",
    " #>-<#############################>-<# ",
    " #>-avvvvvvvvvvvvvvvvvvvvvvvvvvvvvs-<# ",
    " #>---------------------------------<# ",
    " #1^^^^^^^^^^^^^^^^^^^^^^^^^^^^^^^^^3# ",
    " ##################################### ",
    "                                       "})
 ]]></el:luamain>
    <el:i18n>
      <el:string el:key="title">
        <el:english el:translate="false"/>
      </el:string>
    </el:i18n>
  </el:protected>
</el:level>
