<?xml version="1.0" encoding="UTF-8" standalone="no" ?>
<el:level xmlns:xsi="http://www.w3.org/2001/XMLSchema-instance" xsi:schemaLocation="http://enigma-game.org/schema/level/1 level.xsd" xmlns:el="http://enigma-game.org/schema/level/1">
  <el:protected>
    <el:info el:type="level">
      <el:identity el:title="Ibiza!" el:subtitle="" el:id="ralf02"/>
      <el:version el:score="1" el:release="2" el:revision="1" el:status="released"/>
      <el:author  el:name="Ralf Westram" el:email="amgine@reallysoft.de" el:homepage=""/>
      <el:copyright>Copyright © 2003 Ralf Westram</el:copyright>
      <el:license el:type="GPL v2.0 or above" el:open="true"/>
      <el:compatibility el:enigma="1.10"/>
      <el:modes el:easy="false" el:single="true" el:network="false"/>
      <el:comments><el:code>New API converted by R. Bourquin</el:code></el:comments>
      <el:score el:easy="-" el:difficult="-"/>
    </el:info>
    <el:luamain><![CDATA[
wo["FollowGrid"] = false
wo["FollowMethod"] = FOLLOW_SCROLL

ti["  "] = {"fl_metal"}
ti[": "] = {"fl_inverse"}
ti[". "] = {"fl_space"}
ti["v"] = {"fl_slope_ps"}
ti["^"] = {"fl_slope_pn"}
ti[">"] = {"fl_slope_pe"}
ti["<"] = {"fl_slope_pw"}
ti["7"] = {"fl_slope_ose"}
ti["9"] = {"fl_slope_osw"}
ti["1"] = {"fl_slope_one"}
ti["3"] = {"fl_slope_onw"}
ti["s"] = {"fl_slope_ise"}
ti["a"] = {"fl_slope_isw"}
ti["w"] = {"fl_slope_ine"}
ti["q"] = {"fl_slope_inw"}
ti[" #"] = {"st_tigris"}
ti[" ="] = {"st_rawglass"}
ti[" O"] = {"st_oxyd"}
ti[" Q"] = {"st_oxyd", oxydcolor=OXYD_FAKE}
ti[" @"] = {"#ac_marble_black"}

wo(res.composer(res.random(ti, "- ", {"v", "^", "<", ">", "1", "3", "7", "9", "q", "w", "a", "s"})), "  ", {
    " # # # # # # # # # # # # # # # # # # # # # # # # # # # # # # # # #",
    " #. .= = = = =            . .=-=-=-=-=- - - - - - . .= = = = =   #",
    " #. .=-Q-=-Q-=- - - - - - . .=:Q:=:Q:=: : : : : : . .=-Q-=-Q-=-  #",
    " #. . - -=- - - - - - - - . . : :=: : : : : : : : . . - -=- - -  #",
    " #. . - -=. . - - . . - - . . : :=. . : : . . : : . . - -=. . -  #",
    " #. .=-Q-=.Q.=- - . . - - . .=:Q:=.Q.=: : . . : : . .=-Q-=.Q.=-  #",
    " #. .=.=.=.=.=- - . . . . . .=.=.=.=.=: : . . . . . .=.=.=.=.=-  #",
    " #. . . . . . - -=.=.=.=.=. . . . . . : :=.=.=.=.=. . . . . . -  #",
    " #            - -= O = Q =            : := Q = O =            -  #",
    " #            - -    =                : :    =                -  #",
    " #    - -     - -    =- -     : :     : :    =: :     - -     -  #",
    " #    - -     - -= Q =-Q-=    : :     : := Q =:Q:=    - -     -  #",
    " #    - - - - - -=-=-=-=-=    : : : : : :=:=:=:=:=    - - - - -  #",
    " #   =-=-=-=-=- - - - - -    =:=:=:=:=: : : : : :    =-=-=-=-=-  #",
    " #   =:O:=:Q:=: : : : : :    =.Q.=.Q.=. . . . . .    =:Q:=:Q:=:  #",
    " #    : :=: : : : : : : :     . .=. . . . . . . .     : :=: : :  #",
    " #    : :=    : :     : :     . .=    . .    @. .     : :=    :  #",
    " #   =:Q:= Q =: :     : :    =.Q.= Q =. .     . .    =:Q:= O =:  #",
    " #   = = = = =: :            = = = = =. .            = = = = =:  #",
    " #            : := = = = =            . .= = = = =            :  #",
    " #- - - - - - : :=-Q-=-Q-=- - - - - - . .=-Q-=-Q-=- - - - - - :  #",
    " #- - - - - - : : - -=- - - - - - - - . . - -=- - - - - - - - :  #",
    " #- - : : - - : : - -=: : - - . . - - . . - -=. . - - : : - - :  #",
    " #- - : : - - : :=-O-=:Q:=- - . . - - . .=-Q-=.O.=- - : : - - :  #",
    " #- - : : : : : :=:=:=:=:=- - . . . . . .=.=.=.=.=- - : : : : :  #",
    " #- -=:=:=:=:=: : : : : : - -=.=.=.=.=. . . . . . - -=:=:=:=:=:  #",
    " #- -=.Q.=.Q.=. . . . . . - -= Q = Q =            - -=.Q.=.Q.=.  #",
    " #- - . .=. . . . . . . . - -    =                - - . .=. . .  #",
    " #- - . .=- - . . - - . . - -    =- -     - -     - - . .=- - .  #",
    " #- -=.Q.=-Q-=. . - - . . - -= Q =-Q-=    - -     - -=.Q.=-Q-=.  #",
    " #- -=-=-=-=-=. . - - - - - -=-=-=-=-=    - - - - - -=-=-=-=-=.  #",
    " # # # # # # # # # # # # # # # # # # # # # # # # # # # # # # # # #"})

wo:shuffleOxyd()
 ]]></el:luamain>
    <el:i18n>
      <el:string el:key="title">
        <el:english el:translate="false"/>
      </el:string>
    </el:i18n>
  </el:protected>
</el:level>
