<?xml version="1.0" encoding="UTF-8" standalone="no" ?>
<el:level xmlns:xsi="http://www.w3.org/2001/XMLSchema-instance" xsi:schemaLocation="http://enigma-game.org/schema/level/1 level.xsd" xmlns:el="http://enigma-game.org/schema/level/1">
  <el:protected>
    <el:info el:type="level">
      <el:identity el:title="- Meditation -" el:subtitle="" el:id="raoul04"/>
      <el:version el:score="2" el:release="2" el:revision="2" el:status="released"/>
      <el:author el:name="Raoul Bourquin" el:email="raoul@users.berlios.de" el:homepage=""/>
      <el:copyright>Copyright © 2005 Raoul Bourquin</el:copyright>
      <el:license el:type="GPL v2.0 or above" el:open="true"/>
      <el:compatibility el:enigma="1.10"/>
      <el:modes el:easy="true" el:single="true" el:network="false"/>
      <el:score el:easy="-" el:difficult="0:10"/>
    </el:info>
    <el:luamain><![CDATA[
wo["ConserveLevel"] = false

ti[" "] = {"fl_abyss"}
ti["-"] = {"fl_sahara"}
ti["^"] = {"fl_slope", slope=NORTH, shape="pn"}
ti[">"] = {"fl_slope", slope=EAST, shape="pe"}
ti["V"] = {"fl_slope", slope=SOUTH, shape="ps"}
ti["<"] = {"fl_slope", slope=WEST, shape="pw"}
ti["1"] = {"fl_slope", slope=NORTHEAST, shape="one"}
ti["3"] = {"fl_slope", slope=NORTHWEST, shape="onw"}
ti["7"] = {"fl_slope", slope=SOUTHEAST, shape="ose"}
ti["9"] = {"fl_slope", slope=SOUTHWEST, shape="osw"}
ti["2"] = {"fl_slope", slope=NORTHEAST, shape="ine"}
ti["4"] = {"fl_slope", slope=NORTHWEST, shape="inw"}
ti["6"] = {"fl_slope", slope=SOUTHEAST, shape="ise"}
ti["8"] = {"fl_slope", slope=SOUTHWEST, shape="isw"}
ti["u"] = cond(wo["IsDifficult"], ti["^"], ti["-"])
ti["r"] = cond(wo["IsDifficult"], ti[">"], ti["-"])
ti["d"] = cond(wo["IsDifficult"], ti["V"], ti["-"])
ti["l"] = cond(wo["IsDifficult"], ti["<"], ti["-"])
ti["o"] = ti["-"] .. {"it_meditation"}
ti["@"] = ti["-"] .. {"#ac_pearl", essential=INDISPENSABLE}

wo(ti, " ", {
    "                   ",
    " 7VVVVVVVVVVVVVVV9 ",
    " >o-rl-lr@lr-rl-o< ",
    " >-4^^^^^^^^^^^2-< ",
    " >u<           >u< ",
    " >d<           >d< ",
    " >@<           >@< ",
    " >u<           >u< ",
    " >d<           >d< ",
    " >-8VVVVVVVVVVV6-< ",
    " >o-rl-lr@lr-rl-o< ",
    " 1^^^^^^^^^^^^^^^3 ",
    "                   "})
 ]]></el:luamain>
    <el:i18n>
      <el:string el:key="title">
        <el:english el:translate="false"/>
      </el:string>
    </el:i18n>
  </el:protected>
</el:level>
