<?xml version="1.0" encoding="UTF-8" standalone="no" ?>
<el:level xmlns:xsi="http://www.w3.org/2001/XMLSchema-instance" xsi:schemaLocation="http://enigma-game.org/schema/level/1 level.xsd" xmlns:el="http://enigma-game.org/schema/level/1">
  <el:protected>
    <el:info el:type="level">
      <el:identity el:title="Hostile World" el:subtitle="" el:id="rb01"/>
      <el:version el:score="1" el:release="2" el:revision="1" el:status="released"/>
      <el:author el:name="Roberto Bardin" el:email="" el:homepage=""/>
      <el:copyright>Copyright © 2005 Roberto Bardin</el:copyright>
      <el:license el:type="GPL version 2" el:open="true"/>
      <el:compatibility el:enigma="1.10"/>
      <el:modes el:easy="true" el:single="true" el:network="false"/>
      <el:comments><el:code>New API converted by R. Bourquin</el:code></el:comments>
      <el:score el:easy="-" el:difficult="-"/>
    </el:info>
    <el:luamain><![CDATA[
ti[" "] = {"fl_lawn"}
ti["="] = {"fl_space"}
ti["."] = {"fl_abyss"}
ti["#"] = {"st_granite"}
ti["r"] = {"#ac_rotor", gohome=false, range=8, strength=cond(wo["IsDifficult"],20,10)}
ti["O"] = {"st_oxyd", flavor="a"}
ti["@"] = {"#ac_marble_black"}

wo(ti, " ", {
    "####################",
    "#  @               #",
    "#                  #",
    "#   ..        ..   #",
    "#   ..        ..   #",
    "#                  #",
    "#       ....       #",
    "#                  #",
    "#   ####====####   #",
    "#      #====#      #",
    "#    O #====# O    #",
    "#     r#====#r     #",
    "########====########",
    "#     r#====#r     #",
    "#    O #====# O    #",
    "#      #====#      #",
    "#   ####====####   #",
    "#                  #",
    "#       ....       #",
    "#                  #",
    "#   ..        ..   #",
    "#   ..        ..   #",
    "#                  #",
    "#                  #",
    "####################"})

wo:shuffleOxyd()
 ]]></el:luamain>
    <el:i18n>
      <el:string el:key="title">
        <el:english el:translate="false"/>
      </el:string>
    </el:i18n>
  </el:protected>
</el:level>
