<?xml version="1.0" encoding="UTF-8" standalone="no" ?>
<el:level xmlns:xsi="http://www.w3.org/2001/XMLSchema-instance" xsi:schemaLocation="http://enigma-game.org/schema/level/1 level.xsd" xmlns:el="http://enigma-game.org/schema/level/1">
  <el:protected>
    <el:info el:type="level">
      <el:identity el:title="Light Barrier" el:subtitle="" el:id="richi03"/>
      <el:version el:score="1" el:release="2" el:revision="2" el:status="released"/>
      <el:author el:name="Richi Bützer" el:email="" el:homepage="enigma.mal2.ch"/>
      <el:copyright>Copyright ©2005 Richi Bützer</el:copyright>
      <el:license el:type="GPL v2.0 or above" el:open="true"/>
      <el:compatibility el:enigma="1.10"/>
      <el:modes el:easy="false" el:single="true" el:network="false"/>
      <el:comments><el:code>New API converted by level administrators, June 2009</el:code></el:comments>
      <el:score el:easy="-" el:difficult="-"/>
    </el:info>
    <el:luamain><![CDATA[
ti[" "] = {"fl_bluegray"}
ti["~"] = {"fl_water"}
ti["#"] = {"st_box_wood"}
ti["L"] = {"st_laser_s", name="laser", state=ON}
ti["S"] = {"st_switch", target="laser"}
ti["Q"] = {"st_quake", name="quake"}
ti["T"] = {"st_timer", target="quake", interval=10}
ti["O"] = {"st_oxyd_c", "all_oxyds#"}
ti["@"] = {"#ac_marble_black"}

wo(ti, " ", {
    "T#####L#############",
    "#O  ~~             #",
    "#   ~~             #",
    "#O  ~~  ~~#     @  #",
    "#   ~~  ~~#        #",
    "#O  ~~             #",
    "#   ~~     ~~#     #",
    "#O  ~~     ~~#     #",
    "#   ~~             #",
    "#O  ~~  ~~~   ~~#  #",
    "#   ~~  ~~~   ~~#  #",
    "#O  ~~  ~S~        #",
    "Q###################"})

wo:shuffleOxyd({"all_oxyds#*", linear=true})
 ]]></el:luamain>
    <el:i18n>
      <el:string el:key="title">
        <el:english el:translate="false"/>
      </el:string>
    </el:i18n>
  </el:protected>
</el:level>
