<?xml version="1.0" encoding="UTF-8" standalone="no" ?>
<el:level xmlns:xsi="http://www.w3.org/2001/XMLSchema-instance" xsi:schemaLocation="http://enigma-game.org/schema/level/1 level.xsd" xmlns:el="http://enigma-game.org/schema/level/1">
  <el:protected>
    <el:info el:type="level">
      <el:identity el:title="Uhh-Steady!" el:subtitle="" el:id="level2f"/>
      <el:version el:score="2" el:release="2" el:revision="1" el:status="released"/>
      <el:author el:name="Siegfried Fennig" el:email="" el:homepage=""/>
      <el:copyright>Copyright © 2003 Siegfried Fennig</el:copyright>
      <el:license el:type="GPL version 2" el:open="true"/>
      <el:compatibility el:enigma="1.10"/>
      <el:modes el:easy="false" el:single="true" el:network="false"/>
      <el:comments><el:code>new API converted by mecke</el:code></el:comments>
      <el:score el:easy="-" el:difficult="-"/>
    </el:info>
    <el:luamain><![CDATA[
ti[" "] = {"fl_wood"}
ti["#"] = {"st_redbrown"}
ti["D"] = {"st_death"}
ti[">"] = {"st_oneway", orientation=EAST}
ti["^"] = {"st_oneway", orientation=NORTH}
ti["."] = {"it_meditation_hollow"}
ti["O"] = {"st_oxyd", name="oxyd%%"}
ti["@"] = {"#ac_marble"}

wo(res.autotile(ti, {"1", "8", "O"}), " ", {
    "####################",
    "#     #      #     #",
    "#  6  #      #     #",
    "#  #  D 4#D  #  2  #",
    "#  #  #   #  3  #  #",
    "#  #  #   #     #  #",
    "#  #  D#5 D#####D  #",
    "#  #      #        #",
    "#  DDDD#### 1#######",
    "# .>>>>. D#       @#",
    "#^DDDDD# 7##########",
    "# ......          8#",
    "####################"})

wo:shuffleOxyd({no["oxyd*"]:sort(), linear=true})
 ]]></el:luamain>
    <el:i18n>
      <el:string el:key="title">
        <el:english el:translate="false"/>
      </el:string>
    </el:i18n>
  </el:protected>
</el:level>
