<?xml version="1.0" encoding="UTF-8" standalone="no" ?>
<el:level xmlns:xsi="http://www.w3.org/2001/XMLSchema-instance" xsi:schemaLocation="http://enigma-game.org/schema/level/1 level.xsd" xmlns:el="http://enigma-game.org/schema/level/1">
  <el:protected>
    <el:info el:type="level">
      <el:identity el:title="Good Luck!" el:subtitle="" el:id="level3d"/>
      <el:version el:score="1" el:release="2" el:revision="1" el:status="released"/>
      <el:author  el:name="Siegfried Fennig" el:email="" el:homepage=""/>
      <el:copyright>Copyright © 2003 Siegfried Fennig</el:copyright>
      <el:license el:type="GPL version 2" el:open="true"/>
      <el:compatibility el:enigma="1.10"/>
      <el:modes el:easy="false" el:single="true" el:network="false"/>
      <el:comments><el:code>New API converted by R. Bourquin</el:code></el:comments>
      <el:score el:easy="-" el:difficult="-"/>
    </el:info>
    <el:luamain><![CDATA[
wo["GlobalForce"] = po(15, 0)

ti[" "] = {"fl_bluegreen"}
ti["-"] = {"fl_inverse"}
ti["#"] = {"st_redbrown"}
ti["D"] = {"st_death"}
ti["^"] = {"st_oneway", orientation=NORTH}
ti[">"] = {"st_oneway", orientation=EAST}
ti["V"] = {"st_oneway", orientation=SOUTH}
ti["<"] = {"st_oneway", orientation=WEST}
ti["O"] = {"st_oxyd", name="upper#"}
ti["o"] = {"st_oxyd", name="lower#"}
ti["@"] = {"#ac_marble_black"}

wo(ti, " ", {
    "####################",
    "#   @              D",
    "# ################V#",
    "#       D          D",
    "#  ---  #V##########",
    "# ----- D  ------  D",
    "# ----- ##########V#",
    "# ----- D          D",
    "# ----- #V##########",
    "# ----- D  ------  D",
    "#  ---  ##########V#",
    "#       D          D",
    "# #######V##########",
    "# #                #",
    "# ################ #",
    "# # <           O# #",
    "# #V###########^## #",
    "# # <           O# #",
    "# #V###########^## #",
    "# < <            < #",
    "# #^###########V## #",
    "# # <           o# #",
    "# #^###########V## #",
    "# # <           o# #",
    "####################"})

wo:shuffleOxyd({"upper#*", "lower#*", min=1})
 ]]></el:luamain>
    <el:i18n>
      <el:string el:key="title">
        <el:english el:translate="false"/>
      </el:string>
    </el:i18n>
  </el:protected>
</el:level>
