<?xml version="1.0" encoding="UTF-8" standalone="no" ?>
<el:level xmlns:xsi="http://www.w3.org/2001/XMLSchema-instance" xsi:schemaLocation="http://enigma-game.org/schema/level/1 level.xsd" xmlns:el="http://enigma-game.org/schema/level/1">
  <el:protected>
    <el:info el:type="level">
      <el:identity el:title="- Meditation -" el:subtitle="" el:id="meditation5"/>
      <el:version el:score="1" el:release="2" el:revision="1" el:status="released"/>
      <el:author  el:name="Siegfried Fennig" el:email="" el:homepage=""/>
      <el:copyright>Copyright © Siegfried Fennig</el:copyright>
      <el:license el:type="Donated to Enigma under the projects license" el:open="true"/>
      <el:compatibility el:enigma="1.10"/>
      <el:modes el:easy="false" el:single="true" el:network="false"/>
      <el:comments><el:code>New API converted by R. Bourquin</el:code></el:comments>
      <el:score el:easy="-" el:difficult="-"/>
    </el:info>
    <el:luamain><![CDATA[
ti[" "] = {"fl_metal_7"}
ti["^"] = {"fl_slope_pn"}
ti[">"] = {"fl_slope_pe"}
ti["V"] = {"fl_slope_ps"}
ti["<"] = {"fl_slope_pw"}
ti["1"] = {"fl_slope_osw"}
ti["3"] = {"fl_slope_ose"}
ti["7"] = {"fl_slope_onw"}
ti["9"] = {"fl_slope_one"}
ti["a"] = {"fl_slope_isw"}
ti["b"] = {"fl_slope_ise"}
ti["c"] = {"fl_slope_inw"}
ti["d"] = {"fl_slope_ine"}
ti["#"] = {"st_rawglass"}
ti["o"] = {"it_meditation_hollow"}
ti["A"] = {"ac_pearl", 0.0, 1.0}
ti["@"] = {"ac_pearl"}

wo(ti, " ", {
    "####################",
    "#3VVVVVVVVVVVVVVVV1#",
    "#>   @         @  <#",
    "#9^^^^^^^^^^^^^^^^7#",
    "#                  #",
    "#c^^^^^^^^^^^^^^^^d#",
    "#< o   o    o   o >#",
    "#aVVVVVVVVVVVVVVVVb#",
    "#                  #",
    "#3VVVVVVVVVVVVVVVV1#",
    "#>   A         A  <#",
    "#9^^^^^^^^^^^^^^^^7#",
    "####################"})
 ]]></el:luamain>
    <el:i18n>
      <el:string el:key="title">
        <el:english el:translate="false"/>
      </el:string>
    </el:i18n>
  </el:protected>
</el:level>
