<?xml version="1.0" encoding="UTF-8" standalone="no" ?>
<el:level xmlns:xsi="http://www.w3.org/2001/XMLSchema-instance" xsi:schemaLocation="http://enigma-game.org/schema/level/1 level.xsd" xmlns:el="http://enigma-game.org/schema/level/1">
  <el:protected>
    <el:info el:type="level">
      <el:identity el:title="Ice Skating" el:subtitle="" el:id="level7a"/>
      <el:version el:score="1" el:release="2" el:revision="1" el:status="released"/>
      <el:author el:name="Siegfried Fennig" el:email="" el:homepage=""/>
      <el:copyright>Copyright © 2003 Siegfried Fennig</el:copyright>
      <el:license el:type="GPL version 2" el:open="true"/>
      <el:compatibility el:enigma="1.10"/>
      <el:modes el:easy="false" el:single="true" el:network="false"/>
      <el:comments><el:code>New API converted by R. Bourquin</el:code></el:comments>
      <el:score el:easy="-" el:difficult="-"/>
    </el:info>
    <el:luamain><![CDATA[
ti[" "] = {"fl_abyss"}
ti["-"] = {"fl_ice"}
ti["#"] = {"st_greenbrown_movable"}
ti["D"] = {"st_death"}
ti["X"] = {"st_grate", flavor="cross"}
ti["O"] = ti[" "] .. {"st_oxyd"}
ti["@"] = ti["X"] .. {"ac_marble", 0.0, 0.5}

wo(ti, "-", {
    "O                  O",
    " ------------------ ",
    " -D##############D- ",
    " -#--------------#- ",
    " -#--D########D--#- ",
    " -#--#--------#--#- ",
    " -#--#---X@---#--#- ",
    " -#--#--------#--#- ",
    " -#--D########D--#- ",
    " -#--------------#- ",
    " -D##############D- ",
    " ------------------ ",
    "O                  O"})

wo:shuffleOxyd()
 ]]></el:luamain>
    <el:i18n>
      <el:string el:key="title">
        <el:english el:translate="false"/>
      </el:string>
    </el:i18n>
  </el:protected>
</el:level>
