<?xml version="1.0" encoding="UTF-8" standalone="no" ?>
<el:level xmlns:xsi="http://www.w3.org/2001/XMLSchema-instance" xsi:schemaLocation="http://enigma-game.org/schema/level/1 level.xsd" xmlns:el="http://enigma-game.org/schema/level/1">
  <el:protected>
    <el:info el:type="level">
      <el:identity el:title="Easy?" el:subtitle="" el:id="ss1"/>
      <el:version el:score="1" el:release="2" el:revision="1" el:status="released"/>
      <el:author  el:name="Sven Siggelkow" el:email="" el:homepage=""/>
      <el:copyright>Copyright © 2003 Sven Siggelkow</el:copyright>
      <el:license el:type="GPL v2.0 or above" el:open="true"/>
      <el:compatibility el:enigma="1.10"/>
      <el:modes el:easy="false" el:single="true" el:network="false"/>
      <el:comments><el:code>New API converted by R. Bourquin</el:code></el:comments>
      <el:score el:easy="-" el:difficult="-"/>
    </el:info>
    <el:luamain><![CDATA[
ti[" "] = {"fl_rough"}
ti["~"] = {"fl_water"}
ti["#"] = {"st_granite"}
ti["|"] = {"st_door", flavor="d", faces="ew", name="door"}
ti["o"] = {"st_shogun_s"}
ti["."] = {"it_shogun_s", target="counter", action="signal"}
ti["O"] = {"st_oxyd", flavor="c"}
ti["@"] = {"#ac_marble_black"}

wo(ti, " ", {
    "####################",
    "#                  #",
    "#    ###########   #",
    "#    #    #    #   #",
    "#    # o ooooo |   #",
    "#    #    @    #   #",
    "#    ##### #####   #",
    "#       #.  #      #",
    "#       #.  #      #",
    "#       #...#      #",
    "#       #.  #      #",
    "#O      #~~~#     O#",
    "####################"})

wo:add({"ot_counter", "counter", state=0, target_6="door", action_6="open", target_5="door", action_5="close"})
 ]]></el:luamain>
    <el:i18n>
      <el:string el:key="title">
        <el:english el:translate="false"/>
      </el:string>
    </el:i18n>
  </el:protected>
</el:level>
