<?xml version="1.0" encoding="UTF-8" standalone="no" ?>
<el:level xmlns:xsi="http://www.w3.org/2001/XMLSchema-instance" xsi:schemaLocation="http://enigma-game.org/schema/level/1 level.xsd" xmlns:el="http://enigma-game.org/schema/level/1">
  <el:protected>
    <el:info el:type="level">
      <el:identity el:title="Annoying little balls" el:subtitle="" el:id="wb9"/>
      <el:version el:score="2" el:release="3" el:revision="1" el:status="released"/>
      <el:author el:name="Jon 'WB' Sneyers" el:email="" el:homepage=""/>
      <el:copyright>Copyright © 2003 Jon 'WB' Sneyers</el:copyright>
      <el:license el:type="GPL v2.0 or above" el:open="true"/>
      <el:compatibility el:enigma="1.10"/>
      <el:modes el:easy="false" el:single="true" el:network="false"/>
      <el:comments><el:code>new API converted by mecke</el:code></el:comments>
      <el:score el:easy="-" el:difficult="-"/>
    </el:info>
    <el:luamain><![CDATA[
ti[" "] = {"fl_tigris"}
ti["#"] = {"st_purplegray"}
ti["O"] = {"st_oxyd_b"}
ti["*"] = {"#ac_pearl"}
ti["@"] = {"#ac_marble"}

wo(ti, " ", {
    "####################",
    "O                * O",
    "# ########O####### #",
    "# O           *  O #",
    "# # ############ # #",
    "# # O          O # #",
    "# O #     @    # O #",
    "# # O          O # #",
    "# # ############ # #",
    "# O  *           O #",
    "# ########O####### #",
    "O *                O",
    "####################"})

wo:shuffleOxyd()
 ]]></el:luamain>
    <el:i18n>
      <el:string el:key="title">
        <el:english el:translate="false"/>
      </el:string>
    </el:i18n>
  </el:protected>
</el:level>
