<?xml version="1.0" encoding="UTF-8" standalone="no" ?>
<el:level xmlns:xsi="http://www.w3.org/2001/XMLSchema-instance" xsi:schemaLocation="http://enigma-game.org/schema/level/1 level.xsd" xmlns:el="http://enigma-game.org/schema/level/1">
  <el:protected>
    <el:info el:type="level">
      <el:identity el:title="(Counter)Clockwise" el:subtitle="" el:id="wb13"/>
      <el:version el:score="2" el:release="2" el:revision="1" el:status="released"/>
      <el:author  el:name="Jon 'WB' Sneyers" el:email="" el:homepage=""/>
      <el:copyright>Copyright © 2003 Jon 'WB' Sneyers</el:copyright>
      <el:license el:type="GPL v2.0 or above" el:open="true"/>
      <el:compatibility el:enigma="1.10" />
      <el:modes el:easy="false" el:single="true" el:network="false"/>
      <el:comments><el:code>New API converted by /dev/null</el:code></el:comments>
      <el:score el:easy="-" el:difficult="-"/>
    </el:info>
    <el:luamain><![CDATA[
ti[" "] = {"fl_sand"}
ti[":"] = {"fl_rough"}
ti["#"] = {"st_granite"}
ti["^"] = {"st_oneway_n"}
ti[">"] = {"st_oneway_e"}
ti["V"] = {"st_oneway_s"}
ti["<"] = {"st_oneway_w"}
ti["o"] = {"st_oxyd", "left#"}
ti["O"] = {"st_oxyd", "right#"}
ti["@"] = {"#ac_marble_black"}

wo(ti, " ", {
    "################################################################################################",
    "#                  <                  <                  <                  <                  #",
    "#                  <                  <         @        <                  <                  #",
    "#VVVVVVVV########################o###^####################V####O#######################^^^^^^^^#",
    "#        #:::::::::::::::::::>::::::::::::::::::>::::::::::::::::::>:::::::::::::::::##        #",
    "#        o:::::::::::::::::::>::::::::::::::::::>::::::::::::::::::>::::::::::::::::::O        #",
    "#        oo::::::::::::::::::###############o#######O###############:::::::::::::::::OO        #",
    "#        o:::::::::::::::::::<::::::::::::::::::<::::::::::::::::::<::::::::::::::::::O        #",
    "#        #:::::::::::::::::::<::::::::::::::::::<::::::::::::::::::<:::::::::::::::::##        #",
    "#VVVVVVVV########################o#############################O#######################^^^^^^^^#",
    "#                  >                  >                  >                  >                  #",
    "#                  >                  >                  >                  >                  #",
    "################################################################################################"})

wo:shuffleOxyd({"left#*", max = 0}, {"right#*", max = 0})
 ]]></el:luamain>
    <el:i18n>
      <el:string el:key="title">
        <el:english el:translate="false"/>
      </el:string>
    </el:i18n>
  </el:protected>
</el:level>
