<?xml version="1.0" encoding="UTF-8" standalone="no" ?>
<el:level xmlns:xsi="http://www.w3.org/2001/XMLSchema-instance" xsi:schemaLocation="http://enigma-game.org/schema/level/1 level.xsd" xmlns:el="http://enigma-game.org/schema/level/1">
  <el:protected >
    <el:info el:type="level">
      <el:identity el:title="Welcome" el:id="welcome"/>
      <el:version el:score="2" el:release="3" el:revision="5" el:status="released"/>
      <el:author  el:name="Daniel Heck"/>
      <el:copyright>Copyright © 2006 Daniel Heck</el:copyright>
      <el:license el:type="GPL v2.0 or above" el:open="true"/>
      <el:compatibility el:enigma="1.10"/>
      <el:modes el:easy="true" el:single="true" el:network="false"/>
      <el:comments>
        <el:code>Recoded to Lua embedded in new XML format by Ronald Lamprecht, new API converted by R. Bourquin</el:code>
      </el:comments>
      <el:score el:easy="-" el:difficult="-"/>
    </el:info>
    <el:luamain><![CDATA[
ti[" "] = {"fl_gravel"}
ti["#"] = {"st_box"}
ti["O"] = {"st_oxyd"}
if wo["IsDifficult"] then
    ti["Q"] = {"st_quake", name="quake"}
    ti["T"] = {"st_timer", interval=10.0, target="quake"}
else
    ti["Q"] = ti[" "]
    ti["T"] = ti[" "]
end
ti["@"] = {"ac_marble_black", 0.0, 0.5}

wo(ti, " ", {
    "####################",
    "#                  #",
    "#                  #",
    "#  O            O  #",
    "#         @        #",
    "#                  #",
    "#        QT        #",
    "#                  #",
    "#                  #",
    "#  O            O  #",
    "#                  #",
    "#                  #",
    "####################"})

wo:shuffleOxyd()
 ]]></el:luamain>
    <el:i18n>
      <el:string el:key="title">
        <el:english el:translate="true"/>
        <el:translation el:lang="de">Willkommen</el:translation>
      </el:string>
    </el:i18n>
  </el:protected>
</el:level>
