<?xml version="1.0" encoding="UTF-8" standalone="no" ?>
<el:level xmlns:xsi="http://www.w3.org/2001/XMLSchema-instance" xsi:schemaLocation="http://enigma-game.org/schema/level/1 level.xsd" xmlns:el="http://enigma-game.org/schema/level/1">
  <el:protected>
    <el:info el:type="level">
      <el:identity el:title="Demo Oxyd Shuffling" el:subtitle="" el:id="20080530ral108"/>
      <el:version el:score="1" el:release="1" el:revision="$Revision: 1434 $" el:status="experimental"/>
      <el:author  el:name="Ronald Lamprecht" el:email="ral@users.berlios.de"/>
      <el:copyright>Copyright © 2008 Ronald Lamprecht</el:copyright>
      <el:license el:type="GPL v2.0 or above" el:open="true"/>
      <el:compatibility el:enigma="1.10">
      </el:compatibility>
      <el:modes el:easy="false" el:single="true" el:network="false"/>
      <el:comments>
      </el:comments>
      <el:score el:easy="-" el:difficult="-"/>
    </el:info>
    <el:luamain><![CDATA[
wo["ConserveLevel"] = false

ti["~"] = {"fl_water"}
ti[" "] = {"fl_plank"}
ti["c"] = {"it_crack_l", spreading=0, fragility=1}
ti["^"] = {"st_oneway_n"}
ti["1"] = {"ac_marble", 0, 0.5}

ti["x"] = {"st_oxyd", "island#"}
ti["y"] = {"st_oxyd", "left#"}
ti["z"] = {"st_oxyd", "right#"}

w, h = wo(ti, " ", {
"~~x  x  x  x  x  x~~",
"~~                ~~",
"~~~~^~~~~~~~~~~^~~~~",
"y       ~~~~       z",
"~       cccc       ~",
"y       ~~~~       z",
"~       cccc       ~",
"y       ~~~~       z",
"~       cccc       ~",
"y       ~~~~       z",
"~~~~c~~~~~~~~~~c~~~~",
"~~                ~~",
"~~        1       ~~"
})

wo:shuffleOxyd({"island#*", min=3, linear=true}, {"left#*","right#*", max=2, min=2})
  ]]></el:luamain>
    <el:i18n>
	 <el:string el:key="title">
	   <el:english el:translate="false"/>
	 </el:string>
   </el:i18n>
  </el:protected>
</el:level>

