<?xml version="1.0" encoding="UTF-8" standalone="no" ?>
<index xmlns:xsi="http://www.w3.org/2001/XMLSchema-instance" xsi:noNamespaceSchemaLocation="index.xsd">

  <info enigma="1.10" group="Facets" location="15100" network="false" owner="Enigma Team" release="1" revision="56" title="Enigma 0.92 - 1"/>

  <attributes/>

  <levels>
    <level _seq="1" _title="Welcome" _xpath="enigma_i/welcometopack1_3" author="Daniel Heck" ctrl="force" easy="true" id="welcome" rel="3" rev="5" score="2" target="time" unit="duration"/>
    <level _seq="2" _title="Is It Easy?" _xpath="enigma_i/martin06_2" author="Martin Hawlisch" ctrl="force" easy="false" id="martin06" rel="2" rev="1" score="2" target="time" unit="duration"/>
    <level _seq="3" _title="Pharaoh's Tomb" _xpath="enigma_ii/siegfried13_1" author="Siegfried Fennig" ctrl="force" easy="false" id="level4d" rel="1" rev="0" score="1" target="time" unit="duration"/>
    <level _seq="4" _title="Feel Your Way" _xpath="enigma_i/siegfried06_2" author="Siegfried Fennig" ctrl="force" easy="false" id="level3a" rel="2" rev="1" score="1" target="time" unit="duration"/>
    <level _seq="5" _title="Sokoban Revival" _xpath="enigma_i/martin04_4" author="Martin Hawlisch" ctrl="force" easy="false" id="martin04" rel="4" rev="5" score="3" target="time" unit="duration"/>
    <level _seq="6" _title="Black Is Beautiful" _xpath="enigma_iii/martin15_3" author="Martin Hawlisch" ctrl="force" easy="false" id="martin15" rel="3" rev="2" score="2" target="time" unit="duration"/>
    <level _seq="7" _title="Round Trip" _xpath="enigma_ii/martin35_2" author="Martin Hawlisch" ctrl="force" easy="false" id="martin35" rel="2" rev="2" score="2" target="time" unit="duration"/>
    <level _seq="8" _title="Light Switches" _xpath="enigma_i/martin08_2" author="Martin Hawlisch" ctrl="force" easy="true" id="martin08" rel="2" rev="2" score="2" target="time" unit="duration"/>
    <level _seq="9" _title="Floppy Swapping" _xpath="enigma_ii/martin19_2" author="Martin Hawlisch" ctrl="force" easy="false" id="martin19" rel="2" rev="1" score="1" target="time" unit="duration"/>
    <level _seq="10" _title="- Meditation -" _xpath="enigma_i/siegfried33_2" author="Siegfried Fennig" ctrl="force" easy="false" id="meditation1" rel="2" rev="1" score="1" target="time" unit="duration"/>
    <level _seq="11" _title="Push Them In" _xpath="enigma_ii/nat05_2" author="Andreas Persenius, Nat Pryce" ctrl="force" easy="false" id="nat5" rel="2" rev="1" score="1" target="time" unit="duration"/>
    <level _seq="12" _title="It's Magic" _xpath="enigma_ii/martin27_2" author="Martin Hawlisch" ctrl="force" easy="false" id="martin27" rel="2" rev="4" score="1" target="time" unit="duration"/>
    <level _seq="13" _title="Ice Skating" _xpath="enigma_i/siegfried22_2" author="Siegfried Fennig" ctrl="force" easy="false" id="level7a" rel="2" rev="1" score="1" target="time" unit="duration"/>
    <level _seq="14" _title="Lasers 101" _xpath="enigma_i/daniel08_2" author="Daniel Heck" ctrl="force" easy="false" id="lasers101" rel="2" rev="1" score="1" target="time" unit="duration"/>
    <level _seq="15" _title="The Grim Reaper" _xpath="enigma_i/daniel11_2" author="Daniel Heck" ctrl="force" easy="true" id="space" rel="2" rev="4" score="1" target="time" unit="duration"/>
    <level _seq="16" _title="Knock Knock!" _xpath="enigma_ii/nat03_2" author="Nat Pryce" ctrl="force" easy="false" id="nat3" rel="2" rev="1" score="2" target="time" unit="duration"/>
    <level _seq="17" _title="Slalom Skiing" _xpath="enigma_ii/martin93_1" author="Martin Hawlisch" ctrl="force" easy="true" id="martin93" rel="1" rev="0" score="1" target="time" unit="duration"/>
    <level _seq="18" _title="Puzzle Hacker" _xpath="enigma_i/ant01_2" author="Petr Machata" ctrl="force" easy="false" id="ant01" rel="2" rev="2" score="1" target="time" unit="duration"/>
    <level _seq="19" _title="Sok It To 'Em" _xpath="enigma_i/nat07_2" author="Nat Pryce" ctrl="force" easy="false" id="nat7" rel="2" rev="1" score="1" target="time" unit="duration"/>
    <level _seq="20" _title="- Meditation -" _xpath="enigma_i/siegfried39_2" author="Siegfried Fennig" ctrl="force" easy="false" id="meditation6" rel="2" rev="1" score="1" target="time" unit="duration"/>
    <level _seq="21" _title="Push? Pull!" _xpath="enigma_iii/siegfried01_2" author="Siegfried Fennig" ctrl="force" easy="false" id="level1c" rel="2" rev="1" score="1" target="time" unit="duration"/>
    <level _seq="22" _title="Way To Go" _xpath="enigma_i/daniel09_2" author="Daniel Heck" ctrl="force" easy="false" id="mirrors" rel="2" rev="1" score="1" target="time" unit="duration"/>
    <level _seq="23" _title="The Doors" _xpath="enigma_i/siegfried11_2" author="Siegfried Fennig" ctrl="force" easy="false" id="level4a" rel="2" rev="2" score="2" target="time" unit="duration"/>
    <level _seq="24" _title="Water Holes" _xpath="enigma_ii/siegfried10_2" author="Siegfried Fennig" ctrl="force" easy="false" id="level3f" rel="2" rev="1" score="1" target="time" unit="duration"/>
    <level _seq="25" _title="Black Holes" _xpath="enigma_ii/siegfried03_1" author="Siegfried Fennig" ctrl="force" easy="false" id="level2a" rel="1" rev="0" score="1" target="time" unit="duration"/>
    <level _seq="26" _title="Tubes" _xpath="enigma_i/siegfried09_2" author="Siegfried Fennig" ctrl="force" easy="false" id="level3e" rel="2" rev="1" score="1" target="time" unit="duration"/>
    <level _seq="27" _title="Archipelago" _xpath="enigma_i/martin12_2" author="Martin Hawlisch" ctrl="force" easy="false" id="martin12" rel="2" rev="1" score="1" target="time" unit="duration"/>
    <level _seq="28" _title="Swap Swap" _xpath="enigma_iii/siegfried02_2" author="Siegfried Fennig" ctrl="force" easy="false" id="level1f" rel="2" rev="1" score="1" target="time" unit="duration"/>
    <level _seq="29" _title="Push your way" _xpath="enigma_ii/siegfried12_1" author="Siegfried Fennig" ctrl="force" easy="false" id="level4b" rel="1" rev="0" score="1" target="time" unit="duration"/>
    <level _seq="30" _title="- Meditation -" _xpath="enigma_i/siegfried38_2" author="Siegfried Fennig" ctrl="force" easy="false" id="meditation5" rel="2" rev="1" score="1" target="time" unit="duration"/>
    <level _seq="31" _title="Bridgebuilder" _xpath="enigma_iii/siegfried20_2" author="Siegfried Fennig" ctrl="force" easy="false" id="level6b" rel="2" rev="1" score="1" target="time" unit="duration"/>
    <level _seq="32" _title="Space Pirates" _xpath="enigma_v/siegfried19_2" author="Siegfried Fennig" ctrl="force" easy="false" id="level6a" rel="2" rev="0" score="2" target="time" unit="duration"/>
    <level _seq="33" _title="Mission Impossible" _xpath="enigma_i/martin14_2" author="Martin Hawlisch" ctrl="force" easy="true" id="martin14" rel="2" rev="2" score="2" target="time" unit="duration"/>
    <level _seq="34" _title="Send More Money" _xpath="enigma_ii/siegfried18_1" author="Siegfried Fennig" ctrl="force" easy="false" id="level5f" rel="1" rev="0" score="1" target="time" unit="duration"/>
    <level _seq="35" _title="Slippery Slopes" _xpath="enigma_i/martin38_2" author="Martin Hawlisch" ctrl="force" easy="false" id="martin38" rel="2" rev="1" score="1" target="time" unit="duration"/>
    <level _seq="36" _title="Not Hard Atoll" _xpath="enigma_i/martin33_3" author="Martin Hawlisch" ctrl="force" easy="false" id="martin33" rel="3" rev="2" score="2" target="time" unit="duration"/>
    <level _seq="37" _title="Twelve Doors" _xpath="enigma_ii/nat06_2" author="Nat Pryce" ctrl="force" easy="false" id="nat6" rel="2" rev="1" score="1" target="time" unit="duration"/>
    <level _seq="38" _title="Running Rings" _xpath="enigma_iv/siegfried14_1" author="Siegfried Fennig" ctrl="force" easy="false" id="level4f" rel="1" rev="1" score="1" target="time" unit="duration"/>
    <level _seq="39" _title="esprit 92" _xpath="enigma_esprit/esprit92_2" author="Sven Siggelkow" ctrl="force" easy="false" id="ss_esp92" rel="2" rev="2" score="1" target="time" unit="duration"/>
    <level _seq="40" _title="- Meditation -" _xpath="enigma_oxyd/oxyd30_2" author="Siegfried Fennig" ctrl="force" easy="false" id="meditation9" rel="2" rev="1" score="1" target="time" unit="duration"/>
    <level _seq="41" _title="Chain Reaction" _xpath="enigma_iv/siegfried17_1" author="Siegfried Fennig" ctrl="force" easy="false" id="level5e" rel="1" rev="0" score="1" target="time" unit="duration"/>
    <level _seq="42" _title="The Prison" _xpath="enigma_v/martin30_1" author="Martin Hawlisch" ctrl="force" easy="false" id="martin30" rel="1" rev="0" score="1" target="time" unit="duration"/>
    <level _seq="43" _title="Indoor Pool" _xpath="enigma_ii/nat01_2" author="Nat Pryce" ctrl="force" easy="false" id="nat1" rel="2" rev="2" score="2" target="time" unit="duration"/>
    <level _seq="44" _title="The Racetrack" _xpath="enigma_i/martin31_2" author="Martin Hawlisch" ctrl="force" easy="false" id="martin31" rel="2" rev="1" score="2" target="time" unit="duration"/>
    <level _seq="45" _title="The Sargasso Sea" _xpath="enigma_iii/martin17_2" author="Martin Hawlisch" ctrl="force" easy="false" id="martin17" rel="2" rev="1" score="1" target="time" unit="duration"/>
    <level _seq="46" _title="Moonwalking" _xpath="enigma_oxyd/oxyd52_1" author="Ulf Stegemann" ctrl="force" easy="false" id="20060629ulf006" rel="1" rev="0" score="1" target="time" unit="duration"/>
    <level _seq="47" _title="Painting" _xpath="enigma_ii/siegfried21_1" author="Siegfried Fennig" ctrl="force" easy="false" id="level6d" rel="1" rev="0" score="1" target="time" unit="duration"/>
    <level _seq="48" _title="Tricks &amp; Traps" _xpath="enigma_iii/siegfried04_2" author="Siegfried Fennig" ctrl="force" easy="false" id="level2d" rel="2" rev="1" score="1" target="time" unit="duration"/>
    <level _seq="49" _title="Duck and Cover" _xpath="enigma_i/nat02_2" author="Nat Pryce" ctrl="force" easy="true" id="nat2" rel="2" rev="2" score="1" target="time" unit="duration"/>
    <level _seq="50" _title="Eraser Please!" _xpath="enigma_ii/martin39_2" author="Martin Hawlisch" ctrl="force" easy="false" id="martin39" rel="2" rev="1" score="1" target="time" unit="duration"/>
    <level _seq="51" _title="Uhh-Steady!" _xpath="enigma_i/siegfried05_2" author="Siegfried Fennig" ctrl="force" easy="false" id="level2f" rel="2" rev="1" score="2" target="time" unit="duration"/>
    <level _seq="52" _title="Watery Grave" _xpath="enigma_i/martin37_2" author="Martin Hawlisch" ctrl="force" easy="false" id="martin37" rel="2" rev="1" score="1" target="time" unit="duration"/>
    <level _seq="53" _title="Break and Enter" _xpath="enigma_v/siegfried16_1" author="Siegfried Fennig" ctrl="force" easy="false" id="level5b" rel="1" rev="1" score="1" target="time" unit="duration"/>
    <level _seq="54" _title="Jump And Run" _xpath="enigma_iii/siegfried40_1" author="Siegfried Fennig" ctrl="force" easy="false" id="level6c" rel="1" rev="1" score="1" target="time" unit="duration"/>
    <level _seq="55" _title="Back And Forth" _xpath="enigma_ii/martin26_3" author="Martin Hawlisch" ctrl="force" easy="false" id="martin26" rel="3" rev="3" score="2" target="time" unit="duration"/>
    <level _seq="56" _title="Hidden Treasure" _xpath="enigma_peroxyd/peroxyd49_2" author="Siegfried Fennig" ctrl="force" easy="false" id="level6f" rel="2" rev="1" score="1" target="time" unit="duration"/>
    <level _seq="57" _title="Mossy Paths" _xpath="enigma_i/martin02_2" author="Martin Hawlisch" ctrl="force" easy="false" id="martin02" rel="2" rev="1" score="1" target="time" unit="duration"/>
    <level _seq="58" _title="Light Barriers" _xpath="enigma_ii/qq01_1" author="Andrzej Szombierski" ctrl="force" easy="false" id="qq1" rel="1" rev="0" score="1" target="time" unit="duration"/>
    <level _seq="59" _title="- Meditation -" _xpath="enigma_oxyd/oxyd10_2" author="Daniel Heck" ctrl="force" easy="false" id="daniel1" rel="2" rev="1" score="1" target="time" unit="duration"/>
    <level _seq="60" _title="Good Luck!" _xpath="enigma_i/siegfried08_2" author="Siegfried Fennig" ctrl="force" easy="false" id="level3d" rel="2" rev="1" score="1" target="time" unit="duration"/>
    <level _seq="61" _title="Mirror Shop" _xpath="enigma_v/siegfried25_2" author="Siegfried Fennig" ctrl="force" easy="false" id="level9a" rel="2" rev="1" score="1" target="time" unit="duration"/>
    <level _seq="62" _title="Stomp Stomp" _xpath="enigma_ii/qq03_2" author="Andrzej Szombierski" ctrl="force" easy="false" id="qq3" rel="2" rev="4" score="2" target="time" unit="duration"/>
    <level _seq="63" _title="Find The Way Out" _xpath="enigma_peroxyd/peroxyd46_2" author="Siegfried Fennig" ctrl="force" easy="false" id="level2c" rel="2" rev="1" score="1" target="time" unit="duration"/>
    <level _seq="64" _title="Basement" _xpath="enigma_i/siegfried26_1" author="Siegfried Fennig" ctrl="force" easy="false" id="level9c" rel="1" rev="0" score="1" target="time" unit="duration"/>
    <level _seq="65" _title="Ingrowing" _xpath="enigma_i/ant18_2" author="Petr Machata" ctrl="force" easy="false" id="ant18" rel="2" rev="1" score="1" target="time" unit="duration"/>
    <level _seq="66" _title="Escher's World" _xpath="enigma_i/ant09_2" author="Petr Machata" ctrl="force" easy="false" id="ant09" rel="2" rev="1" score="1" target="time" unit="duration"/>
    <level _seq="67" _title="Impulsive" _xpath="enigma_i/ant13_2" author="Petr Machata" ctrl="force" easy="false" id="ant13" rel="2" rev="1" score="1" target="time" unit="duration"/>
    <level _seq="68" _title="Magritte" _xpath="enigma_iv/nat37_1" author="Nat Pryce" ctrl="force" easy="false" id="natmaze6" rel="1" rev="0" score="1" target="time" unit="duration"/>
    <level _seq="69" _title="- Meditation -" _xpath="enigma_ii/siegfried34_1" author="anonymous" ctrl="force" easy="false" id="meditation13" rel="1" rev="0" score="1" target="time" unit="duration"/>
    <level _seq="70" _title="Pools" _xpath="enigma_ii/martin70_2" author="Martin Hawlisch" ctrl="force" easy="false" id="martin70" rel="2" rev="1" score="1" target="time" unit="duration"/>
    <level _seq="71" _title="Light Switches" _xpath="enigma_iv/siegfried24_2" author="Siegfried Fennig" ctrl="force" easy="false" id="level8e" rel="2" rev="1" score="1" target="time" unit="duration"/>
    <level _seq="72" _title="A Narrow Path" _xpath="enigma_i/martin66_2" author="Martin Hawlisch" ctrl="force" easy="false" id="martin66" rel="2" rev="1" score="1" target="time" unit="duration"/>
    <level _seq="73" _title="MetaPuzzle" _xpath="enigma_iv/ant03_3" author="Petr Machata" ctrl="force" easy="false" id="ant03" rel="3" rev="4" score="2" target="time" unit="duration"/>
    <level _seq="74" _title="Space Tubes" _xpath="enigma_i/duffy13_2" author="Jacob Scott" ctrl="force" easy="false" id="duffy13" rel="2" rev="3" score="1" target="time" unit="duration"/>
    <level _seq="75" _title="The Cage" _xpath="enigma_v/qq02_2" author="Andrzej Szombierski" ctrl="force" easy="false" id="qq2" rel="2" rev="3" score="2" target="time" unit="duration"/>
    <level _seq="76" _title="Sentinels" _xpath="enigma_ii/siegfried23_1" author="Siegfried Fennig" ctrl="force" easy="false" id="level8d" rel="1" rev="0" score="1" target="time" unit="duration"/>
    <level _seq="77" _title="The Tomb" _xpath="enigma_iv/ant04_2" author="Petr Machata" ctrl="force" easy="false" id="ant04" rel="2" rev="2" score="2" target="time" unit="duration"/>
    <level _seq="78" _title="Desert Ruins" _xpath="enigma_i/nat32_2" author="Nat Pryce" ctrl="force" easy="false" id="natmaze1" rel="2" rev="1" score="1" target="time" unit="duration"/>
    <level _seq="79" _title="- Meditation -" _xpath="enigma_i/siegfried35_1" author="Siegfried Fennig" ctrl="force" easy="false" id="meditation14" rel="1" rev="1" score="1" target="time" unit="duration"/>
    <level _seq="80" _title="Black Lava" _xpath="enigma_i/ant12_2" author="Petr Machata" ctrl="force" easy="false" id="ant12" rel="2" rev="1" score="2" target="time" unit="duration"/>
    <level _seq="81" _title="Flood Gates" _xpath="enigma_iv/nat08_2" author="Nat Pryce" ctrl="force" easy="false" id="nat8" rel="2" rev="1" score="1" target="time" unit="duration"/>
    <level _seq="82" _title="Balancing Act" _xpath="enigma_i/nat09_2" author="Nat Pryce" ctrl="force" easy="false" id="nat9" rel="2" rev="1" score="1" target="time" unit="duration"/>
    <level _seq="83" _title="Automaton Magic" _xpath="enigma_ii/ant07_2" author="Petr Machata" ctrl="force" easy="false" id="ant07" rel="2" rev="7" score="2" target="time" unit="duration"/>
    <level _seq="84" _title="Sheet Of Ice" _xpath="enigma_v/martin58_2" author="Martin Hawlisch" ctrl="force" easy="false" id="martin58" rel="2" rev="1" score="1" target="time" unit="duration"/>
    <level _seq="85" _title="No Trespassing" _xpath="enigma_peroxyd/peroxydlink65_2" author="Siegfried Fennig" ctrl="force" easy="false" id="level7c" rel="2" rev="1" score="1" target="time" unit="duration"/>
    <level _seq="86" _title=".J.U.M.P." _xpath="enigma_i/martin60_2" author="Martin Hawlisch" ctrl="force" easy="false" id="martin60" rel="2" rev="1" score="2" target="time" unit="duration"/>
    <level _seq="87" _title="Walk The Plank" _xpath="enigma_v/nat04_1" author="Nat Pryce" ctrl="force" easy="false" id="nat4" rel="1" rev="1" score="1" target="time" unit="duration"/>
    <level _seq="88" _title="Shipwreck" _xpath="enigma_v/nat33_2" author="Nat Pryce" ctrl="force" easy="false" id="natmaze2" rel="2" rev="1" score="1" target="time" unit="duration"/>
    <level _seq="89" _title="- Meditation -" _xpath="enigma_ii/ant16_3" author="Petr Machata" ctrl="force" easy="false" id="ant16" rel="3" rev="3" score="2" target="time" unit="duration"/>
    <level _seq="90" _title="Dancers" _xpath="enigma_ii/ant14_2" author="Petr Machata" ctrl="force" easy="false" id="ant14" rel="2" rev="4" score="1" target="time" unit="duration"/>
    <level _seq="91" _title="Running Stone" _xpath="enigma_iv/christophanita01_2" author="Christoph &amp; Anita" ctrl="force" easy="false" id="christophanita_runningstone" rel="2" rev="2" score="2" target="time" unit="duration"/>
    <level _seq="92" _title="Where's The Gardener?" _xpath="enigma_i/siegfried28_2" author="Siegfried Fennig" ctrl="force" easy="false" id="level9e" rel="2" rev="1" score="1" target="time" unit="duration"/>
    <level _seq="93" _title="Over the Lake" _xpath="enigma_iv/siegfried27_2" author="Siegfried Fennig" ctrl="force" easy="false" id="level9d" rel="2" rev="4" score="2" target="time" unit="duration"/>
    <level _seq="94" _title="Follow the Leader" _xpath="enigma_ii/martin71_2" author="Martin Hawlisch" ctrl="force" easy="true" id="martin71" rel="2" rev="4" score="2" target="time" unit="duration"/>
    <level _seq="95" _title="Bumperball" _xpath="enigma_iii/duffy15_2" author="Jacob Scott" ctrl="force" easy="false" id="duffy15" rel="2" rev="3" score="1" target="time" unit="duration"/>
    <level _seq="96" _title="Where am I?" _xpath="enigma_i/martin68_1" author="Martin Hawlisch" ctrl="force" easy="false" id="martin68" rel="1" rev="0" score="1" target="time" unit="duration"/>
    <level _seq="97" _title="Space Travels" _xpath="enigma_i/siegfried30_1" author="Siegfried Fennig" ctrl="force" easy="false" id="level10b" rel="1" rev="1" score="1" target="time" unit="duration"/>
    <level _seq="98" _title="Gopher It" _xpath="enigma_ii/nat34_2" author="Nat Pryce" ctrl="force" easy="false" id="natmaze3" rel="2" rev="1" score="1" target="time" unit="duration"/>
    <level _seq="99" _title="- Meditation -" _xpath="enigma_i/ant24_2" author="Petr Machata" ctrl="force" easy="false" id="ant24" rel="2" rev="2" score="1" target="time" unit="duration"/>
    <level _seq="100" _title="Spiders" _xpath="enigma_v/ant26_2" author="Petr Machata" ctrl="force" easy="false" id="ant26" rel="2" rev="1" score="1" target="time" unit="duration"/>
    <level _seq="101" _title="Meditation Puzzle" _xpath="enigma_iv/duffy01_2" author="Jacob Scott" ctrl="force" easy="false" id="duffy1" rel="2" rev="2" score="1" target="time" unit="duration"/>
    <level _seq="102" _title="Come To Me" _xpath="enigma_ii/ant20_2" author="Petr Machata" ctrl="force" easy="false" id="ant20" rel="2" rev="2" score="2" target="time" unit="duration"/>
    <level _seq="103" _title="Corridors" _xpath="enigma_ii/siegfried29_1" author="Siegfried Fennig" ctrl="force" easy="false" id="level9f" rel="1" rev="0" score="1" target="time" unit="duration"/>
    <level _seq="104" _title="Dustwalkers" _xpath="enigma_ii/ant06_1" author="Petr Machata" ctrl="force" easy="false" id="ant06" rel="1" rev="0" score="1" target="time" unit="duration"/>
    <level _seq="105" _title="Laser Spiral" _xpath="enigma_ii/duffy03_2" author="Jacob Scott" ctrl="force" easy="false" id="duffy3" rel="2" rev="2" score="2" target="time" unit="duration"/>
    <level _seq="106" _title="Everhungry" _xpath="enigma_iii/ant32_1" author="Petr Machata" ctrl="force" easy="false" id="ant32" rel="1" rev="0" score="1" target="time" unit="duration"/>
    <level _seq="107" _title="The Turtle" _xpath="enigma_iii/ant05_1" author="Petr Machata" ctrl="force" easy="false" id="ant05" rel="1" rev="1" score="1" target="time" unit="duration"/>
    <level _seq="108" _title="Grow Your Own" _xpath="enigma_iii/nat36_2" author="Nat Pryce" ctrl="force" easy="false" id="natmaze5" rel="2" rev="1" score="1" target="time" unit="duration"/>
    <level _seq="109" _title="- Meditation -" _xpath="enigma_ii/siegfried37_2" author="Siegfried Fennig" ctrl="force" easy="false" id="meditation16" rel="2" rev="2" score="1" target="time" unit="duration"/>
    <level _seq="110" _title="Draggers" _xpath="enigma_v/ant21_2" author="Petr Machata" ctrl="force" easy="true" id="ant21" rel="2" rev="5" score="1" target="time" unit="duration"/>
    <level _seq="111" _title="The Disappearing Block" _xpath="enigma_ii/duffy02_2" author="Jacob Scott" ctrl="force" easy="false" id="duffy2" rel="2" rev="3" score="2" target="time" unit="duration"/>
    <level _seq="112" _title="Space Fishing" _xpath="enigma_iii/martin73_2" author="Martin Hawlisch" ctrl="force" easy="false" id="martin73" rel="2" rev="1" score="1" target="time" unit="duration"/>
    <level _seq="113" _title="Robbery" _xpath="enigma_iv/ant29_2" author="Petr Machata" ctrl="force" easy="false" id="ant29" rel="2" rev="1" score="2" target="time" unit="duration"/>
    <level _seq="114" _title="Go!" _xpath="enigma_iv/ant02_1" author="Petr Machata" ctrl="force" easy="false" id="ant02" rel="1" rev="0" score="1" target="time" unit="duration"/>
    <level _seq="115" _title="Laser Magic" _xpath="enigma_ii/ant30_2" author="Petr Machata" ctrl="force" easy="false" id="ant30" rel="2" rev="1" score="1" target="time" unit="duration"/>
    <level _seq="116" _title="Cannonball" _xpath="enigma_iv/ant11_1" author="Petr Machata" ctrl="force" easy="false" id="ant11" rel="1" rev="2" score="1" target="time" unit="duration"/>
    <level _seq="117" _title="Islands" _xpath="enigma_i/duffy10_3" author="Jacob Scott" ctrl="force" easy="false" id="duffy10" rel="3" rev="3" score="2" target="time" unit="duration"/>
    <level _seq="118" _title="Space Walk" _xpath="enigma_iii/nat35_2" author="Nat Pryce" ctrl="force" easy="false" id="natmaze4" rel="2" rev="0" score="2" target="time" unit="duration"/>
    <level _seq="119" _title="- Meditation -" _xpath="enigma_i/siegfried36_2" author="Siegfried Fennig" ctrl="force" easy="false" id="meditation15" rel="2" rev="4" score="1" target="time" unit="duration"/>
    <level _seq="120" _title="Jump!" _xpath="enigma_i/duffy07_2" author="Jacob Scott" ctrl="force" easy="false" id="duffy7" rel="2" rev="3" score="1" target="time" unit="duration"/>
    <level _seq="121" _title="Checkerboard" _xpath="enigma_iii/duffy08_2" author="Jacob Scott" ctrl="force" easy="false" id="duffy8" rel="2" rev="2" score="1" target="time" unit="duration"/>
    <level _seq="122" _title="Circularity" _xpath="enigma_iv/ant10_2" author="Petr Machata" ctrl="force" easy="true" id="ant10" rel="2" rev="1" score="2" target="time" unit="duration"/>
    <level _seq="123" _title="Just Moving Blocks?" _xpath="enigma_iv/duffy05_2" author="Jacob Scott" ctrl="force" easy="true" id="duffy5" rel="2" rev="4" score="2" target="time" unit="duration"/>
    <level _seq="124" _title="Slinky-Racing" _xpath="enigma_iv/duffy14_2" author="Jacob Scott" ctrl="force" easy="true" id="duffy14" rel="2" rev="2" score="1" target="time" unit="duration"/>
    <level _seq="125" _title="Boulder-Puzzle" _xpath="enigma_iv/duffy06_2" author="Jacob Scott" ctrl="force" easy="false" id="duffy6" rel="2" rev="3" score="1" target="time" unit="duration"/>
    <level _seq="126" _title="Wild" _xpath="enigma_iii/ant28_2" author="Petr Machata" ctrl="force" easy="false" id="ant28" rel="2" rev="1" score="1" target="time" unit="duration"/>
    <level _seq="127" _title="The Document" _xpath="enigma_i/duffy04_2" author="Jacob Scott" ctrl="force" easy="false" id="duffy4" rel="2" rev="3" score="1" target="time" unit="duration"/>
    <level _seq="128" _title="Double-Maze" _xpath="enigma_iii/duffy09_2" author="Jacob Scott" ctrl="force" easy="false" id="duffy9" rel="2" rev="4" score="1" target="time" unit="duration"/>
    <level _seq="129" _title="- Meditation -" _xpath="enigma_peroxyd/peroxydlink60_3" author="Siegfried Fennig" ctrl="force" easy="false" id="meditation17" rel="3" rev="2" score="2" target="time" unit="duration"/>
    <level _seq="130" _title="Chained" _xpath="enigma_iv/ant22_2" author="Petr Machata" ctrl="force" easy="true" id="ant22" rel="2" rev="4" score="2" target="time" unit="duration"/>
    <level _seq="131" _title="Just a Maze?" _xpath="enigma_vi/duffy12_1" author="Jacob Scott" ctrl="force" easy="false" id="duffy12" rel="1" rev="1" score="1" target="time" unit="duration"/>
    <level _seq="132" _title="The Race" _xpath="enigma_iv/duffy11_2" author="Jacob Scott" ctrl="force" easy="true" id="duffy11" rel="2" rev="2" score="2" target="time" unit="duration"/>
    <level _seq="133" _title="Double-Spiral" _xpath="enigma_iv/duffy17_3" author="Jacob Scott" ctrl="force" easy="false" id="duffy17" rel="3" rev="4" score="2" target="time" unit="duration"/>
    <level _seq="134" _title="Mourning Palace" _xpath="enigma_iv/ant08_2" author="Petr Machata" ctrl="force" easy="false" id="ant08" rel="2" rev="1" score="1" target="time" unit="duration"/>
    <level _seq="135" _title="Control Panel" _xpath="enigma_iii/duffy16_2" author="Jacob Scott" ctrl="force" easy="false" id="duffy16" rel="2" rev="2" score="1" target="time" unit="duration"/>
    <level _seq="136" _title="Dependants" _xpath="enigma_iii/ant25_2" author="Petr Machata" ctrl="force" easy="true" id="ant25" rel="2" rev="3" score="2" target="time" unit="duration"/>
    <level _seq="137" _title="Question of Speed" _xpath="enigma_ii/siegfried32_1" author="Siegfried Fennig" ctrl="force" easy="false" id="level11b" rel="1" rev="0" score="1" target="time" unit="duration"/>
    <level _seq="138" _title="Pain" _xpath="enigma_iv/ant27_2" author="Petr Machata" ctrl="force" easy="false" id="ant27" rel="2" rev="1" score="1" target="time" unit="duration"/>
    <level _seq="139" _title="- Meditation -" _xpath="enigma_iv/ant23_2" author="Petr Machata" ctrl="force" easy="true" id="ant23" rel="2" rev="4" score="1" target="time" unit="duration"/>
    <level _seq="140" _title="Domain of Mysteries" _xpath="enigma_ii/siegfried31_2" author="Siegfried Fennig" ctrl="force" easy="false" id="level11a" rel="2" rev="1" score="1" target="time" unit="duration"/>
  </levels>

</index>
