<?xml version="1.0" encoding="UTF-8" standalone="no" ?>
<el:level xmlns:xsi="http://www.w3.org/2001/XMLSchema-instance" xsi:schemaLocation="http://enigma-game.org/schema/level/1 level.xsd" xmlns:el="http://enigma-game.org/schema/level/1">
  <el:protected>
    <el:info el:type="level">
      <el:identity el:title="Go with the Flow" el:id="ash27"/>
      <el:version el:score="2" el:release="2" el:revision="1" el:status="released"/>
      <el:author el:name="Ash"/>
      <el:copyright>Copyright © 2006 Ash</el:copyright>
      <el:license el:type="GPL v2.0 or above" el:open="true"/>
      <el:compatibility el:enigma="1.20"/>
      <el:modes el:easy="false" el:single="true" el:network="false"/>
      <el:score el:easy="-" el:difficult="-"/>
    </el:info>
    <el:luamain><![CDATA[
ti[" "] = {"fl_tigris"}
ti["~"] = {"fl_water"}
ti["-"] = {"fl_swamp"}
ti["#"] = {"st_ancient"}
ti["+"] = {"st_box"}
ti[","] = {"it_squashed"}
ti["M"] = {"st_dispenser_bombblack"}
ti["B"] = ti[","] .. {"st_boulder", name="boulder#"}
ti["S"] = {"st_switch", target="boulder#*", action="flip"}
ti["1"] = {"st_timer", name="T1", state=ON, target="boulder#*", action="flip", interval=3}
ti["2"] = {"st_timer", name="T2", state=OFF, target="boulder#*", action="flip", interval=3}
ti["3"] = {"st_timer", name="T3", state=ON, target="T2", action="on", loop=false, interval=0.5}
ti["."] = {"it_seed"}
ti["O"] = {"st_oxyd", flavor="a"}
ti["@"] = {"#ac_marble_black"}

wo(ti, " ", {
    "####################",
    "####################",
    "#####  #   O########",
    "#####  +   #########",
    "#####  ##+######,###",
    "##### ###       BO##",
    "#####+###  # @ #####",
    "##---   ####    , ##",
    "##-##+#      #-#BO##",
    "##-#  ########-#####",
    "##-#   ~~~~ .#-#1###",
    "##-###########-#3###",
    "##------      -#2###",
    "#######-#M####-#####",
    "#######-#M#  #-#####",
    "#######-#M#   -#####",
    "#######-#M# S -#####",
    "#######-#M####-#####",
    "######--#M#  #-#####",
    "####O -##M##  -#####",
    "######-#   #O -#####",
    "####O -# O ###-#####",
    "######-#####---#####",
    "####O -------#######",
    "####################",
    "####################"})

wo:shuffleOxyd()
 ]]></el:luamain>
    <el:i18n>
      <el:string el:key="title">
        <el:english el:translate="false"/>
      </el:string>
    </el:i18n>
  </el:protected>
</el:level>
