<?xml version="1.0" encoding="UTF-8" standalone="no" ?>
<el:level xmlns:xsi="http://www.w3.org/2001/XMLSchema-instance" xsi:schemaLocation="http://enigma-game.org/schema/level/1 level.xsd" xmlns:el="http://enigma-game.org/schema/level/1">
  <el:protected>
    <el:info el:type="level">
      <el:identity el:title="What a ..." el:subtitle="" el:id="devnull30"/>
      <el:version el:score="1" el:release="2" el:revision="3" el:status="released"/>
      <el:author el:name="/dev/null" el:email="" el:homepage=""/>
      <el:copyright>Copyright © 2009, 2010 dev0</el:copyright>
      <el:license el:type="GPL v2.0 or above" el:open="true"/>
      <el:compatibility el:enigma="1.10"/>
      <el:modes el:easy="true" el:single="true" el:network="false"/>
      <el:score el:easy="1:00" el:difficult="1:00"/>
    </el:info>
    <el:luamain><![CDATA[
wo["AutoRespawn"] = not wo["IsDifficult"]

ti["~"] = {"fl_water"}
ti[" "] = {"fl_concrete"}
ti["#"] = ti["~"] .. {"st_granite"}
ti["."] = {"it_springboard"}
ti["w"] = {"it_wormhole", strength=0, destination="start"}
ti["l"] = {"it_extralife"}
ti["O"] = {"st_oxyd", oxydcolor=OXYD_BLUE}
ti["@"] = ti({"fl_concrete", name="start"}) .. {"#ac_marble_black"}

wo(ti, " ", {
    "##################O#",
    "Ow~#~ .~~  .~#~~#~~#",
    "#l~#~ ~~~~~~~~~~#~~#",
    "#~~#~~~#####~~ ~#~.#",
    "#~~#~.~~~~~~#~.~#~ #",
    "#~~~~  ~.@ ~#~~~~~ #",
    "#.~#~~~~~~.~#~~~~~.#",
    "# ~~####~~~~~#~ .~~#",
    "# ~~~~~#~~~ ~#~ ~~~#",
    "#.~~. ~~##~.~#~.~###",
    "#~~~~ ~~~~~~~#~~~~~#",
    "#~~#~~~~. ~~#~~~~lwO",
    "#O##################"})
 ]]></el:luamain>
    <el:i18n>
      <el:string el:key="title">
        <el:english el:translate="false"/>
      </el:string>
    </el:i18n>
  </el:protected>
</el:level>
