<?xml version="1.0" encoding="UTF-8" standalone="no" ?>
<el:level xmlns:xsi="http://www.w3.org/2001/XMLSchema-instance" xsi:schemaLocation="http://enigma-game.org/schema/level/1 level.xsd" xmlns:el="http://enigma-game.org/schema/level/1">
  <el:protected>
    <el:info el:type="level">
      <el:identity el:title="Suckerfish I" el:subtitle="" el:id="devnull51"/>
      <el:version el:score="1" el:release="1" el:revision="7" el:status="released"/>
      <el:author el:name="/dev/null" el:email="" el:homepage=""/>
      <el:copyright>Copyright © 2009, 2010 dev0</el:copyright>
      <el:license el:type="GPL v2.0 or above" el:open="true"/>
      <el:compatibility el:enigma="1.10"/>
      <el:modes el:easy="false" el:single="true" el:network="true"/>
      <el:comments>
        <el:credits el:showinfo="true" el:showstart="false">Valuable improvements (coding, layout, design) by Raoul Bourquin. Thanks alot.</el:credits>
      </el:comments>
      <el:score el:easy="-" el:difficult="12:34"/>
    </el:info>
    <el:luamain><![CDATA[
wo["AutoRespawn"] = true
wo["AllowSuicide"] = false

ti["  "] = {"fl_red", friction = 5.0, adhesion = 2.0}
ti[" ;"] = {"fl_dark"}
ti[" ,"] = {"fl_hay"}
ti[" ."] = {"fl_abyss"}
ti["# "] = {"st_rawglass_quad"}
ti["- "] = {"st_rawglass_movable"}
ti["7 "] = {"st_oneway_n", color = WHITE}
ti["4 "] = {"st_oneway_w", color = WHITE}
ti["1 "] = {"st_oneway_s", color = WHITE}
ti["f "] = {"st_flat_breakable"}
ti["m "] = {"st_flat_movable"}
ti["F "] = {"st_flat"}
ti["H "] = {"st_flat_hollow"}
ti["+ "] = {"st_box_hay"}
ti["T "] = {"st_turnstile", flavor = "green"}
ti["ts"] = ti[" ."] .. {"st_turnstilearm", orientation = SOUTH}
ti["te"] = ti[" ."] .. {"st_turnstilearm", orientation = EAST}
ti["< "] = {"st_laser_w", name = "laserW"}
ti[" <"] = {"it_trigger", target = "laserW"}
ti["Me"] = {"st_mail_e"} .. ti({"it_pipe_ew"})
ti["Mw"] = {"st_mail_w"} .. ti({"it_pipe_ew"})
ti["S "] = {"st_mirror"}
ti["Z "] = {"st_invisible"}
ti["Ps"] = ti["Z "] .. ti[" ."] .. {"it_pipe_sw"}
ti["Pw"] = ti["Z "] .. ti[" ."] .. {"it_pipe_nw"}
ti["Pn"] = ti["Z "] .. ti[" ."] .. {"it_pipe_ne"}
ti["Pe"] = ti["Z "] .. ti[" ."] .. {"it_pipe_es"}
ti["P|"] = ti["Z "] .. ti[" ."] .. {"it_pipe_ns"}
ti["P_"] = ti["Z "] .. ti[" ."] .. {"it_pipe_ew"}
ti["l "] = {"it_extralife"}
ti["s "] = {"it_seed_hay"}
ti[" c"] = {"it_coin_s"}
ti[" h"] = {"it_hammer"}
ti[" w"] = {"it_wrench"}
ti[" d"] = {"it_document", text = "text1"}
ti["keys"] = ti["  "] .. {"it_key", code = "%%", invisible = false}
ti["doors"] = {"st_door_b", name = "doorK%%"}
ti["lockD"] = {"st_key", code = "%%", target = "doorK%%", invisible = false}
ti["lockB"] = {"st_key", code = "%%", target = "bridgeB%%#*", invisible = false}
ti["lockW"] = {"st_key", code = "%%", target = "bridgeW%%#*", invisible = false}
ti["vortex"] = ti[" ;"] .. {"it_vortex", name = "vortex%%", autoclose = true, autoopen = true, destination = "v%%"}
ti["vortexDest"] = {"fl_dark", name = "v%%"}
ti["bridgesBlack"] = {"fl_bridge_gc", name = "bridgeB%%#", adhesion = 1.8}
ti["bridgesWhite"] = {"fl_bridge_gc", name = "bridgeW%%#", adhesion = 1.8}
ti["o "] = ti({"st_quake"}) .. {"it_meditation_dent"}
ti["@0"] = {"#ac_pearl_black", owner = YIN, controllers = CTRL_YIN, essential = INDISPENSABLE} .. ti({"fl_dark", name = "v%0"})
ti["@1"] = {"#ac_pearl_white", owner = YANG, controllers = CTRL_YANG, essential = INDISPENSABLE} .. ti({"fl_dark", name = "v%1"})

local resAutotile = res.autotile(ti, {"b", "bridgesBlack"}, {"B", "lockB"},
                                     {"w", "bridgesWhite"}, {"W", "lockW"},
                                     {"V", "vortex"}, {"v", "vortexDest"},
                                     {"k", "keys"}, {"L", "lockD"}, {"D", "doors"})

wo(res.composer(resAutotile), "  ", {
    " . . . . . . . . . . . . . . . . . . . . . . . . . . . . . . . . . . . . . . .",
    " . . . . . . . . . . . . . . . . . . . . . . . . . . . . . . . . . . . . . . .",
    " . . . . . . . . . . . . . . . . . . . . . . . . . . . . . . . . . . . . . . .",
    " . . . . . . . . . . . . . . . . . . . . . . . . . . . . . . . . . . . . . . .",
    " . . . . . . . . . . . . . . . . . . . . . . . . . . . . . . . . . . . . . . .",
    " . . . . . . . . . . . . . . . . . . . . . . . . . . . . . . . . . . . . . . .",
    " . . . .o;b8b6b4b2w1w3w5w7@0V2 . . . . . . . . .V3@1b8b6b4b2w1w3w5w7o; . . . .",
    " . . . . . . . . . . . . . . . . . . . . . . . . . . . . . . . . . . . . . . .",
    " . . . . . . . . . . . . . . . . . . . . . . . . . . . . . . . . . . . . . . .",
    " . . . . . . . . . . . . . . . . . . . . . . . . . . . . . . . . . . . . . . .",
    " . . . . . . . . . . . . . . . . . . . . . . . . . . . . . . . . . . . . . . .",
    " . . . . . . . . . . . . . . . . . . . . . . . . . . . . . . . . . . . . . . .",
    " . . . . . . . . . . . . . . . . . . . . . . . . . . . . . . . . . . . . . . .",
    " . . . . . . . . . . . . . . . . . . . . . . . . . . . . . . . . . . . . . . .",
    " . .  kxLx# #             #    . . . . . . . . .                       . . . .",
    " . .  # #     #   #   - -   #  . . . . . . . .+ #, .+. .+. .+. .+. .+ #,LY . .",
    " . .    #   - #     #   k7W1   . .V0 . . .V5 .7 #,   .   .   .   .   .#,   . .",
    " . .#     -       -   # # # #  . . ;l;Mw ; ; .   .+ #,+.#,+.#,+.#,+.#,B4   . .",
    " . .    #   #   # -           DY  v2 . . .v7    4  . . . . . . . . . .+c . . .",
    " . .#   #   #       # # - # #  . . ; ;Mel; ; .   .#,+ #,+.#,+.#,+.#,+.W3   . .",
    " . .H   -     # #   #          . .V4 . . .V1 .1 #,   .   .   .   .   .#,   . .",
    " . .      # # #     -   k8# B2 . . . . . . . .+ #, .+. .+. .+. .+. .+ #,Ly . .",
    " . .  #   DX      #     #   #  . . . . . . . . .                       . . . .",
    " . . . . . . . . . . . . . . . . . . . . . . . . . . . . . . . . . . . . . . .",
    " . . . . . . . . . . . . . . . . . . . . . . . . . . . . . . . . . . . . . . .",
    " . . . . . . . . . . . . . . . . . . . . . . . . . . . . . . . . . . . . . . .",
    " . . . .    #, .+   #,       . . . . . . . . .        #,  #,  #,  #,  #,   . .",
    " . .+ +.#,+  .   . .   .#,  +  . . . . . . . .  # -         -   #,  #,     . .",
    " . .     .  +   # + #,         . .V2 . . .V3 .7 #,  #,  #,  #,-   -     #, . .",
    " . .#,+.#, .#, . .+  .  #,  #, . . ; . . . ; .  #,k5#,-   +  .  -   #,     . .",
    " . . .       .    #,+  . .      + v4 . . .v5  Dx4  .#,  #,#,+ #,    #,  #, . .",
    " . .   .#, .+ +. . . .         . . ; . . . ; .  #,    +  .    #,  #,  -    . .",
    " . . .  +   #, .#, .#, .#, .#  . .V6 . . .V7 .1 #,         . .LX-   #,     . .",
    " . .#,+      .   .  +  .  +  . . . . . . . . .  #,#, . .T.te .#,kX-   #,   . .",
    " . .ky .#,  #,      #,    # k1 . . . . . . . .          ts    k6#,         . .",
    " . . . . . . . . . . . . . . . . . . . . . . . . . . . . . . . . . . . . . . .",
    " . . . . . . . . . . . . . . . . . . . . . . . . . . . . . . . . . . . . . . .",
    " . . . . . . . . . . . . . . . . . . . . . . . . . . . . . . . . . . . . . . .",
    " . .k4    F       B6F       F  . . . . . . . .      f         f     f f W7 . .",
    " . .   .      F   F     F      . . . . . . . .f F F F F f F F F F F F H H Z. .",
    " . .  te  S s.   .f   F        . .V4 . . .V1 .  H F H f H F H H H H F H kYZ. .",
    " . .       .   .T.teF     F    . . ; ;Mel; ; .F H F F H f F f F F F F H   Z. .",
    " . .   .  S. .  ts   .  < H<      v6 . . .v3  DyHdH F F H H H mwf.H F F m Z. .",
    " . . .T. . .   . .  F     F    . . ;l;Mw ; ; .F F H H F H f F F F H F H   Z. .",
    " . .   .s.S     + f  .F        . .V0 . . .V5 .  F F H F F H H f H H F H k2Z. .",
    " . . . .   .  F   F     F      . . . . . . . .f F H H H F F H F F F F H H Z. .",
    " . .k3    F       W5F       F  . . . . . . . .      F         f     F f B8 . .",
    " . . . . . . . . . . . . . . . . . . . . . . . . . . . . . . . . . . . . . . .",
    " . . . . . . . . . . . . . . . . . . . . . . . . . . . . . . . . . . . . . . ."})
 ]]></el:luamain>
    <el:i18n>
      <el:string el:key="title">
        <el:english el:translate="false"/>
      </el:string>
      <el:string el:key="text1">
        <el:english el:translate="true">No clear view? How about visiting an optician?</el:english>
        <el:translation el:lang="de">Kein Durchblick? Wie wär's mit einem Besuch beim Optiker?</el:translation>
      </el:string>
    </el:i18n>
  </el:protected>
</el:level>
