<?xml version="1.0" encoding="UTF-8" standalone="no" ?>
<el:level xmlns:xsi="http://www.w3.org/2001/XMLSchema-instance" xsi:schemaLocation="http://enigma-game.org/schema/level/1 level.xsd" xmlns:el="http://enigma-game.org/schema/level/1">
  <el:protected>
    <el:info el:type="level">
      <el:identity el:title="Hidden Meditation" el:subtitle="" el:id="devnull129"/>
      <el:version el:score="1" el:release="1" el:revision="1" el:status="released"/>
      <el:author el:name="/dev/null" el:email="" el:homepage=""/>
      <el:copyright>Copyright © 2012 /dev/null</el:copyright>
      <el:license el:type="GPL v2.0 or above" el:open="true"/>
      <el:compatibility el:enigma="1.10" />
      <el:modes el:easy="true" el:single="true" el:network="false"/>
      <el:score el:easy="-" el:difficult="0:44"/>
    </el:info>
    <el:luamain><![CDATA[
wo["AutoRespawn"] = true
wo["AllowSuicide"] = false
wo["WormholeStrength"] = 0.0
wo["ProvideExtralifes"] = false

ti["  "] = {"fl_white"}
ti["b "] = {"st_passage_black", flavor="frame"}
ti["B "] = {"st_passage_black", flavor="square"}
ti["w "] = {"st_passage_white", flavor="frame"}
ti["W "] = {"st_passage_white", flavor="square"}
ti[". "] = cond(wo["IsDifficult"], ti["B "], ti["b "])
ti["= "] = cond(wo["IsDifficult"], ti["W "], ti["w "])
ti["wormholes"] = ti["B "] .. {"it_wormhole", destination="hole%%", range=0.0}
ti["meditations"] = ti["w "] .. {"it_meditation", name="hole%%"}
ti["@ "] = ti({"fl_white"}) .. {"#ac_pearl_black", owner=YIN, controllers=CTRL_YIN, essential=INDISPENSABLE}

wo(res.autotile(ti, {"o", "wormholes"}, {"O", "meditations"}), "  ", {
    "O1w w w w w w w w w w w w w w w w w O2",
    "w @ . . . . . . . . . . . . . . . @ w ",
    "w . w w w . = = = B = = = . w w w . w ",
    "w . w o4B . . . B B B . . . B B w . w ",
    "w . w B = = = . w w w . = = = B w . w ",
    "w . . . = B B . . B . . B o3= . . . w ",
    "w . = = = B w w w B w w w B = = = . w ",
    "w . . . = o2B . . B . . B B = . . . w ",
    "w . w B = = = . w w w . = = = B w . w ",
    "w . w B B . . . B B B . . . B o1w . w ",
    "w . w w w . = = = B = = = . w w w . w ",
    "w @ . . . . . . . . . . . . . . . @ w ",
    "O4w w w w w w w w w w w w w w w w w O3"})
 ]]></el:luamain>
    <el:i18n>
      <el:string el:key="title">
        <el:english el:translate="false"/>
      </el:string>
    </el:i18n>
  </el:protected>
</el:level>
