<?xml version="1.0" encoding="UTF-8" standalone="no" ?>
<el:level xmlns:xsi="http://www.w3.org/2001/XMLSchema-instance" xsi:schemaLocation="http://enigma-game.org/schema/level/1 level.xsd" xmlns:el="http://enigma-game.org/schema/level/1">
  <el:protected>
    <el:info el:type="level">
      <el:identity el:title="Spacer V" el:subtitle="" el:id="devnull82"/>
      <el:version el:score="1" el:release="1" el:revision="3" el:status="released"/>
      <el:author el:name="/dev/null" el:email="" el:homepage=""/>
      <el:copyright>Copyright © 2010 /dev/null</el:copyright>
      <el:license el:type="GPL v2.0 or above" el:open="true"/>
      <el:compatibility el:enigma="1.10">
        <el:dependency el:path="lib/libpuzzle" el:id="lib/libpuzzle" el:release="3" el:preload="true"/>
      </el:compatibility>
      <el:modes el:easy="false" el:single="true" el:network="false"/>
      <el:score el:easy="-" el:difficult="1:21"/>
    </el:info>
    <el:luamain><![CDATA[
wo["AutoRespawn"] = true
wo["AllowSuicide"] = false
wo["FallenPuzzle"] = "=  "

ti["  "] = {"fl_mortar"}
ti[" ."] = {"fl_abyss"}
ti["# "] = {"st_bluesand"}
ti["S "] = {"st_swap", name="swap"}
ti["pa"] = {"st_puzzle_blue", name="pa", connections="e", intensity=0}
ti["pb"] = {"st_puzzle_blue", name="pb", connections="s", intensity=0}
ti["pc"] = {"st_puzzle_blue", name="pc", connections="ns", intensity=0}
ti["pd"] = {"st_puzzle_blue", name="pd", connections="nw", intensity=0}
ti["P"] = {"st_puzzle", intensity=0}
ti["Q"] = ti[" ."] .. {"st_puzzle", intensity=0}
ti["O "] = {"st_oxyd_d", flavor="d", oxydcolor=OXYD_BLUE}
ti["@ "] = {"#ac_marble_black"}

wo(res.composer(res.puzzle(ti, "P", "Q")), "  ", {
    "#.#.#.#.#. . . . . . . . . . . . . . .",
    "#.@     #. . . . . . . . . . . . . . .",
    "#.  S   #. . . . . . . . . . . . . . .",
    "#.       . . . . . .      PfPa       .",
    "#.#.#. . . . . . . .        paPePc   .",
    " . . . . . . . . . .    PdPiPb  PlPa .",
    " . . . . . . . . . .      PfPa       .",
    " . . . . . . . . . .    PfpdPlQePapb .",
    " . . . . . . . . . .    Ph    QdPgPi .",
    " . . . . . . . . . .    pc     .Qh . .",
    "#.O. . . . . . . . . . . . . . . .O.#.",
    "#.#. . . . . . . . . . . . . . . .#.#."})

wo:add({"ot_wire", anchor1="swap", anchor2="pa"})
wo:add({"ot_wire", anchor1="swap", anchor2="pb"})
wo:add({"ot_wire", anchor1="swap", anchor2="pc"})
wo:add({"ot_wire", anchor1="swap", anchor2="pd"})
 ]]></el:luamain>
    <el:i18n>
      <el:string el:key="title">
        <el:english el:translate="false"/>
      </el:string>
    </el:i18n>
  </el:protected>
</el:level>
