<?xml version="1.0" encoding="UTF-8" standalone="no" ?>
<el:level xmlns:xsi="http://www.w3.org/2001/XMLSchema-instance" xsi:schemaLocation="http://enigma-game.org/schema/level/1 level.xsd" xmlns:el="http://enigma-game.org/schema/level/1">
  <el:protected>
    <el:info el:type="level">
      <el:identity el:title="Nice Neighbour" el:subtitle="" el:id="devnull137"/>
      <el:version el:score="1" el:release="1" el:revision="1" el:status="released"/>
      <el:author el:name="/dev/null" el:email="" el:homepage=""/>
      <el:copyright>Copyright © 2012 /dev/null</el:copyright>
      <el:license el:type="GPL v2.0 or above" el:open="true"/>
      <el:compatibility el:enigma="1.10"/>
      <el:modes el:easy="false" el:single="true" el:network="true"/>
      <el:score el:easy="-" el:difficult="1:51"/>
    </el:info>
    <el:luamain><![CDATA[
wo["AutoRespawn"] = true
wo["AllowSuicide"] = false

ti["  "] = {"fl_wood"}
ti[" ~"] = {"fl_water"}
ti["# "] = {"st_granite"}
ti["+ "] = {"st_box_wood"}
ti["X "] = {"st_grate"}
ti["Y "] = {"st_blur", flavor="cross"}
ti["B "] = {"st_passage_black", flavor="frame"}
ti["W "] = {"st_passage_white", flavor="frame"}
ti["s "] = {"it_seed"}
ti["O "] = {"st_oxyd_a", name="oxydsEAST#"}
ti["0 "] = {"st_oxyd_a", name="oxydsWEST#"}
ti["@B"] = {"#ac_marble_black", name="bigBlack", owner=YIN, controllers=CTRL_YIN, essential=INDISPENSABLE}
ti["@W"] = {"#ac_marble_white", name="bigWhite", owner=YANG, controllers=CTRL_YANG, essential=INDISPENSABLE}

wo(res.composer(ti), "  ", {
    " ~# 0 0 0 0 #  ~ ~ ~ ~ ~# O O O O #  ~",
    " ~# W W W W W #  ~ ~ ~ ~# B B B B #  ~",
    " ~#  ~ ~ ~ ~ ~W #  ~ ~ ~#  ~W W @W#  ~",
    " ~# s~     ~+   W #  ~ ~#   +~+  ~#  ~",
    " ~#    ~+~ ~ ~X~  W #  ~# B   s~ ~#  ~",
    " ~# W  ~B  ~B   +~ ~W # #    ~+~W #  ~",
    " ~#  ~+~+ + # B   X~  W # Y  ~+~  #  ~",
    " ~# + B   B # # B  ~+~  W   W  ~B #  ~",
    " ~#  ~   ~ ~#  ~# B   X~+~ ~ ~+ + #  ~",
    " ~# @BB Y  ~#  ~ ~# B    ~+  ~    #  ~",
    " ~# B +~ ~ ~#  ~ ~ ~# B  ~ ~ ~ ~ ~#  ~",
    " ~# W W W W #  ~ ~ ~ ~# B B B B B #  ~",
    " ~# 0 0 0 0 #  ~ ~ ~ ~ ~# O O O O #  ~"})

wo:shuffleOxyd({"oxydsWEST#*", max=0}, {"oxydsEAST#*", max=0})
 ]]></el:luamain>
    <el:i18n>
      <el:string el:key="title">
        <el:english el:translate="false"/>
      </el:string>
    </el:i18n>
  </el:protected>
</el:level>
