<?xml version="1.0" encoding="UTF-8" standalone="no" ?>
<el:level xmlns:xsi="http://www.w3.org/2001/XMLSchema-instance" xsi:schemaLocation="http://enigma-game.org/schema/level/1 level.xsd" xmlns:el="http://enigma-game.org/schema/level/1">
  <el:protected>
    <el:info el:type="level">
      <el:identity el:title="See my pony run" el:subtitle="" el:id="devnull107"/>
      <el:version el:score="1" el:release="1" el:revision="1" el:status="released"/>
      <el:author el:name="/dev/null" el:email="" el:homepage=""/>
      <el:copyright>Copyright © 2012 /dev/null</el:copyright>
      <el:license el:type="GPL v2.0 or above" el:open="true"/>
      <el:compatibility el:enigma="1.10"/>
      <el:modes el:easy="false" el:single="true" el:network="true"/>
      <el:score el:easy="-" el:difficult="4:32"/>
    </el:info>
    <el:luamain><![CDATA[
wo["AutoRespawn"] = true
wo["AllowSuicide"] = false

ti["  "] = {"fl_wood"}
ti[" ~"] = {"fl_water"}
ti[" ."] = ti[" ~"] .. {"it_seed"}
ti["C "] = {"st_chess_black"}
ti["c "] = {"st_chess_white"}
ti["trigger"] = {"fl_scales_bridgewood", target="blocker%%"}
ti["blockerB"] = {"st_blocker", name="blocker%%"}
ti["Ob"] = ti[" ~"] .. {"st_oxyd", name="oxydBlack#", oxydcolor=OXYD_BLACK}
ti["Ow"] = ti[" ~"] .. {"st_oxyd", name="oxydWhite#", oxydcolor=OXYD_WHITE}
ti["@0"] = {"#ac_marble_black", owner=YIN, controllers=CTRL_YIN, essential=INDISPENSABLE}
ti["@1"] = {"#ac_marble_white", owner=YANG, controllers=CTRL_YANG, essential=INDISPENSABLE}

wo(res.composer(res.autotile(ti, {"t", "trigger"}, {"B", "blockerB"})), "  ", {
    " ~ ~ ~ ~ ~ ~ ~ ~ ~ ~ ~ ~ ~ ~ ~ ~ ~ ~ ~Ow",
    " ~  @0 .                         ~ ~Bz ~",
    " ~C C  ~ ~ ~ ~ ~ ~ ~ ~ ~ ~ ~ ~ . ~     ~",
    " ~     ~                         ~     ~",
    " ~  C  ~   ~ ~ ~ ~ ~ ~ ~ ~ ~ ~ ~ ~     ~",
    " ~C    ~   ~  taBbObtb ~ ~       ~  c  ~",
    " ~  C  ~ . ~   ~ ~ ~ ~ ~ ~ . ~ . ~     ~",
    " ~  C  ~       ~ ~tyObBytz   ~   ~     ~",
    " ~     ~ ~ ~ ~ ~ ~ ~ ~ ~ ~ ~ ~   ~c c  ~",
    " ~     ~   .                     ~c c  ~",
    " ~     ~   ~ ~ ~ ~ ~ ~ ~ ~ ~ ~ ~ ~  c  ~",
    " ~Ba ~ ~ .                     .  @1   ~",
    "Ow ~ ~ ~ ~ ~ ~ ~ ~ ~ ~ ~ ~ ~ ~ ~ ~ ~ ~ ~"})
 ]]></el:luamain>
    <el:i18n>
      <el:string el:key="title">
        <el:english el:translate="false"/>
      </el:string>
    </el:i18n>
  </el:protected>
</el:level>
