<?xml version="1.0" encoding="UTF-8" standalone="no" ?>
<el:level xmlns:xsi="http://www.w3.org/2001/XMLSchema-instance" xsi:schemaLocation="http://enigma-game.org/schema/level/1 level.xsd" xmlns:el="http://enigma-game.org/schema/level/1">
  <el:protected>
    <el:info el:type="level">
      <el:identity el:title="Spacer I" el:subtitle="" el:id="devnull78"/>
      <el:version el:score="1" el:release="1" el:revision="2" el:status="released"/>
      <el:author el:name="/dev/null" el:email="" el:homepage=""/>
      <el:copyright>Copyright © 2010 /dev/null</el:copyright>
      <el:license el:type="GPL v2.0 or above" el:open="true"/>
      <el:compatibility el:enigma="1.10">
        <el:dependency el:path="lib/libpuzzle" el:id="lib/libpuzzle" el:release="3" el:preload="true"/>
      </el:compatibility>
      <el:modes el:easy="false" el:single="true" el:network="false"/>
      <el:score el:easy="-" el:difficult="4:54"/>
    </el:info>
    <el:luamain><![CDATA[
wo["AutoRespawn"] = true
wo["AllowSuicide"] = false
wo["FallenPuzzle"] = "=  "

ti["# "] = {"st_camouflage"}
ti["= "] = {"st_camouflage_hollow"}
ti["+ "] = {"st_camouflage_movable"}
ti["  "] = {"fl_lawn"}
ti[" ."] = {"fl_abyss"}
ti["P"] = {"st_puzzle"}
ti["O "] = {"st_oxyd_d", oxydcolor=OXYD_PINE}
ti["@ "] = {"#ac_marble_black"}

wo(res.composer(res.puzzle(ti, "P")), "  ", {
    " . . . . . . . .#.#.#.#.#.#.#.#.",
    " . . . . .#.#.#.#.        #.  O.",
    "#.#.#.#.#.#.    #.  Pa    #.  O.",
    "#.              #.    #.#.#.  #.",
    "#.  #.#.  #.Pi  #.  #.#. . . .#.",
    "#.        #.    #.  #. . . . .#.",
    "#.#.  #.  #.    #.  #. . . . .#.",
    " .#.  #.  #.Pf#.#.  =  . . .#.#.",
    " .#.          #.@   #.  #.#.#. .",
    " .#.#.#.  #.Pf#.Pi    Ph  #. . .",
    " . .#.    Pf        #.+   #. . .",
    " . .#.      #.  #.        #. . .",
    " . .#.#.#.#.#.#.#.#.#.#.#.#. . ."})
 ]]></el:luamain>
    <el:i18n>
      <el:string el:key="title">
        <el:english el:translate="false"/>
      </el:string>
    </el:i18n>
  </el:protected>
</el:level>
