<?xml version="1.0" encoding="UTF-8" standalone="no" ?>
<el:level xmlns:xsi="http://www.w3.org/2001/XMLSchema-instance" xsi:schemaLocation="http://enigma-game.org/schema/level/1 level.xsd" xmlns:el="http://enigma-game.org/schema/level/1">
  <el:protected>
    <el:info el:type="level">
      <el:identity el:title="Pony trek" el:subtitle="" el:id="devnull106"/>
      <el:version el:score="1" el:release="1" el:revision="1" el:status="released"/>
      <el:author el:name="/dev/null" el:email="" el:homepage=""/>
      <el:copyright>Copyright © 2012 /dev/null</el:copyright>
      <el:license el:type="GPL v2.0 or above" el:open="true"/>
      <el:compatibility el:enigma="1.10"/>
      <el:modes el:easy="false" el:single="true" el:network="true"/>
      <el:score el:easy="-" el:difficult="5:43"/>
    </el:info>
    <el:luamain><![CDATA[
wo["AutoRespawn"] = true
wo["AllowSuicide"] = false

ti["  "] = {"fl_wood"}
ti[" ."] = {"fl_abyss"}
ti["C "] = {"st_chess_black"}
ti["c "] = {"st_chess_white"}
ti["# "] = {"st_thief"}
ti["x "] = {"it_bomb"}
ti["trigger"] = {"fl_scales_bridgewood", target="blocker%%", min=0.6}
ti["blockerB"] = {"st_blocker", name="blocker%%"}
ti["Ob"] = {"st_oxyd", name="oxydBlack#", oxydcolor=OXYD_BLACK}
ti["Og"] = {"st_oxyd", name="oxydBlack#", oxydcolor=OXYD_GRAY}
ti["Ow"] = {"st_oxyd", name="oxydWhite#", oxydcolor=OXYD_WHITE}
ti["@0"] = {"#ac_marble_black", owner=YIN, controllers=CTRL_YIN, essential=INDISPENSABLE}
ti["@1"] = {"#ac_marble_white", owner=YANG, controllers=CTRL_YANG, essential=INDISPENSABLE}

wo(res.composer(res.autotile(ti, {"t", "trigger"}, {"B", "blockerB"})), "  ", {
    " . . . . . . . . . . . . . . . . . . . .",
    " .tb     . .tc .     .  # # #     BzOb .",
    " .   .     .   .  tw .  c @1c  .    C. .",
    " .   . .             .  c # c  .  ByOg .",
    " .   .  te     .   . .              C. .",
    " .ta  Be       .x  . .            BxOw .",
    " . . . . . . . .Bd . .Bw . . . . . . . .",
    " .OwBc             . .x  .             .",
    " . .c              . .   .   . .   .   .",
    " .OgBb   .# C #    .      txBv         .",
    " . .c    .# @0C    .td   . .tz    tv . .",
    " .ObBa    # C #    .     .ty     . . . .",
    " . . . . . . . . . . . . . . . . . . . ."})
 ]]></el:luamain>
    <el:i18n>
      <el:string el:key="title">
        <el:english el:translate="false"/>
      </el:string>
    </el:i18n>
  </el:protected>
</el:level>
