<?xml version="1.0" encoding="UTF-8" standalone="no" ?>
<el:level xmlns:xsi="http://www.w3.org/2001/XMLSchema-instance" xsi:schemaLocation="http://enigma-game.org/schema/level/1 level.xsd" xmlns:el="http://enigma-game.org/schema/level/1">
  <el:protected>
    <el:info el:type="level">
      <el:identity el:title="Duopal Variation II" el:subtitle="" el:id="devnull53"/>
      <el:version el:score="1" el:release="1" el:revision="3" el:status="released"/>
      <el:author el:name="/dev/null" el:email="" el:homepage=""/>
      <el:copyright>Copyright © 2009, 2010 dev0</el:copyright>
      <el:license el:type="GPL v2.0 or above" el:open="true"/>
      <el:compatibility el:enigma="1.10"/>
      <el:modes el:easy="true" el:single="true" el:network="true"/>
      <el:score el:easy="15:00" el:difficult="17:00"/>
    </el:info>
    <el:luamain><![CDATA[
wo["AllowSuicide"] = false
wo["AutoRespawn"] = true

ti["#"] = {"st_redrock"}
ti[" "] = {"fl_rock"}
ti["~"] = {"fl_water"}
ti["X"] = {"st_box_hay"}
ti["Z"] = {"st_nil"}
ti["."] = {"st_oxyd_e", selection = {"=X", "=Z"}}
ti[","] = {"st_oxyd_e", selection = {"=#", "=Z"}}
ti["P"] = {"st_oxyd_e", name = "peepAll", selection = {"=X", "=Z"}}
ti["@"] = {"#ac_pearl_black", owner = YIN, controllers = CTRL_YIN, essential = INDISPENSABLE}
ti["*"] = {"#ac_pearl_white", owner = YANG, controllers = CTRL_YANG, essential = INDISPENSABLE}

wo(ti, " ", {
    "~~~~~~~~~~~~~~~~~~~####################~~~~~~~~~~~~~~~~~~#",
    "~~~~~~~~~~~~~~~~~~~#~~~~~~~~~~~~~~~~~~#~~~~~~~~~~~~~~~~~~#",
    "~~~~~~~~~~~~~~~~~~~#~~~~~~~ ,, ~~~~~~~#~~~~~~~~~~~~~~~~~~#",
    "~~~~~~~~~~~~~~~~~~~#~~~~~~ ,~~, ~~~~~~#~~~~~~~~~~~~~~~~~~#",
    "~~~~~~~~~~~~~~~~~~~#~~~~~ ,,,,,, ~~~~~#~~~~~~~~~~~~~~~~~~#",
    "~~~~~~~~~~~~~~~~~~~#~~~~ ,,,~~,,, ~~~~#~~~~~~~~~~~~~~~~~~#",
    "~~~~~~~~~~~~~~~~~~~#~~~ ,,,,,,,,,, ~~~#~~~~~~~~~~~~~~~~~~#",
    "~~~~~~~~~~~~~~~~~~~#~~ ,,,,,~~,,,,, ~~#~~~~~~~~~~~~~~~~~~#",
    "~~~~~~~~~~~~~~~~~~~#~~~     ,,     ~~~#~~~~~~~~~~~~~~~~~~#",
    "~~~~~~~~~~~~~~~~~~~#~~~~~~~ ~~ ~~~~~~~#~~~~~~~~~~~~~~~~~~#",
    "~~~~~~~~~~~~~~~~~~~#~~~~~~~ ~~ ~~~~~~~#~~~~~~~~~~~~~~~~~~#",
    "###########################~##~###########################",
    "#~~~~~~~~~~~~~~~~~~~~~~~~~~ ~~ ~~~~~~~~~~~~~~~~~~~~~~~~~.#",
    "#~@     ~~~~~~~~~~ ~~     .~  ~. ~ ~~#~~    . ~~~~~~~~~~~#",
    "#~ .... ~~~~~~~~~~  ~~~~~~~ ~~ # .#~~~~.~~~~~~~~~~...~~~~#",
    "#~ .... ~~~~~~~~~~# ~~~~~~~~~~~~#      ~~~~~~~~~~.. ..~#.#",
    "#~ .... ~~~~~ ~~~#~ #~~~~~~~~~~~~ #~~~#~~~~~~~~~..   ..~.#",
    "#~ .... ~~~~...~#~  ~#~~~~~~~~~~~  ~~~~~~~~~~~~.P  *  ..~#",
    "#~      ~~~~... ~  ~~~#~~.#.#.#.# .~~~~~~~~~~~~~..   ..~.#",
    "#~~~~~~~~~~~...~~~~~ ~##~       #.~~~~~~~~~#~~~~~.. ..~#.#",
    "#~~~~~~~~~~~~ ~~~~~~~~~~# . . .   .~ .  .~~~~~~~~~...~~~~#",
    "#~~~~~~~~~~~~~~~~~~~~~~~~.#.#.#.#~~~~~~~~~~~~~~~~~~~~~~~~#",
    "#~~~~~~~~~~~~~~~~~~~~~~~~~~~~~~~~~~~~~~~~~~~~~~~~~~~~~~~.#",
    "##########################################################"})

wo:shuffleOxyd()
if not wo["IsDifficult"] then
    no["peepAll"]:peepall()
end
 ]]></el:luamain>
    <el:i18n>
      <el:string el:key="title">
        <el:english el:translate="false"/>
      </el:string>
    </el:i18n>
  </el:protected>
</el:level>
