<?xml version="1.0" encoding="UTF-8" standalone="no" ?>
<el:level xmlns:xsi="http://www.w3.org/2001/XMLSchema-instance" xsi:schemaLocation="http://enigma-game.org/schema/level/1 level.xsd" xmlns:el="http://enigma-game.org/schema/level/1">
  <el:protected>
    <el:info el:type="level">
      <el:identity el:title="Free Turns" el:subtitle="" el:id="devnull169"/>
      <el:version el:score="1" el:release="1" el:revision="1" el:status="released"/>
      <el:author el:name="/dev/null" el:email="" el:homepage=""/>
      <el:copyright>Copyright © 2014 /dev/null</el:copyright>
      <el:license el:type="GPL v2.0 or above" el:open="true"/>
      <el:compatibility el:enigma="1.20"/>
      <el:modes el:easy="false" el:single="true" el:network="true"/>
      <el:score el:easy="-" el:difficult="1:21"/>
    </el:info>
    <el:luamain><![CDATA[
wo["AutoRespawn"] = true
wo["AllowSuicide"] = false
wo["ProvideExtralifes"] = false

ti["  "] = {"fl_dark"}
ti[" ."] = {"fl_bright"}
ti[" ~"] = {"fl_water"}
ti["# "] = {"st_bluesand", cluster=1}
ti["R "] = {"st_turnstile_red", name="tsr#", target="tsg#*", action="turnback"}
ti["G "] = {"st_turnstile_green", name="tsg#", target="tsr#*", action="turn"}
ti["^ "] = {"st_turnstilearm_n"}
ti["> "] = {"st_turnstilearm_e"}
ti["v "] = {"st_turnstilearm_s"}
ti["< "] = {"st_turnstilearm_w"}
ti["O "] = {"st_oxyd_d", name="black#"}
ti["0 "] = {"st_oxyd_d", name="white#"}
ti["@0"] = ti[" ."] .. {"#ac_marble_black", essential=INDISPENSABLE}
ti["@1"] = {"#ac_marble_white", essential=INDISPENSABLE}

wo(res.composer(ti), "  ", {
    " ~O O O O O O O O  ~ ~ ~ ~ ~ ~ ~ ~ ~ ~ ~",
    " ~ . . . . . . . . . .^~ . . ~ . . ~ . ~",
    " ~ ~ ~ ~ ~ ~ ~ ~ ~ ~ ~G~>~<~R~ ~<~G~>~ ~",
    " ~@1^~    ^~     ~   ~ ~ . .v~ . . ~ . ~",
    " ~<~R~>~ ~G~ ~<~R~>~ ~^~ . .^~ . .^~ . ~",
    " ~   ~    v~     ~  <~R~ ~<~G~>~ ~R~ ~ ~",
    " ~   ~    ^~     ~   ~ ~ . .v~ . .v~ . ~",
    " ~<~G~ ~<~R~>~<~G~>~ ~^~ . .^~ . . ~ . ~",
    " ~  v~    v~    v~   ~G~ ~<~R~ ~<~G~>~ ~",
    " ~  ^~    ^~     ~   ~v~ . .v~ . .v~@0 ~",
    " ~ ~R~>~ ~G~ ~<~R~ ~ ~ ~ ~ ~ ~ ~ ~ ~ ~ ~",
    " ~   ~    v~    v~                     ~",
    " ~ ~ ~ ~ ~ ~ ~ ~ ~ ~ ~0 0 0 0 0 0 0 0  ~"})

wo:shuffleOxyd({"black#*", max=0}, {"white#*", max=0})
 ]]></el:luamain>
    <el:i18n>
      <el:string el:key="title">
        <el:english el:translate="false"/>
      </el:string>
    </el:i18n>
  </el:protected>
</el:level>
