<?xml version="1.0" encoding="UTF-8" standalone="no" ?>
<el:level xmlns:xsi="http://www.w3.org/2001/XMLSchema-instance" xsi:schemaLocation="http://enigma-game.org/schema/level/1 level.xsd" xmlns:el="http://enigma-game.org/schema/level/1">
  <el:protected>
    <el:info el:type="level">
      <el:identity el:title="Team Trial" el:subtitle="" el:id="devnull120"/>
      <el:version el:score="1" el:release="1" el:revision="1" el:status="released"/>
      <el:author el:name="/dev/null" el:email="" el:homepage=""/>
      <el:copyright>Copyright © 2012 /dev/null</el:copyright>
      <el:license el:type="GPL v2.0 or above" el:open="true"/>
      <el:compatibility el:enigma="1.10"/>
      <el:modes el:easy="false" el:single="true" el:network="true"/>
      <el:score el:easy="-" el:difficult="3:00"/>
    </el:info>
    <el:luamain><![CDATA[
wo["AutoRespawn"] = true
wo["AllowSuicide"] = false

ti["  "] = {"fl_rock"}
ti[" ~"] = {"fl_abyss"}
ti["# "] = {"st_redrock"}
ti["+ "] = {"st_box_rock"}
ti["B "] = {"st_passage_black", flavor="frame"}
ti["W "] = {"st_passage_white", flavor="frame"}
ti["T "] = {"st_turnstile", name= "ts#", flavor="red"}
ti["8 "] = {"st_turnstilearm", orientation=NORTH}
ti["4 "] = {"st_turnstilearm", orientation=WEST}
ti["2 "] = {"st_turnstilearm", orientation=SOUTH}
ti["6 "] = {"st_turnstilearm", orientation=EAST}
ti["Ot"] = ti[" ~"] .. {"st_oxyd", name="oxydsTop#"}
ti["Ob"] = ti[" ~"] .. {"st_oxyd", name="oxydsBottom#"}
ti["@0"] = {"#ac_marble_black", owner=YIN, controllers=CTRL_YIN, essential=INDISPENSABLE}
ti["@1"] = {"#ac_marble_white", owner=YANG, controllers=CTRL_YANG, essential=INDISPENSABLE}

wo(res.composer(ti), "  ", {
    "# Ot# # # # # # # # # # # # # # Ot# ",
    "# B    ~+~ ~ ~+    ~   ~B    ~   ~# ",
    "#   +   + W  ~W  ~B~W + +   + W +~# ",
    "#  ~ ~W    ~B     W~    B W +  ~B # ",
    "# # # # # Ot# + B  ~ ~# Ot# # # # # ",
    " ~ ~ ~ ~ ~ ~Ob     ~  Ob ~ ~ ~ ~ ~ ~",
    " ~ ~ ~ ~ ~ ~#   W  ~  #  ~ ~ ~ ~ ~ ~",
    " ~ ~ ~ ~ ~ ~# +   B  ~#  ~ ~ ~ ~ ~ ~",
    " ~ ~ ~ ~ ~ ~#    ~+   #  ~ ~ ~ ~ ~ ~",
    " ~ ~ ~ ~ ~ ~#      ~  #  ~ ~ ~ ~ ~ ~",
    " ~ ~ ~ ~ ~ ~# 4~T T 6~#  ~ ~ ~ ~ ~ ~",
    " ~ ~ ~ ~ ~ ~# @0 ~ ~@1#  ~ ~ ~ ~ ~ ~",
    " ~ ~ ~ ~ ~ ~# Ob# # Ob#  ~ ~ ~ ~ ~ ~"})

wo:shuffleOxyd({"oxydsTop#*", max=0}, {"oxydsBottom#*", max=0})
 ]]></el:luamain>
    <el:i18n>
      <el:string el:key="title">
        <el:english el:translate="false"/>
      </el:string>
    </el:i18n>
  </el:protected>
</el:level>
