<?xml version="1.0" encoding="UTF-8" standalone="no" ?>
<el:level xmlns:xsi="http://www.w3.org/2001/XMLSchema-instance" xsi:schemaLocation="http://enigma-game.org/schema/level/1 level.xsd" xmlns:el="http://enigma-game.org/schema/level/1">
  <el:protected>
    <el:info el:type="level">
      <el:identity el:title="No pearl diving II" el:subtitle="" el:id="devnull115"/>
      <el:version el:score="1" el:release="1" el:revision="2" el:status="released"/>
      <el:author el:name="/dev/null" el:email="" el:homepage=""/>
      <el:copyright>Copyright © 2012 /dev/null</el:copyright>
      <el:license el:type="GPL v2.0 or above" el:open="true"/>
      <el:compatibility el:enigma="1.10"/>
      <el:modes el:easy="false" el:single="true" el:network="true"/>
      <el:score el:easy="-" el:difficult="5:05"/>
    </el:info>
    <el:luamain><![CDATA[
wo["AutoRespawn"] = true
wo["AllowSuicide"] = false
wo["SubSoil"] = SUBSOIL_WATER

ti["  "] = {"fl_lawn"}
ti[" ~"] = {"fl_water"}
ti["# "] = {"st_box_hay"}
ti["+ "] = {"st_box_rock"}
ti[" !"] = {"it_bomb"}
ti["O "] = {"st_oxyd"}
ti["@0"] = {"#ac_pearl_black", owner=YIN, controllers=CTRL_YIN, essential=INDISPENSABLE}
ti["@1"] = {"#ac_pearl_white", owner=YANG, controllers=CTRL_YANG, essential=INDISPENSABLE}

wo(res.composer(ti), "  ", {
    " ~ ~ ~ ~ ~ ~ ~ ~ ~ ~O~ ~ ~ ~ ~ ~ ~O~ ~ ~",
    " ~ ~ ~+  ! ~ ~ ~ ~ ~ ~ ~ ~ ~ ~ ~ ~ ~ ~ ~",
    " ~ ~ !#~+!+  ~#! ~#  ~   ~ ! ~# @0 ! ~O~",
    " ~ ~#~ ~   ~#  ~ ~ ~# +~ ~ ~ ~+ + +  ~ ~",
    " ~ ~ ! ~ ~ ~ ~ ~ ~ ~     ~   ~  #    ~ ~",
    " ~ ~ ~ ~ ~ ~#!   ~ ~ ~ ~ ~ ~ ~ ~ ~ ~ ~ ~",
    " ~ ~  #~ ! ~  +  ~ ~ ~ ~ ~ ~ ~ ~ ~ ~ ~ ~",
    " ~ ~ ~+~ ~ ~ ~# +~ ~ ~ ~ ~ ~ ~ ~ ~ ~ ~ ~",
    " ~ ~ ~+~ ~ ~ ~ ~+  ~ !#  ~#  ~ ~ ~O~ ~ ~",
    " ~ ~+ #~+  ~ ~   ~ ~  #~+ #~#  ~ ~ ~ ~ ~",
    "O~ ~@1+  ~ ~ ~ ~ ~ ~  #  ~#  ~ ~ ~ ~ ~ ~",
    " ~ ~ ~ ~ ~ ~ ~ ~ ~ ~ ~ ~ ~ ~ ~ ~ ~ ~ ~ ~",
    " ~ ~ ~ ~O~ ~ ~ ~ ~ ~ ~ ~ ~ ~ ~ ~ ~ ~ ~ ~"})

wo:shuffleOxyd()
 ]]></el:luamain>
    <el:i18n>
      <el:string el:key="title">
        <el:english el:translate="false"/>
      </el:string>
    </el:i18n>
  </el:protected>
</el:level>
