<?xml version="1.0" encoding="UTF-8" standalone="no" ?>
<el:level xmlns:xsi="http://www.w3.org/2001/XMLSchema-instance" xsi:schemaLocation="http://enigma-game.org/schema/level/1 level.xsd" xmlns:el="http://enigma-game.org/schema/level/1">
  <el:protected>
    <el:info el:type="level">
      <el:identity el:title="Even more Mess" el:subtitle="" el:id="duffy190"/>
      <el:version el:score="2" el:release="3" el:revision="3" el:status="released"/>
      <el:author el:name="Jacob Scott" el:email="" el:homepage=""/>
      <el:copyright>Copyright © 2007 Jacob Scott</el:copyright>
      <el:license el:type="GPL v2.0 or above" el:open="true"/>
      <el:compatibility el:enigma="1.10"/>
      <el:modes el:easy="false" el:single="true" el:network="false"/>
      <el:score el:easy="-" el:difficult="-"/>
    </el:info>
    <el:luamain><![CDATA[
wo["ProvideExtralifes"] = false

ti[" "] = {"fl_lawn"}
ti["~"] = {"fl_water"}
ti["#"] = {"st_greenbrown"}
ti["X"] = {"st_grate"}
ti["+"] = {"st_box"}
ti["*"] = {"st_brownie"}
ti["%"] = ti["~"] .. ti["*"]
ti["I"] = {"st_stoneimpulse"}
ti["^"] = {"st_oneway", orientation=NORTH}
ti[">"] = {"st_oneway", orientation=EAST}
ti["<"] = {"st_oneway", orientation=WEST}
ti["M"] = {"st_mail", orientation=SOUTH}
ti["P"] = {"st_rotator", state=CW}
ti["Q"] = {"st_rotator", state=CCW}
ti["B"] = {"st_dispenser"}
ti["F"] = ti({"it_dynamite"}) .. {"st_shogun"}
ti["H"] = {"st_brake"}
ti["."] = {"it_seed"}
ti["b"] = {"it_bomb_black"}
ti["o"] = {"it_meditation_dent"}
ti["doors"] = {"st_door", flavor="a", name="door%%nr#"}
ti["keystone"] = {"st_key", code=1, target="door%%nr#*"}
ti["trigger"] = {"it_trigger", target="@door%%nr#*", action="close"}
ti["k"] = {"it_key", code=1}
ti["O"] = {"st_oxyd"}
ti["@"] = {"ac_marble_black", 0.0, 0.5}

wo(res.autotile(ti, {"1", "4", "doors"}, {"K", "L", "keystone"}, {"t", "u", "trigger", 3}), " ", {
    "#IIIIIIIIIIIIIIIIII#",
    "#X%X*   >  <   *X%X#",
    "#XoXo####++####oXoX#",
    "#X#### M    M ####X#",
    "#bP ## > XX < ## Qb#",
    "#   +< >  @ < >+   #",
    "# + +#^#.HH.#^#+ + #",
    "#X+   4#K  L#4   +X#",
    "# ++X# F3  3F #X++ #",
    "#+ + #X##11##X# + +#",
    "# + +#t##  ##t#+ + #",
    "#ku  #B#O22O#B#  uk#",
    "####################"})

function postinit()
    no["door%3nr#*"]:open()
    no["door%4nr#*"]:open()
end
 ]]></el:luamain>
    <el:i18n>
      <el:string el:key="title">
        <el:english el:translate="false"/>
      </el:string>
    </el:i18n>
  </el:protected>
</el:level>
