<?xml version="1.0" encoding="UTF-8" standalone="no" ?>
<el:level xmlns:xsi="http://www.w3.org/2001/XMLSchema-instance" xsi:schemaLocation="http://enigma-game.org/schema/level/1 level.xsd" xmlns:el="http://enigma-game.org/schema/level/1">
  <el:protected>
    <el:info el:type="level">
      <el:identity el:title="Spacetunnel" el:subtitle="" el:id="duffy175"/>
      <el:version el:score="1" el:release="2" el:revision="1" el:status="released"/>
      <el:author el:name="Jacob Scott" el:email="" el:homepage=""/>
      <el:copyright>Copyright © 2007 Jacob Scott</el:copyright>
      <el:license el:type="GPL v2.0 or above" el:open="true"/>
      <el:compatibility el:enigma="1.10"/>
      <el:modes el:easy="true" el:single="true" el:network="false"/>
      <el:score el:easy="-" el:difficult="-"/>
    </el:info>
    <el:luamain><![CDATA[
ti[" "] = {"fl_sahara"}
ti["."] = {"fl_space"}
ti["!"] = {"fl_abyss"}
ti["#"] = {"st_greenbrown"}
ti["M"] = ti["."] .. cond(wo["IsDifficult"], {"st_redbrown"}, {"st_rawglass"})
ti["+"] = ti["."] .. {"st_box"}
ti["s"] = {"it_spring_keep"}
ti["O"] = {"st_oxyd", name="left#"}
ti["Q"] = {"st_oxyd", name="right#"}
ti["o"] = cond(wo["IsDifficult"], ti["O"], ti[" "])
ti["q"] = cond(wo["IsDifficult"], ti["Q"], ti[" "])
ti["@"] = {"#ac_marble_black"}

wo(ti, " ", {
    "...................................................................................................................................",
    "...................................................................................................................................",
    "...................................................................................................................................",
    "#######.....................................................................................................................#######",
    "#O   o#.....................................................................................................................#q   Q#",
    "#     ########M##########MMM##########MM############M#######M#########MM#########MM############M##########MMM################     #",
    "#  @  ........!..........!!!..........!!............!.......!.........!!.........!!............!..........!!!..............+.     #",
    "#  s  ########M##########MMM##########MM############M#######M#########MM#########MM############M##########MMM################     #",
    "#O   o#.....................................................................................................................#q   Q#",
    "#######.....................................................................................................................#######",
    "...................................................................................................................................",
    "...................................................................................................................................",
    "..................................................................................................................................."})

wo:shuffleOxyd({"left#*", "right#*", min=1+cond(wo["IsDifficult"], 1, 0)})
 ]]></el:luamain>
    <el:i18n>
      <el:string el:key="title">
        <el:english el:translate="false"/>
      </el:string>
    </el:i18n>
  </el:protected>
</el:level>
