<?xml version="1.0" encoding="UTF-8" standalone="no" ?>
<el:level xmlns:xsi="http://www.w3.org/2001/XMLSchema-instance" xsi:schemaLocation="http://enigma-game.org/schema/level/1 level.xsd" xmlns:el="http://enigma-game.org/schema/level/1">
  <el:protected>
    <el:info el:type="level">
      <el:identity el:title="Docking" el:subtitle="" el:id="duffy170"/>
      <el:version el:score="1" el:release="2" el:revision="2" el:status="released"/>
      <el:author el:name="Jacob Scott" el:email="" el:homepage=""/>
      <el:copyright>Copyright © 2007 Jacob Scott</el:copyright>
      <el:license el:type="GPL v2.0 or above" el:open="true"/>
      <el:compatibility el:enigma="1.10"/>
      <el:modes el:easy="false" el:single="true" el:network="false"/>
      <el:score el:easy="-" el:difficult="-"/>
    </el:info>
    <el:luamain><![CDATA[
wo["GlobalForce"] = po(30, 0)

ti[" "] = {"fl_sahara"}
ti["-"] = {"fl_space"}
ti["."] = {"fl_abyss"}
ti["#"] = {"st_greenbrown"}
ti["+"] = {"st_box"}
ti["S"] = {"st_switch", target="@door#*"}
ti["|"] = {"st_door", flavor="d", faces="ew", name="door#"}
ti["s"] = ti["-"] .. {"it_spring_keep"}
ti["O"] = {"st_oxyd"}
ti["@"] = ti["-"] .. {"#ac_marble_black"}
ti["A"] = cond(wo["CreatingPreview"], ti["@"], ti["-"])

wo(ti, " ", {
    "----------------------------------------------------------------################################",
    "-----------------------------------------------------------------#                       #O|   #",
    "-----------------------------------------------------------------# ##################### ###   #",
    "-----------------------------------------------------------------# -----A------------.S# #     #",
    "------------------------------------------------------------############################ #O    #",
    "--------------------------------------------------------------------------------------.  ##    #",
    "--@-s---------------------------------------------------------------------------------.  +    .#",
    "--------------------------------------------------------------------------------------.  ##    #",
    "------------------------------------------------------------############################ #O    #",
    "-----------------------------------------------------------------# ------------------.S# #     #",
    "-----------------------------------------------------------------# ##################### ###   #",
    "-----------------------------------------------------------------#                       #O|   #",
    "----------------------------------------------------------------################################"})
 ]]></el:luamain>
    <el:i18n>
      <el:string el:key="title">
        <el:english el:translate="false"/>
      </el:string>
    </el:i18n>
  </el:protected>
</el:level>
