<?xml version="1.0" encoding="UTF-8" standalone="no" ?>
<el:level xmlns:xsi="http://www.w3.org/2001/XMLSchema-instance" xsi:schemaLocation="http://enigma-game.org/schema/level/1 level.xsd" xmlns:el="http://enigma-game.org/schema/level/1">
  <el:protected>
    <el:info el:type="level">
      <el:identity el:title="White Excitation" el:subtitle="" el:id="duffy187"/>
      <el:version el:score="1" el:release="2" el:revision="2" el:status="released"/>
      <el:author el:name="Jacob Scott, /dev/null" el:email="" el:homepage=""/>
      <el:copyright>Copyright © 2007, 2014 Jacob Scott, /dev/null</el:copyright>
      <el:license el:type="GPL v2.0 or above" el:open="true"/>
      <el:compatibility el:enigma="1.10"/>
      <el:modes el:easy="false" el:single="true" el:network="false"/>
      <el:comments>
        <el:code>New API and changes by /dev/null, May 2014</el:code>
      </el:comments>
      <el:score el:easy="-" el:difficult="-"/>
    </el:info>
    <el:luamain><![CDATA[
wo["ConserveLevel"] = false
wo["ProvideExtralifes"] = false
wo["SlopeStrength"] = 15.0

ti[" "] = {"fl_concrete"}
ti["~"] = {"fl_abyss"}
ti["."] = {"fl_space"}
ti["7"] = {"fl_slope_inw"}
ti["8"] = {"fl_slope_pn"}
ti["9"] = {"fl_slope_ine"}
ti["3"] = {"fl_slope_ise"}
ti["2"] = {"fl_slope_ps"}
ti["1"] = {"fl_slope_isw"}
ti["4"] = {"fl_slope_pw"}
ti["#"] = {"st_purplegray"}
ti["+"] = {"st_box"}
ti["*"] = {"st_brownie"}
ti["o"] = ti["."] .. ti["*"]
ti["!"] = {"st_death"}
ti["B"] = {"st_passage_black", flavor="frame"}
ti["W"] = {"st_passage_white", flavor="frame"}
ti["I"] = {"st_stoneimpulse"}
ti["F"] = {"st_flash", hit_strength=999.0}
ti["N"] = {"st_oneway_n"}
ti["E"] = {"st_oneway_e"}
ti["S"] = ti["2"] .. {"st_oneway_s"}
ti["C"] = {"st_scissors"}
ti["R"] = {"st_rubberband", name="anchor"}
ti["m"] = {"it_magicwand"}
ti["X"] = ti["m"] .. {"st_grate"}
ti["&"] = {"st_actorimpulse"}
ti["O"] = {"st_oxyd"}
ti["A"] = ti["2"] .. {"#ac_marble_white"}
ti["@"] = {"#ac_marble_black", name="black"}

wo(ti, " ", {
    "IIIIIII######&####&#",
    "I 123 ~          #A&",
    "IX# ## +II######N#.#",
    "I+!!!#&.I&     # #.#",
    "I ~   #.#CB *& # #.#",
    "#*   *o.##S    E #.#",
    "#  @ *..*  &   WW#.#",
    "# R * o. &    &WOB.#",
    "#  * *O*  &    #BB.#",
    "#~#F# *     &  #  .#",
    "# #8#######&##&###S#",
    "# E9444444444444447#",
    "##################&#"})

wo:add({"ot_rubberband", anchor1="black", anchor2="anchor", strength=200, length=5})
 ]]></el:luamain>
    <el:i18n>
      <el:string el:key="title">
        <el:english el:translate="false"/>
      </el:string>
    </el:i18n>
  </el:protected>
</el:level>
