<?xml version="1.0" encoding="UTF-8" standalone="no" ?>
<el:level xmlns:xsi="http://www.w3.org/2001/XMLSchema-instance" xsi:schemaLocation="http://enigma-game.org/schema/level/1 level.xsd" xmlns:el="http://enigma-game.org/schema/level/1">
  <el:protected>
    <el:info el:type="level">
      <el:identity el:title="Cage of Light" el:subtitle="" el:id="hadas09"/>
      <el:version el:score="2" el:release="2" el:revision="4" el:status="released"/>
      <el:author el:name="Daniel Hadas" el:email="enigma@daniel.hadaso.net" el:homepage=""/>
      <el:copyright>Copyright © 2010 Daniel Hadas</el:copyright>
      <el:license el:type="GPL v2.0 or above" el:open="true"/>
      <el:compatibility el:enigma="1.10"/>
      <el:modes el:easy="true" el:single="true" el:network="false"/>
      <el:score el:easy="00:48" el:difficult="01:08"/>
    </el:info>
    <el:luamain><![CDATA[
ti[" "] = {"fl_sahara"}
ti["~"] = {"fl_water"}
ti["#"] = {"st_rawglass"}
ti["="] = ti["~"] .. ti["#"]
ti["^"] = {"st_laser_n", state=ON}
ti[">"] = {"st_laser_e", state=ON}
ti["+"] = {"st_box"}
ti["x"] = cond(wo["IsDifficult"], ti[" "], {"it_extralife"})
ti["p"] = cond(wo["IsDifficult"], ti[" "], {"it_pin"})
ti["o"] = {"it_meditation"}
ti["@"] = {"#ac_pearl_white"}

wo(ti, " ", {
    "################=###",
    "#               ~ o#",
    ">               ~  #",
    ">                ~~=",
    "#  #               #",
    "#  #               #",
    "####               #",
    ">                  #",
    ">                  #",
    "# x   ###          #",
    "# +p  #            #",
    "#@    #            #",
    "####^^##########^^##"})
 ]]></el:luamain>
    <el:i18n>
      <el:string el:key="title">
        <el:english el:translate="false"/>
      </el:string>
    </el:i18n>
  </el:protected>
</el:level>
