<?xml version="1.0" encoding="UTF-8" standalone="no" ?>
<el:level xmlns:xsi="http://www.w3.org/2001/XMLSchema-instance" xsi:schemaLocation="http://enigma-game.org/schema/level/1 level.xsd" xmlns:el="http://enigma-game.org/schema/level/1">
  <el:protected>
    <el:info el:type="level">
      <el:identity el:title="Checkmate III" el:subtitle="Hold your horses!" el:id="harry06"/>
      <el:version el:score="1" el:release="1" el:revision="0" el:status="released"/>
      <el:author el:name="daydreamer" el:email=""/>
      <el:copyright>Copyright © 2009 daydreamer</el:copyright>
      <el:license el:type="GPL v2.0 or above" el:open="true"/>
      <el:compatibility el:enigma="1.20"/>
      <el:modes el:easy="false" el:single="true" el:network="true"/>
      <el:comments>
        <el:credits el:showinfo="false" el:showstart="false">Inspired by the three "Give Ways" by JuSt.</el:credits>
      </el:comments>
      <el:score el:easy="-" el:difficult="-"/>
    </el:info>
    <el:luamain><![CDATA[
wo["ProvideExtralifes"] = false

ti["-"] = {"fl_ivory", checkerboard=0} .. ti({"fl_dark", checkerboard=1})
ti["B"] = {"st_chess"}
ti["W"] = {"st_chess_white"}
ti["#"] = {"st_thief"}
ti["H"] = {"st_bluegray_hollow"}
ti["O"] = {"st_oxyd"}
ti["@"] = {"#ac_marble_black", essential=INDISPENSABLE}
ti["*"] = {"#ac_marble_white", essential=INDISPENSABLE}

wo(ti, "-", {
    "####################",
    "#OBWBWBWBHBWBWBWBWO#",
    "##WBWBWBWBWBWBWBWB##",
    "#OBWBWBWBWBWBWBWBWO#",
    "##WBWBWBWBWBWBWBWB##",
    "#OBWBWBWBW@WBWBWBWO#",
    "##WBWBWBW*WBWBWBWB##",
    "#OBWBWBWBWBWBWBWBWO#",
    "##WBWBWBWBWBWBWBWB##",
    "#OBWBWBWBWBWBWBWBWO#",
    "##WBWBWBWBWBWBWBWB##",
    "#OBWBWBWBWHWBWBWBWO#",
    "####################"})
 ]]></el:luamain>
    <el:i18n>
      <el:string el:key="title">
        <el:english el:translate="false"/>
      </el:string>
      <el:string el:key="subtitle">
        <el:english el:translate="false"/>
      </el:string>
    </el:i18n>
  </el:protected>
</el:level>
