<?xml version="1.0" encoding="UTF-8" standalone="no" ?>
<el:level xmlns:xsi="http://www.w3.org/2001/XMLSchema-instance" xsi:schemaLocation="http://enigma-game.org/schema/level/1 level.xsd" xmlns:el="http://enigma-game.org/schema/level/1">
  <el:protected>
    <el:info el:type="level">
      <el:identity el:title="Cross The Chazm" el:subtitle="" el:id="joe02"/>
      <el:version el:score="1" el:release="1" el:revision="0" el:status="released"/>
      <el:author el:name="Joseph Dunne" el:email="" el:homepage=""/>
      <el:copyright>Copyright © 2008 Joseph Dunne</el:copyright>
      <el:license el:type="GPL v2.0 or above" el:open="true"/>
      <el:compatibility el:enigma="1.20"/>
      <el:modes el:easy="false" el:single="true" el:network="false"/>
      <el:score el:easy="-" el:difficult="-"/>
    </el:info>
    <el:luamain><![CDATA[
ti["-"] = {"fl_bluegray"}
ti["."] = {"fl_abyss"}
ti["#"] = {"st_fake_oxydc"}
ti["v"] = {"st_puzzle", connections="n"}
ti["<"] = {"st_puzzle", connections="e"}
ti["^"] = {"st_puzzle", connections="s"}
ti[">"] = {"st_puzzle", connections="w"}
ti["O"] = {"st_oxyd"}
ti["@"] = {"#ac_marble_black"}

wo(ti, "-", {
    "####################",
    "#.......-OO-.......#",
    "#.......----.......#",
    "#..................#",
    "#........-^........#",
    "#........-.........#",
    "#..................#",
    "#..................#",
    "#..................#",
    "#---<-----------v--#",
    "#------>--v--^-----#",
    "#--------@---------#",
    "####################"})
 ]]></el:luamain>
    <el:i18n>
      <el:string el:key="title">
        <el:english el:translate="false"/>
      </el:string>
    </el:i18n>
  </el:protected>
</el:level>
