<?xml version="1.0" encoding="UTF-8" standalone="no" ?>
<el:level xmlns:xsi="http://www.w3.org/2001/XMLSchema-instance" xsi:schemaLocation="http://enigma-game.org/schema/level/1 level.xsd" xmlns:el="http://enigma-game.org/schema/level/1">
  <el:protected>
    <el:info el:type="level">
      <el:identity el:title="Checklist" el:subtitle="" el:id="nanook02"/>
      <el:version el:score="1" el:release="1" el:revision="1" el:status="released"/>
      <el:author el:name="nanook" el:email="" el:homepage=""/>
      <el:copyright>Copyright © 2014 nanook</el:copyright>
      <el:license el:type="GPL v2.0 or above" el:open="true"/>
      <el:compatibility el:enigma="1.20"/>
      <el:modes el:easy="false" el:single="true" el:network="false"/>
      <el:score el:easy="-" el:difficult="-"/>
    </el:info>
    <el:luamain>
    <![CDATA[
wo["AutoRespawn"] = true

ti["# "] = {"st_yellow"}
ti["= "] = {"st_rawglass_movable"}
ti["+ "] = {"st_box"}
ti["> "] = {"st_oneway_e"}
ti["B "] = {"st_barrier", flavor="it_key"}
ti["K "] = {"st_knight"}
ti["H "] = {"st_break_oxydc"}
ti["M "] = {"st_mail_s"}
ti["O "] = {"st_oxyd_d", oxydcolor=OXYD_YELLOW}
ti["  "] = {"fl_wood_framed"}
ti[" ~"] = {"fl_water"}
ti[" ;"] = {"it_crack_l", flavor="water"}
ti[" |"] = {"it_pipe_ns"}
ti[" <"] = {"it_pipe_nw"}
ti[" _"] = {"it_pipe_ew"}
ti[" b"] = {"it_banana"}
ti[" c"] = {"it_coin_s"}
ti[" m"] = {"it_magicwand"}
ti["laser"] = {"st_laser_e", name="laser%%", state=ON}
ti["schalter"] = {"fl_scales_bridgewood", target="tuer%%"}
ti["tuer"] = {"st_door", name="tuer%%", faces="ew"}
ti["schluesselloch"] = {"st_key", code="%%", target="tuer%%"}
ti["schluessel"] = ti[" ~"] .. {"it_key", code="%%"}
ti["@ "] = ti({"fl_wood_framed", name="start"}) .. {"#ac_marble_black"}

wo(res.composer(res.autotile(ti,{"L", "laser"}, {"t", "schalter"}, {"T", "tuer"}, {"S", "schluesselloch"}, {"s", "schluessel"})), "  ", {
    "# # # # # # # # # # # # # # # # # ",
    "#  ~ ~+m   ~# O K K >  ~ ~+  ~t2# ",
    "#   # L1    # O K K M  ~+~+~+ = # ",
    "#   #  ~+ + # # # Kb#|s3 ~+     # ",
    "#   #  ~+   # @ #_#_#<# # # # B # ",
    "# + # # #   # =            ~T1 ~# ",
    "#  ~  S3 ~  T2  # # # # = # #   # ",
    "# +~# # # # #   #     +     #  ;# ",
    "#  ~     ~+;T3  #    ~+   + #   # ",
    "#   # +;# # #   #  ~  +~   ~#   # ",
    "#   # H H O #   # # # +~# t1# +c# ",
    "#     H H~O #  ~+; ~            # ",
    "# # # # # # # # # # # # # # # # # "})
 ]]></el:luamain>
    <el:i18n>
      <el:string el:key="title">
        <el:english el:translate="false"/>
      </el:string>
    </el:i18n>
  </el:protected>
</el:level>
