<?xml version="1.0" encoding="UTF-8" standalone="no" ?>
<el:level xmlns:xsi="http://www.w3.org/2001/XMLSchema-instance" xsi:schemaLocation="http://enigma-game.org/schema/level/1 level.xsd" xmlns:el="http://enigma-game.org/schema/level/1">
  <el:protected>
    <el:info el:type="level">
      <el:identity el:title="Welcome" el:subtitle="" el:id="welcometopack10"/>
      <el:version el:score="1" el:release="1" el:revision="1" el:status="released"/>
      <el:author el:name="Raoul Bourquin" el:email="" el:homepage=""/>
      <el:copyright>Copyright © 2012 Raoul Bourquin</el:copyright>
      <el:license el:type="GPL v2.0 or above" el:open="true"/>
      <el:compatibility el:enigma="1.10"/>
      <el:modes el:easy="true" el:single="true" el:network="false"/>
      <el:score el:easy="-" el:difficult="-"/>
    </el:info>
    <el:luamain><![CDATA[
wo["MaxOxydColor"] = OXYD_PINE

ti[" "] = {"fl_rough"}
ti["#"] = {"st_tigris"}
if wo["IsDifficult"] then
    ti["Q"] = {"st_quake", name="quake"}
    ti["T"] = {"st_timer", interval=55.0, target="quake"}
else
    ti["Q"] = ti["#"]
    ti["T"] = ti["#"]
end
ti["d"] = {"it_document", text="text1"}
ti["O"] = {"st_oxyd", name="left#"}
ti["o"] = {"st_oxyd", name="right#"}
ti["@"] = {"#ac_marble_black"}

wo(ti, " ", {
    "####################",
    "#                  #",
    "#    o        O    #",
    "#        @d        #",
    "#  o o o    O O O  #",
    "#                  #",
    "T o  O  o  O  o  O Q",
    "#                  #",
    "#  O O O    o o o  #",
    "#                  #",
    "#    O        o    #",
    "#                  #",
    "####################"})

wo:shuffleOxyd({"left#*", "right#*", min=5, max=7})
 ]]></el:luamain>
    <el:i18n>
      <el:string el:key="title">
        <el:english el:translate="true"/>
        <el:translation el:lang="de">Willkommen</el:translation>
      </el:string>
      <el:string el:key="text1">
        <el:english el:translate="true">Welcome to Enigma X</el:english>
      </el:string>
    </el:i18n>
  </el:protected>
</el:level>
