<?xml version="1.0" encoding="UTF-8" standalone="no" ?>
<el:level xmlns:xsi="http://www.w3.org/2001/XMLSchema-instance" xsi:schemaLocation="http://enigma-game.org/schema/level/1 level.xsd" xmlns:el="http://enigma-game.org/schema/level/1">
  <el:protected>
    <el:info el:type="level">
      <el:identity el:title="Surgery" el:subtitle="" el:id="zephyr13"/>
      <el:version el:score="2" el:release="2" el:revision="2" el:status="released"/>
      <el:author el:name="Zephyr" el:email=""/>
      <el:copyright>Copyright © 2009 Zephyr</el:copyright>
      <el:license el:type="GPL v2.0 or above" el:open="true"/>
      <el:compatibility el:enigma="1.10"/>
      <el:modes el:easy="true" el:single="true" el:network="false"/>
      <el:score el:easy="-" el:difficult="-"/>
    </el:info>
    <el:luamain><![CDATA[
wo["AllowSingleOxyds"]=true

ti[" "] = {"fl_red"}
ti["-"] = {"fl_space"}
ti["#"] = {"st_death"}
ti["O"] = {"st_oxyd_e", oxydcolor=OXYD_RED, name="oxyd"}
ti["@"] = {"#ac_marble"}

if wo["IsDifficult"] then
    world = {
        "#################",
        "#               #",
        "# @             #",
        "#-#  -#  -#  -# #",
        "#-# #-#-#-# #-#-#",
        "#-#-#-#-#-#-#-#-#",
        "#-#-#-#-#-#-#-#-#",
        "#-#-#-#-#-#-#-#-#",
        "#-#-#-#-#-#-#-#-#",
        "#O#O#O#O#O#O#O#O#"}
else
    world = {
        "#################",
        "#               #",
        "# @             #",
        "#   #-#         #",
        "#-# #-#     #-# #",
        "#-#-#-#   #-#-# #",
        "#-#-#-#-# #-#-# #",
        "#-#-#-#-#-#-#-#-#",
        "#O#O#O#O#O#O#O#O#"}
end

wo(ti, " ", world)

no["oxyd"]:message("peepall")
 ]]></el:luamain>
    <el:i18n>
      <el:string el:key="title">
        <el:english el:translate="false"/>
      </el:string>
    </el:i18n>
  </el:protected>
</el:level>
