<?xml version="1.0" encoding="UTF-8" standalone="no" ?>
<el:level xmlns:xsi="http://www.w3.org/2001/XMLSchema-instance" xsi:schemaLocation="http://enigma-game.org/schema/level/1 level.xsd" xmlns:el="http://enigma-game.org/schema/level/1">
  <el:protected>
    <el:info el:type="level">
      <el:identity el:title="Perfect Trajectory" el:subtitle="" el:id="20090923ais523001"/>
      <el:version el:score="1" el:release="1" el:revision="2" el:status="released"/>
      <el:author el:name="Alex Smith" el:email="ais523@bham.ac.uk" el:homepage=""/>
      <el:copyright>Copyright © 2009 Alex Smith</el:copyright>
      <el:license el:type="GPL v2.0 or above" el:open="true"/>
      <el:compatibility el:enigma="1.10"/>
      <el:modes el:easy="true" el:single="true" el:network="false"/>
      <el:score el:easy="0:06" el:difficult="0:05"/>
    </el:info>
    <el:luamain><![CDATA[
wo["ConserveLevel"] = not wo["IsDifficult"]
wo["ProvideExtralifes"] = not wo["IsDifficult"]

ti[" "] = {"fl_wood", force_y=30}
ti["#"] = {"st_box"}
ti["."] = {"fl_space", force_y=30}
ti["!"] = {"st_death"} .. ti["."]
ti["0"] = {"st_oxyd", oxydcolor=OXYD_BLACK} .. ti["."]
ti["O"] = {"#ac_marble_black"}

wo(ti," ",{
    "#####!!!!!!!!!!!!!!!",
    "#    ..............!",
    "#    ..............!",
    "#    ..............!",
    "#    ..............!",
    "#    ..............!",
    "#    !0!...........!",
    "#    ...!0!........!",
    "#    .......!0!....!",
    "#    ............!0!",
    "#    ..............!",
    "#O   ..............!",
    "#####!!!!!!!!!!!!!!!"})
 ]]></el:luamain>
    <el:i18n>
      <el:string el:key="title">
        <el:english el:translate="true" />
      </el:string>
    </el:i18n>
  </el:protected>
</el:level>
