<?xml version="1.0" encoding="UTF-8" standalone="no" ?>
<el:level xmlns:xsi="http://www.w3.org/2001/XMLSchema-instance" xsi:schemaLocation="http://enigma-game.org/schema/level/1 level.xsd" xmlns:el="http://enigma-game.org/schema/level/1">
  <el:protected>
    <el:info el:type="level">
      <el:identity el:title=" - Meditation - " el:id="devnull12"/>
      <el:version el:score="1" el:release="1" el:revision="10" el:status="released"/>
      <el:author  el:name="/dev/null" el:email="" el:homepage=""/>
      <el:copyright>Copyright © 2008 dev0</el:copyright>
      <el:license el:type="GPL v2.0 or above" el:open="true"/>
      <el:compatibility el:enigma="1.10"/>
      <el:modes el:easy="true" el:single="true" el:network="false"/>
      <el:score el:easy="0:33" el:difficult="0:55"/>
    </el:info>
    <el:luamain><![CDATA[
wo["ConserveLevel"] = false
if wo["IsDifficult"] then
  wo["ProvideExtralifes"] = false
end

ti[" "] = ti({"fl_dark"}) .. {"it_sensor", invisible = true}
ti["N"] = ti[" "] .. {"st_window_n",    secure = true}
ti["E"] = ti[" "] .. {"st_window_e",    secure = true}
ti["S"] = ti[" "] .. {"st_window_s",    secure = true}
ti["W"] = ti[" "] .. {"st_window_w",    secure = true}
ti["1"] = ti[" "] .. {"st_window_nw",   secure = true}
ti["2"] = ti[" "] .. {"st_window_ne",   secure = true}
ti["3"] = ti[" "] .. {"st_window_es",   secure = true}
ti["4"] = ti[" "] .. {"st_window_sw",   secure = true}
ti["H"] = ti[" "] .. {"st_window_ew",   secure = true}
ti["J"] = ti[" "] .. {"st_window_ns",   secure = true}
ti["I"] = ti[" "] .. {"st_window_nes", secure = true}
if wo["IsDifficult"] then
    ti["h"] = ti[" "] .. {"it_meditation_volcano", essential=INDISPENSABLE}
else
    ti["h"] = ti[" "] .. {"it_meditation_dent", essential=INDISPENSABLE}
end
ti["8"] = ti["h"] .. {"st_window_s", secure = true}
ti["7"] = ti["h"] .. {"st_window_n", secure = true}
ti["@"] = ti[" "] .. {"#ac_pearl_white"}
ti["9"] = ti[" "] .. {"#ac_pearl_white"}
ti["6"] = ti[" "] .. {"#ac_pearl_white"}

wo(ti, " ",{
    "1NNNNNNNNNNNNNNNNNN2",
    "4hS S S S S S S S 8E",
    "WN N N N N N N N N 2",
    "WS S S S S S S S S 3",
    "1 N N N N N N N N NE",
    "4 S S S S S S S S SE",
    "WJ J J9J@J@J6J J J I",
    "1 N N N N N N N N NE",
    "WS S S S S S S S S 3",
    "1 N N N N N N N N NE",
    "WS S S S S S S S S 3",
    "1hN N N N N N N N 7E",
    "4SSSSSSSSSSSSSSSSSS3"})

wo:add(YIN, {"it_wrench"})
 ]]></el:luamain>
    <el:i18n>
      <el:string el:key="title">
        <el:english el:translate="false"/>
      </el:string>
    </el:i18n>
  </el:protected>
</el:level>
