<?xml version="1.0" encoding="UTF-8" standalone="no" ?>
<el:level xmlns:xsi="http://www.w3.org/2001/XMLSchema-instance" xsi:schemaLocation="http://enigma-game.org/schema/level/1 level.xsd" xmlns:el="http://enigma-game.org/schema/level/1">
  <el:protected>
    <el:info el:type="level">
      <el:identity el:title="Protected Exhibition" el:subtitle="" el:id="duffy156"/>
      <el:version el:score="1" el:release="2" el:revision="4" el:status="released"/>
      <el:author  el:name="Jacob Scott" el:email="" el:homepage=""/>
      <el:copyright>Copyright © 2007 Jacob Scott</el:copyright>
      <el:license el:type="GPL v2.0 or above" el:open="true"/>
      <el:compatibility el:enigma="1.10"/>
      <el:modes el:easy="true" el:single="true" el:network="false"/>
      <el:comments>
        <el:credits el:showinfo="true" el:showstart="false">Ronald Lamprecht for idea and solution of difficult mode</el:credits>
        <el:code>New API converted by R. Bourquin</el:code>
      </el:comments>
      <el:score el:easy="-" el:difficult="-"/>
    </el:info>
    <el:luamain><![CDATA[
ti[" "] = {"fl_bluegray"}
ti["~"] = {"fl_water"}
ti["-"] = {"fl_thief"}
ti["#"] = {"st_granite"}
ti["+"] = {"st_box"}
ti["^"] = {"st_laser", orientation=NORTH, state=ON}
ti[">"] = {"st_laser", orientation=EAST, state=ON}
ti["V"] = {"st_laser", orientation=SOUTH, state=ON}
ti["<"] = {"st_laser", orientation=WEST, state=ON}
ti["O"] = {"st_oxyd"}
if wo["IsDifficult"] then
    ti["o"] = ti["O"]
else
    ti["o"] = ti["#"]
end
ti["@"] = {"#ac_marble_black"}

wo(ti, " ", {
    "####################",
    "#O~     V  V     ~O#",
    "#~~              ~~#",
    "# -      ##      - #",
    "#      +    +      #",
    "o~^   #  ++  #   ^~o",
    "# ~~>   +  +   <~~ #",
    "o~V   #  ++  #   V~o",
    "#      +    +      #",
    "# -      ##      - #",
    "#~~ @            ~~#",
    "#O~     ^  ^     ~O#",
    "####################"})

wo:shuffleOxyd()
 ]]></el:luamain>
    <el:i18n>
      <el:string el:key="title">
        <el:english el:translate="false"/>
      </el:string>
    </el:i18n>
  </el:protected>
</el:level>
