<?xml version="1.0" encoding="UTF-8" standalone="no" ?>
<el:level xmlns:xsi="http://www.w3.org/2001/XMLSchema-instance" xsi:schemaLocation="http://enigma-game.org/schema/level/1 level.xsd" xmlns:el="http://enigma-game.org/schema/level/1">
  <el:protected>
    <el:info el:type="level">
      <el:identity el:title="Mayan Meditation" el:subtitle="" el:id="duffy162"/>
      <el:version el:score="1" el:release="2" el:revision="2" el:status="released"/>
      <el:author  el:name="Jacob Scott" el:email="" el:homepage=""/>
      <el:copyright>Copyright © 2007 Jacob Scott</el:copyright>
      <el:license el:type="GPL v2.0 or above" el:open="true"/>
      <el:compatibility el:enigma="1.10"/>
      <el:modes el:easy="true" el:single="true" el:network="false"/>
      <el:comments><el:code>New API converted by R. Bourquin</el:code></el:comments>
      <el:score el:easy="-" el:difficult="-"/>
    </el:info>
    <el:luamain><![CDATA[
wo["SlopeStrength"] = cond(wo["IsDifficult"], 30.0, 25.0)
wo["MeditationStrength"] = cond(wo["IsDifficult"], 4.5, 3.0)

ti[" "] = {"fl_red"}
ti["^"] = {"fl_slope_pn"}
ti[">"] = {"fl_slope_pe"}
ti["V"] = {"fl_slope_ps"}
ti["<"] = {"fl_slope_pw"}
ti["#"] = {"st_purplegray"}
ti["o"] = {"it_meditation_hollow"}
ti["@"] = {"#ac_pearl"}

wo(ti, " ", {
    "####################",
    "#                  #",
    "# @     #^^#     @ #",
    "#    @  #^^#  @    #",
    "#       #^^#       #",
    "#    ####oo####    #",
    "#    <<<oooo>>>    #",
    "#    ####oo####    #",
    "#       #VV#       #",
    "#    @  #VV#  @    #",
    "# @     #VV#     @ #",
    "#                  #",
    "####################"})
 ]]></el:luamain>
    <el:i18n>
      <el:string el:key="title">
        <el:english el:translate="false"/>
      </el:string>
    </el:i18n>
  </el:protected>
</el:level>
