<?xml version="1.0" encoding="UTF-8" standalone="no" ?>
<el:level xmlns:xsi="http://www.w3.org/2001/XMLSchema-instance" xsi:schemaLocation="http://enigma-game.org/schema/level/1 level.xsd" xmlns:el="http://enigma-game.org/schema/level/1">
  <el:protected>
    <el:info el:type="level">
      <el:identity el:title="Pantograph" el:subtitle="Dry Run" el:id="duffy160"/>
      <el:version el:score="1" el:release="1" el:revision="2" el:status="released"/>
      <el:author  el:name="Jacob Scott" el:email="" el:homepage=""/>
      <el:copyright>Copyright © 2007 Jacob Scott</el:copyright>
      <el:license el:type="GPL v2.0 or above" el:open="true"/>
      <el:compatibility el:enigma="1.00">
      </el:compatibility>
      <el:modes el:easy="true" el:single="true" el:network="false"/>
      <el:score el:easy="-" el:difficult="-"/>
    </el:info>
    <el:luamain><![CDATA[
rooms_wide=4
rooms_high=3

levelw=1+(19*rooms_wide)
levelh=1+(12*rooms_high)

create_world( levelw, levelh)
enigma.ConserveLevel = 0

fill_floor("fl-hay", 0,0,levelw,levelh)

function renderLine( line, pattern)
    for i=1, strlen(pattern) do
        local c = strsub( pattern, i, i)
        if c =="#" then
            set_stone( "st-greenbrown", i-1, line)
        elseif c == "1" then
            set_stone("st-oxyd", i-1, line,{color="0"})
		elseif c == "2" then
            set_stone("st-oxyd", i-1, line,{color="1"})
		elseif c == "3" then
		    set_stone("st-oxyd", i-1, line,{color="2"})
		elseif c == "4" then
		    set_stone("st-oxyd", i-1, line,{color="3"})
		elseif c == "5" then
		    set_stone("st-oxyd", i-1, line,{color="4"})
		elseif c == "6" then
		    set_stone("st-oxyd", i-1, line,{color="5"})
		elseif c == "7" then
		    set_stone("st-oxyd", i-1, line,{color="6"})
		elseif c == "8" then
		    set_stone("st-oxyd", i-1, line,{color="7"})
        elseif c == "!" then
            abyss(i-1,line)
        elseif c == "x" then
            set_floor("fl-abyss_fake",i-1,line)
            if not difficult then
                set_item("it-sensor",i-1,line,{action="callback",target="funcc1",_posx=i-1,_posy=line})
            end
        elseif c=="z" then
            set_actor("ac-blackball", i,line+.5, {player=0})
        end
    end
end

function yy1( color, x, y)
    stone = format( "st-%s4", color)
    set_stone( stone, x, y)
end

function funcc1(value,sender)
    _posx=enigma.GetAttrib(sender,"_posx")
    _posy=enigma.GetAttrib(sender,"_posy")
    set_floor("fl-rough",_posx,_posy)
    enigma.KillItem(_posx,_posy)
end

-- Floor:  " "
-- Border: "#"
-- Oxyd:   "o"

--renderLine(00,"##########################################################                   ")
--renderLine(01,"#                  #                  #                  #                   ")
--renderLine(02,"#                  #                  #                  #                   ")
--renderLine(03,"#                  #                  #                  #                   ")
--renderLine(04,"#                  #                  #                  #                   ")
--renderLine(05,"#                  #                  #                  #                   ")
--renderLine(06,"#                                                        #                   ")
--renderLine(07,"#                  #                  #                  #                   ")
--renderLine(08,"#                  #                  #                  #                   ")
--renderLine(09,"#                  #                  #                  #                   ")
--renderLine(10,"#                  #                  #                  #                   ")
--renderLine(11,"#                  #                  #                  #                   ")
--renderLine(12,"#########  #################  #################  ############################")
--renderLine(13,"#                  #                  #                  !!!!!!!!!!!!!!!!!!o#")
--renderLine(14,"#                  #                  #                  !!!!!!!!!!!!!!!!!! #")
--renderLine(15,"#                  #                  #                  !!!!!!!!!!!!!!!!!! #")
--renderLine(16,"#                  #                  #                  !!!!!!!!!!!!!!!!!! #")
--renderLine(17,"#                  #                  #                  !!!!!!!!!!!!!!!!!! #")
--renderLine(18,"#1                                             z         x!!!!!!!!!!!!!!!!x #")
--renderLine(19,"#                  #                  #                  !!!!!!!!!!!!!!!!!! #")
--renderLine(20,"#                  #                  #                  !!!!!!!!!!!!!!!!!! #")
--renderLine(21,"#                  #                  #                  !!!!!!!!!!!!!!!!!! #")
--renderLine(22,"#                  #                  #                  !!!!!!!!!!!!!!!!!! #")
--renderLine(23,"#                  #                  #                  !!!!!!!!!!!!!!!!!!o#")
--renderLine(24,"#########  #################  #################  ############################")
--renderLine(25,"#                  #                  #                  #                   ")
--renderLine(26,"#                  #                  #                  #                   ")
--renderLine(27,"#                  #                  #                  #                   ")
--renderLine(28,"#                  #                  #                  #                   ")
--renderLine(29,"#                  #                  #                  #                   ")
--renderLine(30,"#                                                        #                   ")
--renderLine(31,"#                  #                  #                  #                   ")
--renderLine(32,"#                  #                  #                  #                   ")
--renderLine(33,"#                  #                  #                  #                   ")
--renderLine(34,"#                  #                  #                  #                   ")
--renderLine(35,"#                  #                  #                  #                   ")
--renderLine(36,"##########################################################                   ")

ch=random(10)


if ch==1 then

renderLine(00,"##########################################################                   ")
renderLine(01,"#                  #                  #                  #                   ")
renderLine(02,"#                  #                  #                  #                   ")
renderLine(03,"#                  #                  #                  #                   ")
renderLine(04,"#                  #                  #                  #                   ")
renderLine(05,"#                  #                  #                  #                   ")
renderLine(06,"#      2              2                                  #                   ")
renderLine(07,"#                  #                  #                  #                   ")
renderLine(08,"#                  #                  #                  #                   ")
renderLine(09,"#                  #                  #                  #                   ")
renderLine(10,"#                  #                  #                  #                   ")
renderLine(11,"#                  #                  #                  #                   ")
renderLine(12,"#########  #####3#####3#####  #################  ############################")
renderLine(13,"#                  #                  #                  !!!!!!!!!!!!!!!!!!8#")
renderLine(14,"#                  #                  #                  !!xxxxxx!!!!!!!!!! #")
renderLine(15,"#                  #                  #                  !!x!!!!x!!!!!!!!!! #")
renderLine(16,"#                  #                  #                  !!x!!xxx!!!!!!!!!! #")
renderLine(17,"#                  #                  #                  !!x!!x!!!!!!!!!!!! #")
renderLine(18,"#1     1                                7      z    7    xxx!!x!!!!!!!xxxxx #")
renderLine(19,"#                  #                  #                  !!!!!x!!!!!!!x!!!! #")
renderLine(20,"#                  #                  #                  !!xxxx!xxxxxxx!!!! #")
renderLine(21,"#                  #                  #                  !!x!!!!x!!!!!!!!!! #")
renderLine(22,"#                  #                  #                  !!xxxxxx!!!!!!!!!! #")
renderLine(23,"#                  #                  #                  !!!!!!!!!!!!!!!!!!8#")
renderLine(24,"#######4#  #####4#####6#####  ##########6######  ############################")
renderLine(25,"#                  #                  #                  #                   ")
renderLine(26,"#                  #                  #                  #                   ")
renderLine(27,"#                  #                  #                  #                   ")
renderLine(28,"#                  #                  #                  #                   ")
renderLine(29,"#                  #                  #                  #                   ")
renderLine(30,"#      5              5                                  #                   ")
renderLine(31,"#                  #                  #                  #                   ")
renderLine(32,"#                  #                  #                  #                   ")
renderLine(33,"#                  #                  #                  #                   ")
renderLine(34,"#                  #                  #                  #                   ")
renderLine(35,"#                  #                  #                  #                   ")
renderLine(36,"##########################################################                   ")

elseif ch==2 then

renderLine(00,"##########################################################                   ")
renderLine(01,"#                  #                  #                  #                   ")
renderLine(02,"#                  #                  #                  #                   ")
renderLine(03,"#                  #                  #                  #                   ")
renderLine(04,"#                  #                  #                  #                   ")
renderLine(05,"#                  #                  #                  #                   ")
renderLine(06,"#   4                                            4       #                   ")
renderLine(07,"#                  #                  #                  #                   ")
renderLine(08,"#                  #                  #                  #                   ")
renderLine(09,"#                  #                  #                  #                   ")
renderLine(10,"#                  #                  #                  #                   ")
renderLine(11,"#                  #                  #                  #                   ")
renderLine(12,"####3####  #################3 #######5#########  5###########################")
renderLine(13,"#                  #                  #                  !!!!!!!!!!!!!!!!!!8#")
renderLine(14,"#                  #                  #                  !xxxxxxxxxxxxxxxx! #")
renderLine(15,"#                  #                  #                  !x!!!!!!!!!!!!!!x! #")
renderLine(16,"#                  #                  #                  !xxxxxxxxx!!xxxxx! #")
renderLine(17,"#                  #                  #                  !!!!!!!!!x!!x!!!!! #")
renderLine(18,"#1           1                                7z    7    xxxxx!!!!x!!x!!xxx #")
renderLine(19,"#                  #                  #                  !!!!x!!!!x!!xxxx!! #")
renderLine(20,"#                  #                  #                  !!!!x!!!!x!!!!!!!! #")
renderLine(21,"#                  #                 6#       6          !!!!xxxxxx!!!!!!!! #")
renderLine(22,"#                  #                  #                  !!!!!!!!!!!!!!!!!! #")
renderLine(23,"#                  #                  #                  !!!!!!!!!!!!!!!!!!8#")
renderLine(24,"#########  #################  #################  ############################")
renderLine(25,"#                  #                  #                  #                   ")
renderLine(26,"#                  #                  #                  #                   ")
renderLine(27,"#            2     #        2         #                  #                   ")
renderLine(28,"#                  #                  #                  #                   ")
renderLine(29,"#                  #                  #                  #                   ")
renderLine(30,"#                                                        #                   ")
renderLine(31,"#                  #                  #                  #                   ")
renderLine(32,"#                  #                  #                  #                   ")
renderLine(33,"#                  #                  #                  #                   ")
renderLine(34,"#                  #                  #                  #                   ")
renderLine(35,"#                  #                  #                  #                   ")
renderLine(36,"##########################################################                   ")

elseif ch==3 then

renderLine(00,"##########################################################                   ")
renderLine(01,"#                  #                  #                  #                   ")
renderLine(02,"#                  #                  #                  #                   ")
renderLine(03,"#                  #                  #                  #                   ")
renderLine(04,"#                  #                  #                  #                   ")
renderLine(05,"#                  #                  #                  #                   ")
renderLine(06,"#                        3                       3       #                   ")
renderLine(07,"#                  #                  #                  #                   ")
renderLine(08,"#                  #                  #                  #                   ")
renderLine(09,"#                  #                  #                  #                   ")
renderLine(10,"#                  #                  #                  #                   ")
renderLine(11,"#                  #                  #                  #                   ")
renderLine(12,"#########  ##############2##  #######2#####4###  4###########################")
renderLine(13,"#                  #                  #                  !!!!!!!!!!!!!!!!!!8#")
renderLine(14,"#                  #                  #                  !!!!!!!!xxxxxxxxx! #")
renderLine(15,"#                  #                  #                  !!!!!!!!x!!!!!!!x! #")
renderLine(16,"#                  #                  #                  !!!!!!!!xxxxx!xxx! #")
renderLine(17,"#                  #                  #                  !!!!!!!!!!!!x!x!!! #")
renderLine(18,"#1                                   1         z 7  7    xxxxxxxxxxxxx!x!xx #")
renderLine(19,"#                  #                  #                  !!!!!!!!!!!!!!x!x! #")
renderLine(20,"#                  #                  #                  !xxxxxxxxxxxxxx!x! #")
renderLine(21,"#                  #                  #                  !x!!!!!!!!!!!!!!x! #")
renderLine(22,"#                  #                  #                  !xxxxxxxxxxxxxxxx! #")
renderLine(23,"#                  #                  #                  !!!!!!!!!!!!!!!!!!8#")
renderLine(24,"####5####  #################  #############5###  ############################")
renderLine(25,"#                  #                  #                  #                   ")
renderLine(26,"#                  #                  #                  #                   ")
renderLine(27,"#                  #                  #                  #                   ")
renderLine(28,"#                  #                  #                  #                   ")
renderLine(29,"#                  #                  #                  #                   ")
renderLine(30,"#   6                                            6       #                   ")
renderLine(31,"#                  #                  #                  #                   ")
renderLine(32,"#                  #                  #                  #                   ")
renderLine(33,"#                  #                  #                  #                   ")
renderLine(34,"#                  #                  #                  #                   ")
renderLine(35,"#                  #                  #                  #                   ")
renderLine(36,"##########################################################                   ")

elseif ch==4 then

renderLine(00,"##########################################################                   ")
renderLine(01,"#                  #                  #                  #                   ")
renderLine(02,"#                  #                  #                  #                   ")
renderLine(03,"#                  #                  #                  #                   ")
renderLine(04,"#                  #                  #                  #                   ")
renderLine(05,"#                  #                  #                  #                   ")
renderLine(06,"#                     3        3     6        6          #                   ")
renderLine(07,"#                  #                  #                  #                   ")
renderLine(08,"#                  #                  #                  #                   ")
renderLine(09,"#                  #                  #                  #                   ")
renderLine(10,"#                  #                  #                  #                   ")
renderLine(11,"#                  #                  #                  #                   ")
renderLine(12,"#########  #################  #################  ############################")
renderLine(13,"#                  #                  #                  !!!!!!!!!!!!!!!!!!8#")
renderLine(14,"#                  #                  #                  !!!!!!!xxxx!xxxx!! #")
renderLine(15,"#                  #                  #                  !!!!!!!x!!x!x!!x!! #")
renderLine(16,"#                  #                  #                  !!!!!!!x!!x!x!!x!! #")
renderLine(17,"#                  #                  #                  !!!!!!!x!!x!x!!x!! #")
renderLine(18,"#1        1                                   7z    7    xxxx!!!x!!x!x!!xxx #")
renderLine(19,"#                  #                  #                  !!!x!!!x!!x!x!!!!! #")
renderLine(20,"#                  #                  #                  !!!x!!!x!!x!xxxxx! #")
renderLine(21,"#                  #                  #                  !!!xxxxx!!x!!!!!x! #")
renderLine(22,"#                  #                  #                  !!!!!!!!!!xxxxxxx! #")
renderLine(23,"#                  #                  #                  !!!!!!!!!!!!!!!!!!8#")
renderLine(24,"#########  #################  #######5#########  5###########################")
renderLine(25,"#                  #                  #                  #                   ")
renderLine(26,"#                  #                  #                  #                   ")
renderLine(27,"#         2        #  2               #                  #                   ")
renderLine(28,"#                  #                  #                  #                   ")
renderLine(29,"#                  #                  #                  #                   ")
renderLine(30,"#                              4                 4       #                   ")
renderLine(31,"#                  #                  #                  #                   ")
renderLine(32,"#                  #                  #                  #                   ")
renderLine(33,"#                  #                  #                  #                   ")
renderLine(34,"#                  #                  #                  #                   ")
renderLine(35,"#                  #                  #                  #                   ")
renderLine(36,"##########################################################                   ")

elseif ch==5 then

renderLine(00,"##########################################################                   ")
renderLine(01,"#                  #                  #                  #                   ")
renderLine(02,"#                  #                  #                  #                   ")
renderLine(03,"#                  #                  #                  #                   ")
renderLine(04,"#                  #                  #                  #                   ")
renderLine(05,"#                  #                  #                  #                   ")
renderLine(06,"#   3                                            3       #                   ")
renderLine(07,"#                  #                  #                  #                   ")
renderLine(08,"#                  #                  #                  #                   ")
renderLine(09,"#                  #                  #                  #                   ")
renderLine(10,"#                  #                  #                  #                   ")
renderLine(11,"#                  #                  #                  #                   ")
renderLine(12,"####2####  ##2########4#####  #################  4###########################")
renderLine(13,"#                  #                  #                  !!!!!!!!!!!!!!!!!!8#")
renderLine(14,"#                  #                  #                  !xxxxxxxxxxxxxxxx! #")
renderLine(15,"#                  #                  #                  !x!!!!!!!!!!!!!!x! #")
renderLine(16,"#                  #                  #                  !xxxx!!xxxxxxxxxx! #")
renderLine(17,"#                  #                  #                  !!!!x!!x!!!!!!!!!! #")
renderLine(18,"#1           1        5        5     7         z    7    xxxxx!!xxxx!xxxxxx #")
renderLine(19,"#                  #                  #                  !!!!!!!!!!x!x!!!!! #")
renderLine(20,"#                  #                  #                  !!!!!!!!!!x!x!!!!! #")
renderLine(21,"#                  #                  #                  !!!!!!!!!!x!x!!!!! #")
renderLine(22,"#                  #                  #                  !!!!!!!!!!xxx!!!!! #")
renderLine(23,"#                  #                  #                  !!!!!!!!!!!!!!!!!!8#")
renderLine(24,"#########  #################  #################   ###########################")
renderLine(25,"#                  #                  #                  #                   ")
renderLine(26,"#                  #                  #                  #                   ")
renderLine(27,"#                  #                  #                  #                   ")
renderLine(28,"#                  #                  #                  #                   ")
renderLine(29,"#                  #                  #                  #                   ")
renderLine(30,"#                              6     6                   #                   ")
renderLine(31,"#                  #                  #                  #                   ")
renderLine(32,"#                  #                  #                  #                   ")
renderLine(33,"#                  #                  #                  #                   ")
renderLine(34,"#                  #                  #                  #                   ")
renderLine(35,"#                  #                  #                  #                   ")
renderLine(36,"##########################################################                   ")

elseif ch==6 then

renderLine(00,"##########################################################                   ")
renderLine(01,"#                  #                  #                  #                   ")
renderLine(02,"#                  #                  #                  #                   ")
renderLine(03,"#                  #                  #                  #                   ")
renderLine(04,"#                  #                  #                  #                   ")
renderLine(05,"#                  #                  #                  #                   ")
renderLine(06,"#      2                                   2             #                   ")
renderLine(07,"#                  #                  #                  #                   ")
renderLine(08,"#                  #                  #                  #                   ")
renderLine(09,"#                  #                  #                  #                   ")
renderLine(10,"#                  #                  #                  #                   ")
renderLine(11,"#                  #                  #                  #                   ")
renderLine(12,"#########  ##3##############  #############3###  ############################")
renderLine(13,"#                  #                  #                  !!!!!!!!!!!!!!!!!!8#")
renderLine(14,"#                  #                  #                  !!xxxxxxxxxxxxx!!! #")
renderLine(15,"#                  #                  #                  !!x!!!!!!!!!!!x!!! #")
renderLine(16,"#                  #                  #                  !!x!xxxxxxxxxxx!!! #")
renderLine(17,"#                  #                  #                  !!x!x!!!!!!!!!!!!! #")
renderLine(18,"#1     1              7                        z    7    xxx!x!!xxxxxxxxxxx #")
renderLine(19,"#                  #                  #                  !!!!x!!x!!!!!!!!!! #")
renderLine(20,"#                  #                  #                  !!xxx!!xxxxxxxxxx! #")
renderLine(21,"#                  #                  #                  !!x!!!!!!!!!!!!!x! #")
renderLine(22,"#                  #                  #                  !!xxxxxxxxxxxxxxx! #")
renderLine(23,"#                  #                  #                  !!!!!!!!!!!!!!!!!!8#")
renderLine(24,"#######4#  ##4########6#####  #################  6###########################")
renderLine(25,"#                  #                  #                  #                   ")
renderLine(26,"#                  #                  #                  #                   ")
renderLine(27,"#                  #                  #                  #                   ")
renderLine(28,"#                  #                  #                  #                   ")
renderLine(29,"#                  #                  #                  #                   ")
renderLine(30,"#      5                                         5       #                   ")
renderLine(31,"#                  #                  #                  #                   ")
renderLine(32,"#                  #                  #                  #                   ")
renderLine(33,"#                  #                  #                  #                   ")
renderLine(34,"#                  #                  #                  #                   ")
renderLine(35,"#                  #                  #                  #                   ")
renderLine(36,"##########################################################                   ")

elseif ch==7 then

renderLine(00,"##########################################################                   ")
renderLine(01,"#                  #                  #                  #                   ")
renderLine(02,"#                  #                  #                  #                   ")
renderLine(03,"#                  #                  #                  #                   ")
renderLine(04,"#                  #                  #                  #                   ")
renderLine(05,"#                  #                  #                  #                   ")
renderLine(06,"#                        6                    6          #                   ")
renderLine(07,"#                  #                  #                  #                   ")
renderLine(08,"#                  #                  #                  #                   ")
renderLine(09,"#            2     2                  #                  #                   ")
renderLine(10,"#                  #                  #                  #                   ")
renderLine(11,"#                  #                  #                  #                   ")
renderLine(12,"#########  #################  ####4#####4######  ############################")
renderLine(13,"#                  #                  #                  !!!!!!!!!!!!!!!!!!8#")
renderLine(14,"#                  #                  #                  !!!!!!!!xxxxxxxx!! #")
renderLine(15,"#                  #                  #                  !!!!xxx!x!!!!!!x!! #")
renderLine(16,"#                  #                  #                  !!!!x!x!x!!xxx!x!! #")
renderLine(17,"#                  #                  #                  !!!!x!x!x!!x!x!x!! #")
renderLine(18,"#1           1                                7z    7    xxxxx!x!x!!x!x!xxx #")
renderLine(19,"#                  #                  #                  !!!!!!x!x!!x!x!!!! #")
renderLine(20,"#                  #                  #                  !!!!!!x!xxxx!x!!!! #")
renderLine(21,"#                  #                  #                  !!!!!!x!!!!!!x!!!! #")
renderLine(22,"#                  #                  #                  !!!!!!xxxxxxxx!!!! #")
renderLine(23,"#                  #                  #                  !!!!!!!!!!!!!!!!!!8#")
renderLine(24,"#########  ##############5##  ####5############  ############################")
renderLine(25,"#                  #                  #                  #                   ")
renderLine(26,"#                  #                  #                  #                   ")
renderLine(27,"#                  #                  #                  #                   ")
renderLine(28,"#                  #                  #                  #                   ")
renderLine(29,"#                  #                  #                  #                   ")
renderLine(30,"#                  3                    3                #                   ")
renderLine(31,"#                  #                  #                  #                   ")
renderLine(32,"#                  #                  #                  #                   ")
renderLine(33,"#                  #                  #                  #                   ")
renderLine(34,"#                  #                  #                  #                   ")
renderLine(35,"#                  #                  #                  #                   ")
renderLine(36,"##########################################################                   ")

elseif ch==8 then

renderLine(00,"##########################################################                   ")
renderLine(01,"#                  #                  #                  #                   ")
renderLine(02,"#                  #                  #                  #                   ")
renderLine(03,"#                  #                  #                  #                   ")
renderLine(04,"#                  #                  #                  #                   ")
renderLine(05,"#                  #                  #                  #                   ")
renderLine(06,"#            5                                   5       #                   ")
renderLine(07,"#                  #                  #                  #                   ")
renderLine(08,"#                  #                  #                  #                   ")
renderLine(09,"#                  #                  #                  #                   ")
renderLine(10,"#                  #                  #                  #                   ")
renderLine(11,"#                  #                  #                  #                   ")
renderLine(12,"#########  ##4##############4 ####6############  6###########################")
renderLine(13,"#                  #                  #                  !!!!!!!!!!!!!!!!!!8#")
renderLine(14,"#                  #                  #                  !!!!xxxxxxxxxxxxx! #")
renderLine(15,"#                  #                  #                  !!!!x!!!!!!!!!!!x! #")
renderLine(16,"#                  #                  #                  !!!!xxxxxx!xxxxxx! #")
renderLine(17,"#                  #                  #                  !!!!!!!!!x!x!!!!!! #")
renderLine(18,"#1        1                       7            z    7    xxxx!!!!!x!xxxxxxx #")
renderLine(19,"#                  #                  #                  !!!x!!!!!x!!!!!!!! #")
renderLine(20,"#                  #                  #                  !!!x!!!!!xxxxxx!!! #")
renderLine(21,"#                  #                  #                  !!!x!!!!!!!!!!x!!! #")
renderLine(22,"#                  #                  #                  !!!xxxxxxxxxxxx!!! #")
renderLine(23,"#                  #                  #                  !!!!!!!!!!!!!!!!!!8#")
renderLine(24,"#########  #################3 #############3###  ############################")
renderLine(25,"#                  #                  #                  #                   ")
renderLine(26,"#                  #                  #                  #                   ")
renderLine(27,"#                  #                  #                  #                   ")
renderLine(28,"#                  #                  #                  #                   ")
renderLine(29,"#                  #                  #                  #                   ")
renderLine(30,"#         2                                2             #                   ")
renderLine(31,"#                  #                  #                  #                   ")
renderLine(32,"#                  #                  #                  #                   ")
renderLine(33,"#                  #                  #                  #                   ")
renderLine(34,"#                  #                  #                  #                   ")
renderLine(35,"#                  #                  #                  #                   ")
renderLine(36,"##########################################################                   ")

elseif ch==9 then

renderLine(00,"##########################################################                   ")
renderLine(01,"#                  #                  #                  #                   ")
renderLine(02,"#                  #                  #                  #                   ")
renderLine(03,"#                  #                  #                  #                   ")
renderLine(04,"#                  #                  #                  #                   ")
renderLine(05,"#                  #                  #                  #                   ")
renderLine(06,"#         2                          2                   #                   ")
renderLine(07,"#                  #                  #                  #                   ")
renderLine(08,"#                  #                  #                  #                   ")
renderLine(09,"#                  #                  #                  #                   ")
renderLine(10,"#                  #                  #                  #                   ")
renderLine(11,"#                  #                  #                  #                   ")
renderLine(12,"#########  #####5###########  #5###############  ############################")
renderLine(13,"#                  #                  #                  !!!!!!!!!!!!!!!!!!8#")
renderLine(14,"#                  #                  #                  !!!xxxxxxxxxx!!!!! #")
renderLine(15,"#                  #                  #                  !!!x!!!!!!!!x!!!!! #")
renderLine(16,"#                  #                  #                  !!!x!xxxxxx!x!!!!! #")
renderLine(17,"#                  #                  #                  !!!x!x!!!!x!x!!!!! #")
renderLine(18,"#1        1           4        4           7   z    7    xxxx!x!xxxx!x!xxxx #")
renderLine(19,"#                  #                  #                  !!!!!x!x!!!!x!x!!! #")
renderLine(20,"#                  #                  #                  !!!!!x!xxxxxx!x!!! #")
renderLine(21,"#                  #                  #                  !!!!!x!!!!!!!!x!!! #")
renderLine(22,"#                  #                  #                  !!!!!xxxxxxxxxx!!! #")
renderLine(23,"#                  #                  #                  !!!!!!!!!!!!!!!!!!8#")
renderLine(24,"#########  ###########3#####  #######3#########  ############################")
renderLine(25,"#                  #                  #                  #                   ")
renderLine(26,"#                  #                  #                  #                   ")
renderLine(27,"#                  #                  #                  #                   ")
renderLine(28,"#                  #                  #                  #                   ")
renderLine(29,"#                  #                  #                  #                   ")
renderLine(30,"#               6                          6             #                   ")
renderLine(31,"#                  #                  #                  #                   ")
renderLine(32,"#                  #                  #                  #                   ")
renderLine(33,"#                  #                  #                  #                   ")
renderLine(34,"#                  #                  #                  #                   ")
renderLine(35,"#                  #                  #                  #                   ")
renderLine(36,"##########################################################                   ")

elseif ch==10 then

renderLine(00,"##########################################################                   ")
renderLine(01,"#                  #                  #                  #                   ")
renderLine(02,"#                  #                  #                  #                   ")
renderLine(03,"#                  #                  #                  #                   ")
renderLine(04,"#                  #                  #                  #                   ")
renderLine(05,"#                  #                  #                  #                   ")
renderLine(06,"#      2                                   2             #                   ")
renderLine(07,"#                  #                  #                  #                   ")
renderLine(08,"#                  #                  #                  #                   ")
renderLine(09,"#                  #                  #                  #                   ")
renderLine(10,"#                  #                  #                  #                   ")
renderLine(11,"#                  #                  #                  #                   ")
renderLine(12,"#########  #####3###########  #############3###  ############################")
renderLine(13,"#                  #                  #                  !!!!!!!!!!!!!!!!!!8#")
renderLine(14,"#                  #                  #                  !!xxxxxxxxxxxxx!!! #")
renderLine(15,"#                  #                  #                  !!x!!!!!!!!!!!x!!! #")
renderLine(16,"#                  #                  #                  !!x!!xxxxxxxxxx!!! #")
renderLine(17,"#                  #                  #                  !!x!!x!!!!!!!!!!!! #")
renderLine(18,"#1     1                 7                     z    7    xxx!!x!!xxxxxxxxxx #")
renderLine(19,"#                  #                  #                  !!!!!x!!x!!!!!!!!! #")
renderLine(20,"#                  #                  #                  !!xxxx!!xxxxxxxxx! #")
renderLine(21,"#                  #                  #                  !!x!!!!!!!!!!!!!x! #")
renderLine(22,"#                  #                  #                  !!xxxxxxxxxxxxxxx! #")
renderLine(23,"#                  #                  #                  !!!!!!!!!!!!!!!!!!8#")
renderLine(24,"#######4#  #####4########6##  #################  6###########################")
renderLine(25,"#                  #                  #                  #                   ")
renderLine(26,"#                  #                  #                  #                   ")
renderLine(27,"#                  #                  #                  #                   ")
renderLine(28,"#                  #                  #                  #                   ")
renderLine(29,"#                  #                  #                  #                   ")
renderLine(30,"#      5                                         5       #                   ")
renderLine(31,"#                  #                  #                  #                   ")
renderLine(32,"#                  #                  #                  #                   ")
renderLine(33,"#                  #                  #                  #                   ")
renderLine(34,"#                  #                  #                  #                   ")
renderLine(35,"#                  #                  #                  #                   ")
renderLine(36,"##########################################################                   ")

end
    ]]></el:luamain>
    <el:i18n>
      <el:string el:key="title">
        <el:english el:translate="false"/>
      </el:string>
    </el:i18n>
  </el:protected>
</el:level>
