<?xml version="1.0" encoding="UTF-8" standalone="no" ?>
<el:level xmlns:xsi="http://www.w3.org/2001/XMLSchema-instance" xsi:schemaLocation="http://enigma-game.org/schema/level/1 level.xsd" xmlns:el="http://enigma-game.org/schema/level/1">
  <el:protected>
    <el:info el:type="level">
      <el:identity el:title="Clever Pushing" el:subtitle="" el:id="joe19"/>
      <el:version el:score="2" el:release="3" el:revision="3" el:status="released"/>
      <el:author el:name="Joseph Dunne" el:email="josephdunne1993@hotmail.com" el:homepage=""/>
      <el:copyright>Copyright © 2006 Joseph Dunne</el:copyright>
      <el:license el:type="GPL v2.0 or above" el:open="true"/>
      <el:compatibility el:enigma="1.10">
        <el:dependency el:path="lib/libpuzzle" el:id="lib/libpuzzle" el:release="3" el:preload="true"/>
      </el:compatibility>
      <el:modes el:easy="false" el:single="true" el:network="false"/>
      <el:comments><el:code>New API converted by /dev/null (October 2009)</el:code></el:comments>
      <el:score el:easy="-" el:difficult="-"/>
    </el:info>
    <el:luamain><![CDATA[
ti["  "] = {"fl_sahara"}
ti[".."] = {"fl_abyss"}
ti["~~"] = {"fl_water"}
ti["--"] = {"fl_lawn"}
ti["##"] = {"st_yellow"}
ti["++"] = {"st_box"}
ti["<<"] = {"st_oneway_white", orientation = WEST}
ti[">>"] = {"st_oneway_white", orientation = EAST}
ti["B"] = {"st_puzzle_blue", intensity = 0}
ti["Y"] = {"st_puzzle_yellow", intensity = 0}
ti[" o"] = {"it_meditation"}
ti[" m"] = {"it_magicwand"}
ti["@@"] = {"#ac_pearl"}

wo(res.composer(res.puzzle(ti, "B", "Y")), "  ", {
    "~~~~~~~~~~~~--------------~~~~~~~~~~~~~~",
    "~~~~~~~~~~~~--##########--~~~~----------",
    "~~~~~~--------##@@ m  ##--------######--",
    "~~~~~~--########      ############ o##--",
    "~~------##                    ####  ####",
    "----######  YlYjBlBj      Bn  ...... o##",
    "######  >>  YcYcBkBf      Bk  ......####",
    "##@@##~~##  BbYfYhBl      Bb  ......####",
    "##@@  ++##    BiYhBc      Bh  ...... o##",
    "##@@##  <<                    ####  ####",
    "################################## o##--",
    "--------------------------------######--",
    "~~~~~~~~~~~~~~~~~~~~~~~~~~~~~~----------"})
 ]]></el:luamain>
    <el:i18n>
      <el:string el:key="title">
        <el:english el:translate="false"/>
      </el:string>
    </el:i18n>
  </el:protected>
</el:level>
