<?xml version="1.0" encoding="UTF-8" standalone="no" ?>
<el:level xmlns:xsi="http://www.w3.org/2001/XMLSchema-instance" xsi:schemaLocation="http://enigma-game.org/schema/level/1 level.xsd" xmlns:el="http://enigma-game.org/schema/level/1">
  <el:protected>
    <el:info el:type="level">
      <el:identity el:title="Swapping Puzzle" el:subtitle="" el:id="joe21"/>
      <el:version el:score="1" el:release="2" el:revision="2" el:status="released"/>
      <el:author el:name="Joseph Dunne" el:email="josephdunne1993@hotmail.com" el:homepage=""/>
      <el:copyright>Copyright © 2006 Joseph Dunne</el:copyright>
      <el:license el:type="GPL v2.0 or above" el:open="true"/>
      <el:compatibility el:enigma="1.10">
        <el:dependency el:path="lib/libpuzzle" el:id="lib/libpuzzle" el:release="3" el:preload="true"/>
      </el:compatibility>
      <el:modes el:easy="false" el:single="true" el:network="false"/>
      <el:comments><el:code>New API converted by /dev/null (October 2009)</el:code></el:comments>
      <el:score el:easy="-" el:difficult="-"/>
    </el:info>
    <el:luamain><![CDATA[
wo["AllowSuicide"] = false
wo["FallenPuzzle"] = "= -"

ti["  "] = {"fl_lawn"}
ti[" -"] = {"fl_red"}
ti[" ."] = {"fl_abyss"}
ti[" ~"] = {"fl_water"}
ti["__"] = {"fl_space"}
ti["=="] = {"st_bluesand"}
ti["##"] = {"st_yellow"}
ti["+ "] = {"st_box"}
ti["G "] = {"st_granite_movable"}
ti["X "] = {"st_grate"}
ti["S "] = {"st_swap"}
ti["R "] = {"st_rotator", movable = true}
ti["I "] = {"st_stoneimpulse"}
ti["B "] = {"st_boulder_s"}
ti["b "] = {"st_blocker"}
ti["m "] = {"it_magicwand"}
ti["o "] = {"it_meditation"}
ti["P"] = {"st_puzzle_blue", intensity = 0}
ti["@ "] = {"#ac_pearl"}

wo(res.composer(res.puzzle(ti, "P")), "  ", {
    "________________________________________",
    "________________________________________",
    "________________________________________",
    "________________________________________",
    "________________________________________",
    "________________________________________",
    "________________________________________",
    "________________________________________",
    "________________________________________",
    "________________________________________",
    "__============##############____________",
    "__== - - - - -     ~ ~  m ##____________",
    "__== -========#### ~ ~####============__",
    "__== - -B- -X X ## ~ ~####== - - - -==__",
    "__== - -G- -X X + X X   ##== - - - -==__",
    "__== - - - -==##    X X X X X  - - -==__",
    "__== - - - -X X X       ##==X  - - -==__",
    "__====== -====X ##X + ####==X ========__",
    "____####  X ##==+  ~ ~X X X ####X ####__",
    "____##Pb  R X == -G- - -==##X X X X ##__",
    "____##S     S == -PbPb -==##X X X X ##__",
    "____##Ph .X I == -PhPh -==##X X S   ##__",
    "____##   .X X  - - - - -==##      @ ##__",
    "____####b ####== - - - -==############__",
    "______##   - -============______________",
    "______##   - -==________________________",
    "______##  PaPf==________________________",
    "______##  Pho ==________________________",
    "______##  ======________________________",
    "______##  ==____________________________",
    "______####==____________________________",
    "________________________________________",
    "________________________________________",
    "________________________________________",
    "________________________________________",
    "________________________________________",
    "________________________________________"})
 ]]></el:luamain>
    <el:i18n>
      <el:string el:key="title">
        <el:english el:translate="false"/>
      </el:string>
    </el:i18n>
  </el:protected>
</el:level>
