<?xml version="1.0" encoding="UTF-8" standalone="no" ?>
<el:level xmlns:xsi="http://www.w3.org/2001/XMLSchema-instance" xsi:schemaLocation="http://enigma-game.org/schema/level/1 level.xsd" xmlns:el="http://enigma-game.org/schema/level/1">
  <el:protected>
    <el:info el:type="level">
      <el:identity el:title="Give Way" el:subtitle="" el:id="just20"/>
      <el:version el:score="1" el:release="2" el:revision="3" el:status="released"/>
      <el:author  el:name="JuSt" el:email="" el:homepage=""/>
      <el:copyright>Copyright © 2007 JuSt</el:copyright>
      <el:license el:type="GPL v2.0 or above" el:open="true"/>
      <el:compatibility el:enigma="1.10"/>
      <el:modes el:easy="false" el:single="true" el:network="false"/>
      <el:comments><el:code>New API converted by R. Bourquin</el:code></el:comments>
      <el:score el:easy="-" el:difficult="3:18"/>
    </el:info>
    <el:luamain><![CDATA[
ti[" "] = {"fl_concrete"}
ti["~"] = {"fl_water"}
ti["#"] = {"st_greenbrown"}
ti["C"] = {"st_chess"}
ti["D"] = {"st_door", flavor="d", faces="ns", name="door"}
ti[")"] = {"st_rotator_cw"}
ti["("] = {"st_rotator_ccw"}
ti["^"] = {"st_boulder", orientation=NORTH}
ti["t"] = {"it_trigger", target="door"}
ti["O"] = {"st_oxyd"}
ti["@"] = {"#ac_marble_black"}

wo(ti, " ", {
    "###t################",
    "###~##C C C C)C C# O",
    "###~## ) C C C C # O",
    "# C C C C C C C C#D#",
    "#C C C C C C C C #@#",
    "# C C C C C C C C C#",
    "#C C C C C C C C C #",
    "# C C C C C C C C C#",
    "#C C C C C C C C C #",
    "# ( C C C C C C C C#",
    "#C C C C(C C C C C #",
    "# C C C C C C^C C C#",
    "####################"})
 ]]></el:luamain>
    <el:i18n>
      <el:string el:key="title">
        <el:english el:translate="false"/>
      </el:string>
    </el:i18n>
  </el:protected>
</el:level>
