<?xml version="1.0" encoding="utf-8" standalone="no" ?>
<el:level xmlns:xsi="http://www.w3.org/2001/XMLSchema-instance" xsi:schemaLocation="http://enigma-game.org/schema/level/1 level.xsd" xmlns:el="http://enigma-game.org/schema/level/1">
  <el:protected >
    <el:info el:type="level">
      <el:identity el:title="Jack-Of-All-Trades" el:subtitle="Find The Paradise" el:id="mecke12"/>
      <el:version el:score="1" el:release="2" el:revision="$Revision: 49 $" el:status="released"/>
      <el:author  el:name="mecke" el:email="" el:homepage=""/>
      <el:copyright>Copyright © 2008 Thomas Bernhardt</el:copyright>
      <el:license el:type="GPL v2.0 or above" el:open="true"/>
      <el:compatibility el:enigma="1.10"/>
      <el:modes el:easy="true" el:single="true" el:network="false" el:control="force" el:scoreunit="duration" el:scoretarget="time"/>
      <el:comments>
        <el:credits el:showinfo="true" el:showstart="false">Thanks to Ronald Lamprecht for some patterns and code examples</el:credits>
      </el:comments>
      <el:score el:easy="20:18" el:difficult="25:52"/>
    </el:info>
    <el:luamain><![CDATA[
wo["ConserveLevel"] = true

ti[" !"] = {"fl_metal_7", friction=4.0}
ti["! "] = {"st_yellow"}
ti["# "] = {"st_death"}
ti[" #"] = {"fl_blueslab"}
ti[" $"] = {"fl_ivory"}
ti["$ "] = {"st_knight"}
ti["% "] = {"st_grate_cross"}
ti[" %"] = {"fl_abyss"}
ti[" &"] = {"fl_water"}
ti[" '"] = {"fl_sahara"}
ti[" ("] = {"fl_bluegray"}
ti["& "] = {"st_oxyd_d"}
ti[" )"] = {"fl_lawn_c1"}
ti[" *"] = {"fl_slope_ise"}
ti[" +"] = {"fl_himalaya"}
ti[" ,"] = {"fl_slope_ine"}
ti["' "] = {"st_actorimpulse_invisible"}
ti[" i"] = {"fl_ice"}
ti["e "] = {"it_extralife"}
ti["s "] = {"it_spring_drop"}
ti["v "] = {"it_strip", connections="ns"}
ti[" -"] = {"fl_slope_isw"}
ti[" ."] = {"fl_slope_inw"}
ti["b "] = {"it_brush"}
ti["* "] = {"st_break_boulder"}
ti[" /"] = {"fl_aquamarine"}
ti["+ "] = {"st_rawglass_movable"}
ti[", "] = {"st_door", faces="ew"}
ti[" 0"] = {"fl_space"}
ti["- "] = {"st_bluesand"}
ti[". "] = {"st_oneway_black_w"}
ti["/ "] = {"st_oneway_black_e"}
ti["P "] = {"st_oneway_black_s"}
ti["c "] = {"it_crack_l"}
ti["0 "] = {"st_magic_brick"}
ti["1 "] = {"st_granite_hollow"}
ti["B "] = {"st_passage_black_frame"}
ti["2 "] = {"st_boulder_w"}
ti["o "] = {"it_springboard"}
ti["3 "] = {"st_door", faces="ns"}
ti["f "] = {"it_coffee"}
ti["g "] = {"it_bomb_black"}
ti["5 "] = {"st_passage_black_cross"}
ti["6 "] = {"st_granite"}
ti[" 1"] = {"fl_redslab"}
ti["7 "] = {"st_boulder_e"}
ti["Z "] = {"st_boulder_n"}
ti["Y "] = {"st_boulder_s"}
ti[" 2"] = {"fl_samba"}
ti["8 "] = {"st_purplemarble"}
ti["p "] = {"it_puller_n"}
ti["h "] = {"it_strip", connections="ew"}
ti[" 3"] = {"fl_swamp"}
ti["9 "] = {"st_actorimpulse"}
ti[" 4"] = {"fl_bluegreen"}
ti[": "] = {"st_puzzle",hollow=true, connections="nesw"}
ti["m "] = {"it_hammer"}
ti[" 5"] = {"fl_slope_pw"}
ti["w "] = {"it_magicwand"}
ti["y "] = {"it_floppy"}
ti["; "] = {"st_passage_black_frame"}
ti["> "] = {"st_box_wood"}
ti[" 6"] = {"fl_yinyang_yang"}
ti[" 7"] = {"fl_slope_tn"}
ti["? "] = {"st_fake_oxydd"}
ti["@ "] = {"st_rawglass"}
ti["A "] = {"st_door", state=OPEN, faces="ns"}
ti["W "] = {"st_break_oxydc"}
ti["gg"] = ti[" %"] .. {"it_strip", connections="ns"}
ti["l3"] = ti[" !"] .. {"st_magic_brick"}
ti["l4"] = ti[" i"] .. {"st_passage_black_frame"}
ti["l5"] = ti[" $"] .. {"st_rawglass_movable"}
ti["l6"] = ti[" $"] .. {"st_rawglass"}
ti["z3"] = ti["l3"] .. {"it_cherry"}
ti["z4"] = ti["l4"] .. {"it_cherry"}
ti["z5"] = ti["l5"] .. {"it_cherry"}
ti["z6"] = ti["l6"] .. {"it_cherry"}
ti["z7"] = ti[" !"] .. {"st_box_wood"}
ti["z8"] = ti[" !"] .. {"st_oneway_black_w"}
ti["z9"] = ti[" !"] .. {"st_grate_cross"}
ti["g5"] = ti["z9"] .. {"it_crack_l"}
ti["l7"] = ti["l5"] .. {"it_extralife"}
ti["z1"] = ti[" 4"] .. {"it_key", code=1}
ti["z2"] = ti[" !"] .. {"it_key", code=2}
ti["t1"] = ti[" !"] .. {"it_trigger", target="lez1",action="toggle"}
ti["t2"] = ti[" !"] .. {"it_trigger", target="lez2",action="toggle"}
ti["t3"] = ti[" !"] .. {"it_trigger", target="lez3",action="toggle"}
ti["t4"] = ti[" !"] .. {"it_trigger", target="lez4",action="toggle"}
ti["t5"] = ti[" !"] .. {"it_trigger", target="olli5",action="toggle"}
ti["t6"] = ti[" !"] .. {"it_trigger", target="olli6",action="toggle"}
ti["t7"] = ti[" !"] .. {"it_trigger", target="olli7",action="toggle"}
ti["t8"] = ti[" !"] .. {"it_trigger", target="olli8",action="toggle"}
ti["l1"] = ti[" 4"] .. {"st_laser_e", name="lez1"}
ti["l2"] = ti[" 4"] .. {"st_laser_e", name="lez2"}
ti["< "] = {"st_laser_s", name="lez3"}
ti["= "] = {"st_laser_n", name="lez4"}
ti["( "] = {"st_key", code=1, target="olli1",action="toggle"} --a
ti[") "] = {"st_key", code=2, target="olli2",action="toggle"} --b
ti["V "] = {"st_floppy", target={"olli3", "olli4"},action="toggle"}
ti["d1"] = ti[" !"] .. {"st_door", faces="ns", name= "olli1"}
ti["d2"] = ti[" !"] .. {"st_door", faces="ew", name= "olli2"}
ti["d3"] = ti[" i"] .. {"st_door", faces="ns", name= "olli3"} --floppy
ti["d4"] = ti[" i"] .. {"st_door", faces="ns", name= "olli4"} --floppy
ti["d5"] = ti[" !"] .. {"st_door", faces="ns", name= "olli5"}
ti["d6"] = ti[" !"] .. {"st_door", faces="ns", name= "olli6"}
ti["d7"] = ti[" !"] .. {"st_door", faces="ns", name= "olli7"}
ti["d8"] = ti[" !"] .. {"st_door", faces="ns", name= "olli8"}
ti["x "] = {"#ac_marble_black"}
ti["r "] = {"#ac_rotor", range=7, strength=7}
ti["q "] = {"#ac_top", range=10, strength=10}
ti["v1"] = ti[" !"] .. {"it_vortex_open", name="vortex1", destination="vortex2"}
ti["v2"] = ti[" $"] .. {"it_vortex_open", name="vortex2", destination={"vortex3","vortex1"}}
ti["v3"] = ti["z7"] .. {"it_vortex_open", name="vortex3", destination="vortex1"}
ti["v4"] = ti["z8"] .. {"it_vortex_open", name="vortex4", destination="vortex5"}
ti["v5"] = ti[" 2"] .. {"it_vortex_open", name="vortex5", destination="vortex4"}
ti["v6"] = ti[" 2"] .. {"it_vortex_open", name="vortex6", destination="vortex7"}
ti["v7"] = ti[" 2"] .. {"it_vortex_open", name="vortex7", destination="vortex6"}
ti["g3"] = ti[" !"] .. {"st_switch_black", target="dolli1"}
ti["g4"] = ti[" !"] .. {"st_switch_black", target="dolli2"}
ti["g1"] = ti["gg"] .. {"st_door", faces="ns", name="dolli1"}
ti["g2"] = ti["gg"] .. {"st_door", faces="ns", name="dolli2"}
if wo ["IsDifficult"] then
    ti["l9"] = ti[" &"] .. {"fl_water"}
    ti["a3"] = ti[" !"] .. {"fl_metal_7", friction=4.0}
    ti["a4"] = ti[" !"] .. {"fl_metal_7", friction=4.0}
    ti["a5"] = ti[" !"] .. {"fl_metal_7", friction=4.0}
    ti["a6"] = ti[" !"] .. {"it_death"}
else
    ti["l9"] = ti[" &"] .. {"fl_ice"}
    ti["a3"] = ti[" !"] .. {"it_flag_black"}
    ti["a4"] = ti[" !"] .. {"it_extralife"}
    ti["a5"] = ti[" !"] .. {"it_pin"}
    ti["a6"] = ti[" !"] .. {"fl_metal_7", friction=4.0}
end

wo(res.composer(ti), "  ", {
    "!!!!!!!!!!!!!!!!!!!!!!!!!!!!!!!!!!!!!!!!$!-!-!-!-!-!-0-!-0-!-0-!-!-!-!-!$!6!6!6!6!6!6!6!g36!6!6!6!6!6!8!8!#!8!8!8!8!8!8!",
    "!! % # % # # # # # # #W#W#W#*#W#*#W#W#W#$!-!-! !-! !-! !-! !-! !-! !-!-!$! % % % %6$ 4 4m$ 4 46$ 2h% !;! ! ! ! ! ! ! !8!",
    "!! #%%%!%!%!%!%!%&%!%&%!%&%!%!%!%!%!%!W#$!.! ! !t5 0t6 0 ! 0t7 0t8 ! !.!$!.2 2 % %+%63 3 3 363 2 26% %#! % 6 %#% % % (8!",
    "!! %%! & & & & & & & & & & & & & & &%!W#$!-!-! !-!d5-!d6-!d7-!d8-! !-!-!$! % 2 % %+% %63 263 2 26% %6!8! ! ! ! & ! & !8!",
    "!! #%! & & & & &>) i & i>) & & & & &%! #$!-! !-! 0q! 0q! 0q! 0q! 0-! !-!$! % 2 % %+% %#3:0#3 26$ % % %#! ( % (#& % % (8!",
    "!! #%! & & & ) i i0i(i0i i i ) & & &%! ##!-!-! !-! !-! !-! !-! !-! !-!-!#! % 2 2 2+2 2:0:0:0 2 4h% 46!8! ! & ! & ! ! !8!",
    "!! #%! &>! ' & iei i>!Wi iei & '>! &>! #$!-! ! 0 ! 0 ! 0 ! 0 ! 0 ! 0 !-!$! % 2 % 3+3 3#3:0#3 364 %+4 %#! % & %#% ( % 68!",
    "!! #%! & & & ) i i0i)i0i i i ) & & &%! #$!/!;!;!;! !f! !z2 !f! !g! !5!/!$!/2 2 % 3l7 363 2 563z1h% 46!8! ! & ! ! ! & !8!",
    "!! #%! & & & & &>) i & i>) & & & & &%! #$!-! 0 ! 0 ! 0 ! 0 ! 0 ! 0 ! 0-!$! % % % 3+3 3 363 ! 56$ % % %#! % % %#% ( & %8!",
    "!! #%! & & & & & & & & & & & & & & &%! %$!-! ! !-! !q! !-! !q! !-! ! !-!#! % % % 3+3 3 3 363 * 56% %6!8! ! ! ! ! ! & !8!",
    "!! #%!%!%!%!%!%!%&%!P!%!%&%!%!%!%!%!%% #$!-0 ! 0 ! 0 !=0 !=0 ! 0 ! 0 !-0$! % % % %+% % % % %6$ 5 56% %#! ( % &#% % ( %8!",
    "!! # # # # # # # # # # # # # # # # % # %#!-!-! ! ! !-! !q! !-! ! ! !-!-!$! % % % %+% % % % % %6% * 56!8! ! ! ! ! ! ! !8!",
    "!!!!!!!!!!!!!!P!P!P!P!!!!!!!!!!!!!!!!!!!$0-! 0 ! 0 ! 0 ! 0 ! 0 ! 0 ! 0-!$06!6!6!6!6!6!6!6!6!6!6!6! * 58! % % & % & ! %8!",
    "#!#!#!#!#!#!#!P!P!P!P!#!#!#!#!#!#!#!#!*!-!*!-!*!-!*!-!*!-!*!-!*!-!*!-!*!-!!!!!!!!!!!!!!!!!!!!!!!!!!! *!!!!!!!!!!6!A!6!6!",
    "#! ! ! ! ! ! ! ! ! ! ! ! ! ! ! ! ! !%! / / / / / / / / / / / / / / / / / /%! ! !9! ! ! ! ! ! ! ! ! ! ! ! ! ! !9! $ $ $6!",
    "#! ! ! ! !a6 ! ! ! ! ! !a6 ! ! ! ! !%! / ( ( ( ( ( ( (e(e( ( ( ( ( ( ( ( /%! ! ! ! ! ! ! !9! ! ! ! ! ! ! ! ! ! ! $z5 $6!",
    "#! ! ! ! ! ! * + % % + - ! ! ! ! ! !%! / ( ! & & & & & & & & & & & & ! ( /%! ! ! ! ! ! ! ! ! ! ! ! ! !9! ! ! ! ! $ $ $6!",
    "#! ! ! ! ! ! + % % % % +a6 ! ! ! ! !%! / (c!#!#!#!#! &g5g5 &c!%!%!%!6! ( /%!8!8!8!8!8!8!8!8!8!8!8!8!8!8!<!8!!!8! $z6 $6!",
    "#! ! ! ! ! ! % %x' ' % %a4 ! ! ! ! !%! / ( !#!#! !l1 & ! ! & !%!t1 ! 1 ( / ! 1 ! 1 ! 1 ! 1 ! 1 ! 1 !2! !t3 -?!8! $ $r$6!",
    "#! ! ! ! ! ! % % 's' % %a3 ! ! ! ! !%! / ( !#!#! !l2 & ! ! & !%!t2 ! 1 ( / ! 1 ! 1 ! 1 ! 1 ! 1 ! 1 !2! !t4 7?!8! $z6 $6!",
    "#! ! ! ! ! ! + % % % % +a6 ! ! !a6 !%! / (c!#!#!#!#! &g5g5 &c!%!%!%!6! ( /%!8!8!8!8!8!8!8!8!8!8!8!8!8!8!=!8!!!8! $ $ $6!",
    "#! ! ! ! ! ! , + % % + . ! ! ! ! ! !%! / ( ! & & & & & & & & & & & & ! ( /%! ! ! ! ! ! ! ! ! ! ! ! ! !9! ! ! ! ! $z6 $6!",
    "#! ! !a6 ! ! !a6 ! ! ! !a6 ! ! ! ! !%! / ( ( ( ( ( ( ( ( ( ( ( ( ( ( ( ( /%! ! ! ! ! ! ! !9! ! ! ! ! ! ! ! ! ! ! $ $ $6!",
    "#! ! ! ! ! ! ! ! ! ! ! ! ! ! ! ! ! !%! / / / / / / / / / / / / / / / / / /%! ! ! !9! ! ! ! ! ! ! ! ! ! ! ! ! !9! $ $ $6!",
    "#!#!#!#!#!#!#!#!#!#!#!#!#!#!#!#!#!#!#!0!0!z3z3z3z3z3z30!z30!z3z3z3z3z3z3z3!!!!!!!!!!!!!!!!!!!!!!!!!!v1!!!!!!!!!!6!d16!6!",
    "!!!!!!!!!!!!!!!!!!!!!!!!!!!!!!!!!!!!!!!!6! ! ! ! ! ! !#!B!#! ! ! ! ! ! ! !6!v6 2 2 % % % % % % %v5 2-!v4%!%!%!6!@!@!@!8!",
    "!!$i$i$i$i$i$i$i$i$i$i$i$i$i$i$i$i$i$i!!6! ! ! ! ! !q!$!Bi$! ! ! ! ! ! ! !6! 2 % 2 2 % %#% % % 2 2 % %#!%!%!%!#!6!@!@!8!",
    "!! i i i i i i i i i i i i i i i i i i!!6!1! ! ! ! ! !#!Bi#! ! ! ! ! ! !1!6! % % % 2 2 %#% % 2 2 % %6!8!>!%!>!6!@!@!@!8!",
    "!!d3!i%i%i%i%i%i%i%i%i%i%i%i%i%i%i!id4!!6!2! ! ! ! !q!$!z4$! ! ! ! ! ! !7!6! % % % % 2 2#% 2 2 % % % %#! !>! !#!6!@!@!8!",
    "!! i i%&Z&Z& &Z& &Z&Z& &Z& &Z&Z&%& i i!!6!2! ! ! ! ! !#!B!#! ! ! ! ! ! !7!6! % % % %v% 2 2 2v% % % %6!8! ! ! !6!@!@!@!8!",
    "!! i i%& & & & & & & & & & & & &%& i i!!6!2! ! ! & !q!$!z4$! ! !l9l9 ! !7&6! % % % % / %#% % / % % % %#! !>! !#!6!>!>!8!",
    "!! i i%& & & & & & & & & & & & &%& i i!!6!2! ! & ! & !#!Bi#! ! & ! ! & !7!6! % % %#%g1#%#%#%g2#% % %6!8!>! !>!6! ! ! !8!",
    "V! $ i%&&&&& &&& &&&&& &&& &&&&&%& iB$d2$!2! & ! 0 !q&$!z4$! & ! 0 0 ! &7&6! % % /h% / %#% % /h% / % %#! ! ! !#!6! ! !8!",
    "!! $ $%& & & & & & & & & & & & &%& $ $!!6!2! ! & ! & !#!B!#! ! & ! ! & !7!6! % %v% % % %#% % % %v% %6!8!>!>!>!6!>!>!>!8!",
    "!!W$ $%& & & & & & & & & & & & &%& $ $!!6!2! ! ! & !q!$!z4$! ! !l9l9 ! !7&6!y/h% / % %6( $6( % % /h%w/#! ! ! !#!6! ! !8!",
    "!!*$W$%&Y&Y& &Y& &Y&Y& &Y& &Y&Y&%& $ $!!6!2! ! ! ! ! !#!Bi#! ! ! ! ! ! !7!6! % % % %6( %v2 %6( % % %6!8!>!v3>!6!@! ! !8!",
    "!!A$!$%i%$%$%i%$%i%$%$%i%$%i%$%$%i!$A$!!6!2! ! ! ! !q!$!z4$! ! ! ! ! ! !7&6! % % %6( 3 3 3 3 36( % % %#! ! ! !#!6!@! !8!",
    "!!W$W$W$W$W$*$W$W$ iWiW$W$*$ $ $ $ $ $!!6!2! ! ! ! ! !#!B!#! ! ! ! ! ! !.! !v7 % % %6% 2m4 26% % % %6!8! !#! !.! !a5@!8!",
    "!!!!!!!!!!!!!!!!!!!!!!!!!!!!!!!!!!!!!!!!-!-!-!-!-!-!-!-!-!-!-!-!-!-!-!-!-!6!6!6!6!6!6!6!g46!6!6!6!6!6!8!8!8!8!8!8!8!8!8!"})

wo:shuffleOxyd()
 ]]></el:luamain>
    <el:i18n>
      <el:string el:key="title">
        <el:english el:translate="true"/>
        <el:translation el:lang="de">Sei ein Hans Dampf ... in allen Gassen</el:translation>
      </el:string>
      <el:string el:key="subtitle">
        <el:english el:translate="true"/>
        <el:translation el:lang="de">Finde das Paradies</el:translation>
      </el:string>
    </el:i18n>
  </el:protected>
</el:level>
