<?xml version="1.0" encoding="UTF-8" standalone="no" ?>
<index xmlns:xsi="http://www.w3.org/2001/XMLSchema-instance" xsi:noNamespaceSchemaLocation="index.xsd">

  <info enigma="1.10" group="Sokoball" location="11500" network="false" owner="Enigma Team" release="1" revision="1" title="Microban V"/>

  <attributes/>

  <levels>
    <level _seq="1" _title="Microban V # 1" _xpath="./microban05_1" author="David W. Skinner" ctrl="force" easy="false" id="microban05[1]" rel="1" rev="1" score="1" target="time" unit="duration"/>
    <level _seq="2" _title="Microban V # 2" _xpath="./microban05_1" author="David W. Skinner" ctrl="force" easy="false" id="microban05[2]" rel="1" rev="1" score="1" target="time" unit="duration"/>
    <level _seq="3" _title="Microban V # 3" _xpath="./microban05_1" author="David W. Skinner" ctrl="force" easy="false" id="microban05[3]" rel="1" rev="1" score="1" target="time" unit="duration"/>
    <level _seq="4" _title="Microban V # 4" _xpath="./microban05_1" author="David W. Skinner" ctrl="force" easy="false" id="microban05[4]" rel="1" rev="1" score="1" target="time" unit="duration"/>
    <level _seq="5" _title="Microban V # 5" _xpath="./microban05_1" author="David W. Skinner" ctrl="force" easy="false" id="microban05[5]" rel="1" rev="1" score="1" target="time" unit="duration"/>
    <level _seq="6" _title="Microban V # 6" _xpath="./microban05_1" author="David W. Skinner" ctrl="force" easy="false" id="microban05[6]" rel="1" rev="1" score="1" target="time" unit="duration"/>
    <level _seq="7" _title="Microban V # 7" _xpath="./microban05_1" author="David W. Skinner" ctrl="force" easy="false" id="microban05[7]" rel="1" rev="1" score="1" target="time" unit="duration"/>
    <level _seq="8" _title="Microban V # 8" _xpath="./microban05_1" author="David W. Skinner" ctrl="force" easy="false" id="microban05[8]" rel="1" rev="1" score="1" target="time" unit="duration"/>
    <level _seq="9" _title="Microban V # 9" _xpath="./microban05_1" author="David W. Skinner" ctrl="force" easy="false" id="microban05[9]" rel="1" rev="1" score="1" target="time" unit="duration"/>
    <level _seq="10" _title="Microban V # 10" _xpath="./microban05_1" author="David W. Skinner" ctrl="force" easy="false" id="microban05[10]" rel="1" rev="1" score="1" target="time" unit="duration"/>
    <level _seq="11" _title="Microban V # 11" _xpath="./microban05_1" author="David W. Skinner" ctrl="force" easy="false" id="microban05[11]" rel="1" rev="1" score="1" target="time" unit="duration"/>
    <level _seq="12" _title="Microban V # 12" _xpath="./microban05_1" author="David W. Skinner" ctrl="force" easy="false" id="microban05[12]" rel="1" rev="1" score="1" target="time" unit="duration"/>
    <level _seq="13" _title="Microban V # 13" _xpath="./microban05_1" author="David W. Skinner" ctrl="force" easy="false" id="microban05[13]" rel="1" rev="1" score="1" target="time" unit="duration"/>
    <level _seq="14" _title="Microban V # 14" _xpath="./microban05_1" author="David W. Skinner" ctrl="force" easy="false" id="microban05[14]" rel="1" rev="1" score="1" target="time" unit="duration"/>
    <level _seq="15" _title="Microban V # 15" _xpath="./microban05_1" author="David W. Skinner" ctrl="force" easy="false" id="microban05[15]" rel="1" rev="1" score="1" target="time" unit="duration"/>
    <level _seq="16" _title="Microban V # 16" _xpath="./microban05_1" author="David W. Skinner" ctrl="force" easy="false" id="microban05[16]" rel="1" rev="1" score="1" target="time" unit="duration"/>
    <level _seq="17" _title="Microban V # 17" _xpath="./microban05_1" author="David W. Skinner" ctrl="force" easy="false" id="microban05[17]" rel="1" rev="1" score="1" target="time" unit="duration"/>
    <level _seq="18" _title="Microban V # 18" _xpath="./microban05_1" author="David W. Skinner" ctrl="force" easy="false" id="microban05[18]" rel="1" rev="1" score="1" target="time" unit="duration"/>
    <level _seq="19" _title="Microban V # 19" _xpath="./microban05_1" author="David W. Skinner" ctrl="force" easy="false" id="microban05[19]" rel="1" rev="1" score="1" target="time" unit="duration"/>
    <level _seq="20" _title="Microban V # 20" _xpath="./microban05_1" author="David W. Skinner" ctrl="force" easy="false" id="microban05[20]" rel="1" rev="1" score="1" target="time" unit="duration"/>
    <level _seq="21" _title="Microban V # 21" _xpath="./microban05_1" author="David W. Skinner" ctrl="force" easy="false" id="microban05[21]" rel="1" rev="1" score="1" target="time" unit="duration"/>
    <level _seq="22" _title="Microban V # 22" _xpath="./microban05_1" author="David W. Skinner" ctrl="force" easy="false" id="microban05[22]" rel="1" rev="1" score="1" target="time" unit="duration"/>
    <level _seq="23" _title="Microban V # 23" _xpath="./microban05_1" author="David W. Skinner" ctrl="force" easy="false" id="microban05[23]" rel="1" rev="1" score="1" target="time" unit="duration"/>
    <level _seq="24" _title="Microban V # 24" _xpath="./microban05_1" author="David W. Skinner" ctrl="force" easy="false" id="microban05[24]" rel="1" rev="1" score="1" target="time" unit="duration"/>
    <level _seq="25" _title="Microban V # 25" _xpath="./microban05_1" author="David W. Skinner" ctrl="force" easy="false" id="microban05[25]" rel="1" rev="1" score="1" target="time" unit="duration"/>
    <level _seq="26" _title="Microban V # 26" _xpath="./microban05_1" author="David W. Skinner" ctrl="force" easy="false" id="microban05[26]" rel="1" rev="1" score="1" target="time" unit="duration"/>
  </levels>

</index>
