<?xml version="1.0" encoding="UTF-8" standalone="no" ?>
<index xmlns:xsi="http://www.w3.org/2001/XMLSchema-instance" xsi:noNamespaceSchemaLocation="index.xsd">

  <info enigma="1.10" group="Sokoball" location="12200" network="false" owner="Enigma Team" release="1" revision="1" title="Sasquatch VII"/>

  <attributes/>

  <levels>
    <level _seq="1" _title="Sasquatch VII # 1" _xpath="./sasquatch07_1" author="David W. Skinner" ctrl="force" easy="false" id="sasquatch07[1]" rel="1" rev="1" score="1" target="time" unit="duration"/>
    <level _seq="2" _title="Sasquatch VII # 2" _xpath="./sasquatch07_1" author="David W. Skinner" ctrl="force" easy="false" id="sasquatch07[2]" rel="1" rev="1" score="1" target="time" unit="duration"/>
    <level _seq="3" _title="Sasquatch VII # 3" _xpath="./sasquatch07_1" author="David W. Skinner" ctrl="force" easy="false" id="sasquatch07[3]" rel="1" rev="1" score="1" target="time" unit="duration"/>
    <level _seq="4" _title="Sasquatch VII # 4" _xpath="./sasquatch07_1" author="David W. Skinner" ctrl="force" easy="false" id="sasquatch07[4]" rel="1" rev="1" score="1" target="time" unit="duration"/>
    <level _seq="5" _title="Sasquatch VII # 5" _xpath="./sasquatch07_1" author="David W. Skinner" ctrl="force" easy="false" id="sasquatch07[5]" rel="1" rev="1" score="1" target="time" unit="duration"/>
    <level _seq="6" _title="Sasquatch VII # 6" _xpath="./sasquatch07_1" author="David W. Skinner" ctrl="force" easy="false" id="sasquatch07[6]" rel="1" rev="1" score="1" target="time" unit="duration"/>
    <level _seq="7" _title="Sasquatch VII # 7" _xpath="./sasquatch07_1" author="David W. Skinner" ctrl="force" easy="false" id="sasquatch07[7]" rel="1" rev="1" score="1" target="time" unit="duration"/>
    <level _seq="8" _title="Sasquatch VII # 8" _xpath="./sasquatch07_1" author="David W. Skinner" ctrl="force" easy="false" id="sasquatch07[8]" rel="1" rev="1" score="1" target="time" unit="duration"/>
    <level _seq="9" _title="Sasquatch VII # 9" _xpath="./sasquatch07_1" author="David W. Skinner" ctrl="force" easy="false" id="sasquatch07[9]" rel="1" rev="1" score="1" target="time" unit="duration"/>
    <level _seq="10" _title="Sasquatch VII # 10" _xpath="./sasquatch07_1" author="David W. Skinner" ctrl="force" easy="false" id="sasquatch07[10]" rel="1" rev="1" score="1" target="time" unit="duration"/>
    <level _seq="11" _title="Sasquatch VII # 11" _xpath="./sasquatch07_1" author="David W. Skinner" ctrl="force" easy="false" id="sasquatch07[11]" rel="1" rev="1" score="1" target="time" unit="duration"/>
    <level _seq="12" _title="Sasquatch VII # 12" _xpath="./sasquatch07_1" author="David W. Skinner" ctrl="force" easy="false" id="sasquatch07[12]" rel="1" rev="1" score="1" target="time" unit="duration"/>
    <level _seq="13" _title="Sasquatch VII # 13" _xpath="./sasquatch07_1" author="David W. Skinner" ctrl="force" easy="false" id="sasquatch07[13]" rel="1" rev="1" score="1" target="time" unit="duration"/>
    <level _seq="14" _title="Sasquatch VII # 14" _xpath="./sasquatch07_1" author="David W. Skinner" ctrl="force" easy="false" id="sasquatch07[14]" rel="1" rev="1" score="1" target="time" unit="duration"/>
    <level _seq="15" _title="Sasquatch VII # 15" _xpath="./sasquatch07_1" author="David W. Skinner" ctrl="force" easy="false" id="sasquatch07[15]" rel="1" rev="1" score="1" target="time" unit="duration"/>
    <level _seq="16" _title="Sasquatch VII # 16" _xpath="./sasquatch07_1" author="David W. Skinner" ctrl="force" easy="false" id="sasquatch07[16]" rel="1" rev="1" score="1" target="time" unit="duration"/>
    <level _seq="17" _title="Sasquatch VII # 17" _xpath="./sasquatch07_1" author="David W. Skinner" ctrl="force" easy="false" id="sasquatch07[17]" rel="1" rev="1" score="1" target="time" unit="duration"/>
    <level _seq="18" _title="Sasquatch VII # 18" _xpath="./sasquatch07_1" author="David W. Skinner" ctrl="force" easy="false" id="sasquatch07[18]" rel="1" rev="1" score="1" target="time" unit="duration"/>
    <level _seq="19" _title="Sasquatch VII # 19" _xpath="./sasquatch07_1" author="David W. Skinner" ctrl="force" easy="false" id="sasquatch07[19]" rel="1" rev="1" score="1" target="time" unit="duration"/>
    <level _seq="20" _title="Sasquatch VII # 20" _xpath="./sasquatch07_1" author="David W. Skinner" ctrl="force" easy="false" id="sasquatch07[20]" rel="1" rev="1" score="1" target="time" unit="duration"/>
    <level _seq="21" _title="Sasquatch VII # 21" _xpath="./sasquatch07_1" author="David W. Skinner" ctrl="force" easy="false" id="sasquatch07[21]" rel="1" rev="1" score="1" target="time" unit="duration"/>
    <level _seq="22" _title="Sasquatch VII # 22" _xpath="./sasquatch07_1" author="David W. Skinner" ctrl="force" easy="false" id="sasquatch07[22]" rel="1" rev="1" score="1" target="time" unit="duration"/>
    <level _seq="23" _title="Sasquatch VII # 23" _xpath="./sasquatch07_1" author="David W. Skinner" ctrl="force" easy="false" id="sasquatch07[23]" rel="1" rev="1" score="1" target="time" unit="duration"/>
    <level _seq="24" _title="Sasquatch VII # 24" _xpath="./sasquatch07_1" author="David W. Skinner" ctrl="force" easy="false" id="sasquatch07[24]" rel="1" rev="1" score="1" target="time" unit="duration"/>
    <level _seq="25" _title="Sasquatch VII # 25" _xpath="./sasquatch07_1" author="David W. Skinner" ctrl="force" easy="false" id="sasquatch07[25]" rel="1" rev="1" score="1" target="time" unit="duration"/>
    <level _seq="26" _title="Sasquatch VII # 26" _xpath="./sasquatch07_1" author="David W. Skinner" ctrl="force" easy="false" id="sasquatch07[26]" rel="1" rev="1" score="1" target="time" unit="duration"/>
    <level _seq="27" _title="Sasquatch VII # 27" _xpath="./sasquatch07_1" author="David W. Skinner" ctrl="force" easy="false" id="sasquatch07[27]" rel="1" rev="1" score="1" target="time" unit="duration"/>
    <level _seq="28" _title="Sasquatch VII # 28" _xpath="./sasquatch07_1" author="David W. Skinner" ctrl="force" easy="false" id="sasquatch07[28]" rel="1" rev="1" score="1" target="time" unit="duration"/>
    <level _seq="29" _title="Sasquatch VII # 29" _xpath="./sasquatch07_1" author="David W. Skinner" ctrl="force" easy="false" id="sasquatch07[29]" rel="1" rev="1" score="1" target="time" unit="duration"/>
    <level _seq="30" _title="Sasquatch VII # 30" _xpath="./sasquatch07_1" author="David W. Skinner" ctrl="force" easy="false" id="sasquatch07[30]" rel="1" rev="1" score="1" target="time" unit="duration"/>
    <level _seq="31" _title="Sasquatch VII # 31" _xpath="./sasquatch07_1" author="David W. Skinner" ctrl="force" easy="false" id="sasquatch07[31]" rel="1" rev="1" score="1" target="time" unit="duration"/>
    <level _seq="32" _title="Sasquatch VII # 32" _xpath="./sasquatch07_1" author="David W. Skinner" ctrl="force" easy="false" id="sasquatch07[32]" rel="1" rev="1" score="1" target="time" unit="duration"/>
    <level _seq="33" _title="Sasquatch VII # 33" _xpath="./sasquatch07_1" author="David W. Skinner" ctrl="force" easy="false" id="sasquatch07[33]" rel="1" rev="1" score="1" target="time" unit="duration"/>
    <level _seq="34" _title="Sasquatch VII # 34" _xpath="./sasquatch07_1" author="David W. Skinner" ctrl="force" easy="false" id="sasquatch07[34]" rel="1" rev="1" score="1" target="time" unit="duration"/>
    <level _seq="35" _title="Sasquatch VII # 35" _xpath="./sasquatch07_1" author="David W. Skinner" ctrl="force" easy="false" id="sasquatch07[35]" rel="1" rev="1" score="1" target="time" unit="duration"/>
    <level _seq="36" _title="Sasquatch VII # 36" _xpath="./sasquatch07_1" author="David W. Skinner" ctrl="force" easy="false" id="sasquatch07[36]" rel="1" rev="1" score="1" target="time" unit="duration"/>
    <level _seq="37" _title="Sasquatch VII # 37" _xpath="./sasquatch07_1" author="David W. Skinner" ctrl="force" easy="false" id="sasquatch07[37]" rel="1" rev="1" score="1" target="time" unit="duration"/>
    <level _seq="38" _title="Sasquatch VII # 38" _xpath="./sasquatch07_1" author="David W. Skinner" ctrl="force" easy="false" id="sasquatch07[38]" rel="1" rev="1" score="1" target="time" unit="duration"/>
    <level _seq="39" _title="Sasquatch VII # 39" _xpath="./sasquatch07_1" author="David W. Skinner" ctrl="force" easy="false" id="sasquatch07[39]" rel="1" rev="1" score="1" target="time" unit="duration"/>
    <level _seq="40" _title="Sasquatch VII # 40" _xpath="./sasquatch07_1" author="David W. Skinner" ctrl="force" easy="false" id="sasquatch07[40]" rel="1" rev="1" score="1" target="time" unit="duration"/>
    <level _seq="41" _title="Sasquatch VII # 41" _xpath="./sasquatch07_1" author="David W. Skinner" ctrl="force" easy="false" id="sasquatch07[41]" rel="1" rev="1" score="1" target="time" unit="duration"/>
    <level _seq="42" _title="Sasquatch VII # 42" _xpath="./sasquatch07_1" author="David W. Skinner" ctrl="force" easy="false" id="sasquatch07[42]" rel="1" rev="1" score="1" target="time" unit="duration"/>
    <level _seq="43" _title="Sasquatch VII # 43" _xpath="./sasquatch07_1" author="David W. Skinner" ctrl="force" easy="false" id="sasquatch07[43]" rel="1" rev="1" score="1" target="time" unit="duration"/>
    <level _seq="44" _title="Sasquatch VII # 44" _xpath="./sasquatch07_1" author="David W. Skinner" ctrl="force" easy="false" id="sasquatch07[44]" rel="1" rev="1" score="1" target="time" unit="duration"/>
    <level _seq="45" _title="Sasquatch VII # 45" _xpath="./sasquatch07_1" author="David W. Skinner" ctrl="force" easy="false" id="sasquatch07[45]" rel="1" rev="1" score="1" target="time" unit="duration"/>
    <level _seq="46" _title="Sasquatch VII # 46" _xpath="./sasquatch07_1" author="David W. Skinner" ctrl="force" easy="false" id="sasquatch07[46]" rel="1" rev="1" score="1" target="time" unit="duration"/>
    <level _seq="47" _title="Sasquatch VII # 47" _xpath="./sasquatch07_1" author="David W. Skinner" ctrl="force" easy="false" id="sasquatch07[47]" rel="1" rev="1" score="1" target="time" unit="duration"/>
    <level _seq="48" _title="Sasquatch VII # 48" _xpath="./sasquatch07_1" author="David W. Skinner" ctrl="force" easy="false" id="sasquatch07[48]" rel="1" rev="1" score="1" target="time" unit="duration"/>
    <level _seq="49" _title="Sasquatch VII # 49" _xpath="./sasquatch07_1" author="David W. Skinner" ctrl="force" easy="false" id="sasquatch07[49]" rel="1" rev="1" score="1" target="time" unit="duration"/>
    <level _seq="50" _title="Sasquatch VII # 50" _xpath="./sasquatch07_1" author="David W. Skinner" ctrl="force" easy="false" id="sasquatch07[50]" rel="1" rev="1" score="1" target="time" unit="duration"/>
  </levels>

</index>
