<?xml version="1.0" encoding="UTF-8" standalone="no" ?>
<index xmlns:xsi="http://www.w3.org/2001/XMLSchema-instance" xsi:noNamespaceSchemaLocation="index.xsd">

  <info enigma="1.10" group="Sokoball" location="11400" network="false" owner="Enigma Team" release="1" revision="1" title="Microban IV"/>

  <attributes/>

  <levels>
    <level _seq="1" _title="Microban IV # 1" _xpath="./microban04_1" author="David W. Skinner" ctrl="force" easy="false" id="microban04[1]" rel="1" rev="1" score="1" target="time" unit="duration"/>
    <level _seq="2" _title="Microban IV # 2" _xpath="./microban04_1" author="David W. Skinner" ctrl="force" easy="false" id="microban04[2]" rel="1" rev="1" score="1" target="time" unit="duration"/>
    <level _seq="3" _title="Microban IV # 3" _xpath="./microban04_1" author="David W. Skinner" ctrl="force" easy="false" id="microban04[3]" rel="1" rev="1" score="1" target="time" unit="duration"/>
    <level _seq="4" _title="Microban IV # 4" _xpath="./microban04_1" author="David W. Skinner" ctrl="force" easy="false" id="microban04[4]" rel="1" rev="1" score="1" target="time" unit="duration"/>
    <level _seq="5" _title="Microban IV # 5" _xpath="./microban04_1" author="David W. Skinner" ctrl="force" easy="false" id="microban04[5]" rel="1" rev="1" score="1" target="time" unit="duration"/>
    <level _seq="6" _title="Microban IV # 6" _xpath="./microban04_1" author="David W. Skinner" ctrl="force" easy="false" id="microban04[6]" rel="1" rev="1" score="1" target="time" unit="duration"/>
    <level _seq="7" _title="Microban IV # 7" _xpath="./microban04_1" author="David W. Skinner" ctrl="force" easy="false" id="microban04[7]" rel="1" rev="1" score="1" target="time" unit="duration"/>
    <level _seq="8" _title="Microban IV # 8" _xpath="./microban04_1" author="David W. Skinner" ctrl="force" easy="false" id="microban04[8]" rel="1" rev="1" score="1" target="time" unit="duration"/>
    <level _seq="9" _title="Microban IV # 9" _xpath="./microban04_1" author="David W. Skinner" ctrl="force" easy="false" id="microban04[9]" rel="1" rev="1" score="1" target="time" unit="duration"/>
    <level _seq="10" _title="Microban IV # 10" _xpath="./microban04_1" author="David W. Skinner" ctrl="force" easy="false" id="microban04[10]" rel="1" rev="1" score="1" target="time" unit="duration"/>
    <level _seq="11" _title="Microban IV # 11" _xpath="./microban04_1" author="David W. Skinner" ctrl="force" easy="false" id="microban04[11]" rel="1" rev="1" score="1" target="time" unit="duration"/>
    <level _seq="12" _title="Microban IV # 12" _xpath="./microban04_1" author="David W. Skinner" ctrl="force" easy="false" id="microban04[12]" rel="1" rev="1" score="1" target="time" unit="duration"/>
    <level _seq="13" _title="Microban IV # 13" _xpath="./microban04_1" author="David W. Skinner" ctrl="force" easy="false" id="microban04[13]" rel="1" rev="1" score="1" target="time" unit="duration"/>
    <level _seq="14" _title="Microban IV # 14" _xpath="./microban04_1" author="David W. Skinner" ctrl="force" easy="false" id="microban04[14]" rel="1" rev="1" score="1" target="time" unit="duration"/>
    <level _seq="15" _title="Microban IV # 15" _xpath="./microban04_1" author="David W. Skinner" ctrl="force" easy="false" id="microban04[15]" rel="1" rev="1" score="1" target="time" unit="duration"/>
    <level _seq="16" _title="Microban IV # 16" _xpath="./microban04_1" author="David W. Skinner" ctrl="force" easy="false" id="microban04[16]" rel="1" rev="1" score="1" target="time" unit="duration"/>
    <level _seq="17" _title="Microban IV # 17" _xpath="./microban04_1" author="David W. Skinner" ctrl="force" easy="false" id="microban04[17]" rel="1" rev="1" score="1" target="time" unit="duration"/>
    <level _seq="18" _title="Microban IV # 18" _xpath="./microban04_1" author="David W. Skinner" ctrl="force" easy="false" id="microban04[18]" rel="1" rev="1" score="1" target="time" unit="duration"/>
    <level _seq="19" _title="Microban IV # 19" _xpath="./microban04_1" author="David W. Skinner" ctrl="force" easy="false" id="microban04[19]" rel="1" rev="1" score="1" target="time" unit="duration"/>
    <level _seq="20" _title="Microban IV # 20" _xpath="./microban04_1" author="David W. Skinner" ctrl="force" easy="false" id="microban04[20]" rel="1" rev="1" score="1" target="time" unit="duration"/>
    <level _seq="21" _title="Microban IV # 21" _xpath="./microban04_1" author="David W. Skinner" ctrl="force" easy="false" id="microban04[21]" rel="1" rev="1" score="1" target="time" unit="duration"/>
    <level _seq="22" _title="Microban IV # 22" _xpath="./microban04_1" author="David W. Skinner" ctrl="force" easy="false" id="microban04[22]" rel="1" rev="1" score="1" target="time" unit="duration"/>
    <level _seq="23" _title="Microban IV # 23" _xpath="./microban04_1" author="David W. Skinner" ctrl="force" easy="false" id="microban04[23]" rel="1" rev="1" score="1" target="time" unit="duration"/>
    <level _seq="24" _title="Microban IV # 24" _xpath="./microban04_1" author="David W. Skinner" ctrl="force" easy="false" id="microban04[24]" rel="1" rev="1" score="1" target="time" unit="duration"/>
    <level _seq="25" _title="Microban IV # 25" _xpath="./microban04_1" author="David W. Skinner" ctrl="force" easy="false" id="microban04[25]" rel="1" rev="1" score="1" target="time" unit="duration"/>
    <level _seq="26" _title="Microban IV # 26" _xpath="./microban04_1" author="David W. Skinner" ctrl="force" easy="false" id="microban04[26]" rel="1" rev="1" score="1" target="time" unit="duration"/>
    <level _seq="27" _title="Microban IV # 27" _xpath="./microban04_1" author="David W. Skinner" ctrl="force" easy="false" id="microban04[27]" rel="1" rev="1" score="1" target="time" unit="duration"/>
    <level _seq="28" _title="Microban IV # 28" _xpath="./microban04_1" author="David W. Skinner" ctrl="force" easy="false" id="microban04[28]" rel="1" rev="1" score="1" target="time" unit="duration"/>
    <level _seq="29" _title="Microban IV # 29" _xpath="./microban04_1" author="David W. Skinner" ctrl="force" easy="false" id="microban04[29]" rel="1" rev="1" score="1" target="time" unit="duration"/>
    <level _seq="30" _title="Microban IV # 30" _xpath="./microban04_1" author="David W. Skinner" ctrl="force" easy="false" id="microban04[30]" rel="1" rev="1" score="1" target="time" unit="duration"/>
    <level _seq="31" _title="Microban IV # 31" _xpath="./microban04_1" author="David W. Skinner" ctrl="force" easy="false" id="microban04[31]" rel="1" rev="1" score="1" target="time" unit="duration"/>
    <level _seq="32" _title="Microban IV # 32" _xpath="./microban04_1" author="David W. Skinner" ctrl="force" easy="false" id="microban04[32]" rel="1" rev="1" score="1" target="time" unit="duration"/>
    <level _seq="33" _title="Microban IV # 33" _xpath="./microban04_1" author="David W. Skinner" ctrl="force" easy="false" id="microban04[33]" rel="1" rev="1" score="1" target="time" unit="duration"/>
    <level _seq="34" _title="Microban IV # 34" _xpath="./microban04_1" author="David W. Skinner" ctrl="force" easy="false" id="microban04[34]" rel="1" rev="1" score="1" target="time" unit="duration"/>
    <level _seq="35" _title="Microban IV # 35" _xpath="./microban04_1" author="David W. Skinner" ctrl="force" easy="false" id="microban04[35]" rel="1" rev="1" score="1" target="time" unit="duration"/>
    <level _seq="36" _title="Microban IV # 36" _xpath="./microban04_1" author="David W. Skinner" ctrl="force" easy="false" id="microban04[36]" rel="1" rev="1" score="1" target="time" unit="duration"/>
    <level _seq="37" _title="Microban IV # 37" _xpath="./microban04_1" author="David W. Skinner" ctrl="force" easy="false" id="microban04[37]" rel="1" rev="1" score="1" target="time" unit="duration"/>
    <level _seq="38" _title="Microban IV # 38" _xpath="./microban04_1" author="David W. Skinner" ctrl="force" easy="false" id="microban04[38]" rel="1" rev="1" score="1" target="time" unit="duration"/>
    <level _seq="39" _title="Microban IV # 39" _xpath="./microban04_1" author="David W. Skinner" ctrl="force" easy="false" id="microban04[39]" rel="1" rev="1" score="1" target="time" unit="duration"/>
    <level _seq="40" _title="Microban IV # 40" _xpath="./microban04_1" author="David W. Skinner" ctrl="force" easy="false" id="microban04[40]" rel="1" rev="1" score="1" target="time" unit="duration"/>
    <level _seq="41" _title="Microban IV # 41" _xpath="./microban04_1" author="David W. Skinner" ctrl="force" easy="false" id="microban04[41]" rel="1" rev="1" score="1" target="time" unit="duration"/>
    <level _seq="42" _title="Microban IV # 42" _xpath="./microban04_1" author="David W. Skinner" ctrl="force" easy="false" id="microban04[42]" rel="1" rev="1" score="1" target="time" unit="duration"/>
    <level _seq="43" _title="Microban IV # 43" _xpath="./microban04_1" author="David W. Skinner" ctrl="force" easy="false" id="microban04[43]" rel="1" rev="1" score="1" target="time" unit="duration"/>
    <level _seq="44" _title="Microban IV # 44" _xpath="./microban04_1" author="David W. Skinner" ctrl="force" easy="false" id="microban04[44]" rel="1" rev="1" score="1" target="time" unit="duration"/>
    <level _seq="45" _title="Microban IV # 45" _xpath="./microban04_1" author="David W. Skinner" ctrl="force" easy="false" id="microban04[45]" rel="1" rev="1" score="1" target="time" unit="duration"/>
    <level _seq="46" _title="Microban IV # 46" _xpath="./microban04_1" author="David W. Skinner" ctrl="force" easy="false" id="microban04[46]" rel="1" rev="1" score="1" target="time" unit="duration"/>
    <level _seq="47" _title="Microban IV # 47" _xpath="./microban04_1" author="David W. Skinner" ctrl="force" easy="false" id="microban04[47]" rel="1" rev="1" score="1" target="time" unit="duration"/>
    <level _seq="48" _title="Microban IV # 48" _xpath="./microban04_1" author="David W. Skinner" ctrl="force" easy="false" id="microban04[48]" rel="1" rev="1" score="1" target="time" unit="duration"/>
    <level _seq="49" _title="Microban IV # 49" _xpath="./microban04_1" author="David W. Skinner" ctrl="force" easy="false" id="microban04[49]" rel="1" rev="1" score="1" target="time" unit="duration"/>
    <level _seq="50" _title="Microban IV # 50" _xpath="./microban04_1" author="David W. Skinner" ctrl="force" easy="false" id="microban04[50]" rel="1" rev="1" score="1" target="time" unit="duration"/>
    <level _seq="51" _title="Microban IV # 51" _xpath="./microban04_1" author="David W. Skinner" ctrl="force" easy="false" id="microban04[51]" rel="1" rev="1" score="1" target="time" unit="duration"/>
    <level _seq="52" _title="Microban IV # 52" _xpath="./microban04_1" author="David W. Skinner" ctrl="force" easy="false" id="microban04[52]" rel="1" rev="1" score="1" target="time" unit="duration"/>
    <level _seq="53" _title="Microban IV # 53" _xpath="./microban04_1" author="David W. Skinner" ctrl="force" easy="false" id="microban04[53]" rel="1" rev="1" score="1" target="time" unit="duration"/>
    <level _seq="54" _title="Microban IV # 54" _xpath="./microban04_1" author="David W. Skinner" ctrl="force" easy="false" id="microban04[54]" rel="1" rev="1" score="1" target="time" unit="duration"/>
    <level _seq="55" _title="Microban IV # 55" _xpath="./microban04_1" author="David W. Skinner" ctrl="force" easy="false" id="microban04[55]" rel="1" rev="1" score="1" target="time" unit="duration"/>
    <level _seq="56" _title="Microban IV # 56" _xpath="./microban04_1" author="David W. Skinner" ctrl="force" easy="false" id="microban04[56]" rel="1" rev="1" score="1" target="time" unit="duration"/>
    <level _seq="57" _title="Microban IV # 57" _xpath="./microban04_1" author="David W. Skinner" ctrl="force" easy="false" id="microban04[57]" rel="1" rev="1" score="1" target="time" unit="duration"/>
    <level _seq="58" _title="Microban IV # 58" _xpath="./microban04_1" author="David W. Skinner" ctrl="force" easy="false" id="microban04[58]" rel="1" rev="1" score="1" target="time" unit="duration"/>
    <level _seq="59" _title="Microban IV # 59" _xpath="./microban04_1" author="David W. Skinner" ctrl="force" easy="false" id="microban04[59]" rel="1" rev="1" score="1" target="time" unit="duration"/>
    <level _seq="60" _title="Microban IV # 60" _xpath="./microban04_1" author="David W. Skinner" ctrl="force" easy="false" id="microban04[60]" rel="1" rev="1" score="1" target="time" unit="duration"/>
    <level _seq="61" _title="Microban IV # 61" _xpath="./microban04_1" author="David W. Skinner" ctrl="force" easy="false" id="microban04[61]" rel="1" rev="1" score="1" target="time" unit="duration"/>
    <level _seq="62" _title="Microban IV # 62" _xpath="./microban04_1" author="David W. Skinner" ctrl="force" easy="false" id="microban04[62]" rel="1" rev="1" score="1" target="time" unit="duration"/>
    <level _seq="63" _title="Microban IV # 63" _xpath="./microban04_1" author="David W. Skinner" ctrl="force" easy="false" id="microban04[63]" rel="1" rev="1" score="1" target="time" unit="duration"/>
    <level _seq="64" _title="Microban IV # 64" _xpath="./microban04_1" author="David W. Skinner" ctrl="force" easy="false" id="microban04[64]" rel="1" rev="1" score="1" target="time" unit="duration"/>
    <level _seq="65" _title="Microban IV # 65" _xpath="./microban04_1" author="David W. Skinner" ctrl="force" easy="false" id="microban04[65]" rel="1" rev="1" score="1" target="time" unit="duration"/>
    <level _seq="66" _title="Microban IV # 66" _xpath="./microban04_1" author="David W. Skinner" ctrl="force" easy="false" id="microban04[66]" rel="1" rev="1" score="1" target="time" unit="duration"/>
    <level _seq="67" _title="Microban IV # 67" _xpath="./microban04_1" author="David W. Skinner" ctrl="force" easy="false" id="microban04[67]" rel="1" rev="1" score="1" target="time" unit="duration"/>
    <level _seq="68" _title="Microban IV # 68" _xpath="./microban04_1" author="David W. Skinner" ctrl="force" easy="false" id="microban04[68]" rel="1" rev="1" score="1" target="time" unit="duration"/>
    <level _seq="69" _title="Microban IV # 69" _xpath="./microban04_1" author="David W. Skinner" ctrl="force" easy="false" id="microban04[69]" rel="1" rev="1" score="1" target="time" unit="duration"/>
    <level _seq="70" _title="Microban IV # 70" _xpath="./microban04_1" author="David W. Skinner" ctrl="force" easy="false" id="microban04[70]" rel="1" rev="1" score="1" target="time" unit="duration"/>
    <level _seq="71" _title="Microban IV # 71" _xpath="./microban04_1" author="David W. Skinner" ctrl="force" easy="false" id="microban04[71]" rel="1" rev="1" score="1" target="time" unit="duration"/>
    <level _seq="72" _title="Microban IV # 72" _xpath="./microban04_1" author="David W. Skinner" ctrl="force" easy="false" id="microban04[72]" rel="1" rev="1" score="1" target="time" unit="duration"/>
    <level _seq="73" _title="Microban IV # 73" _xpath="./microban04_1" author="David W. Skinner" ctrl="force" easy="false" id="microban04[73]" rel="1" rev="1" score="1" target="time" unit="duration"/>
    <level _seq="74" _title="Microban IV # 74" _xpath="./microban04_1" author="David W. Skinner" ctrl="force" easy="false" id="microban04[74]" rel="1" rev="1" score="1" target="time" unit="duration"/>
    <level _seq="75" _title="Microban IV # 75" _xpath="./microban04_1" author="David W. Skinner" ctrl="force" easy="false" id="microban04[75]" rel="1" rev="1" score="1" target="time" unit="duration"/>
    <level _seq="76" _title="Microban IV # 76" _xpath="./microban04_1" author="David W. Skinner" ctrl="force" easy="false" id="microban04[76]" rel="1" rev="1" score="1" target="time" unit="duration"/>
    <level _seq="77" _title="Microban IV # 77" _xpath="./microban04_1" author="David W. Skinner" ctrl="force" easy="false" id="microban04[77]" rel="1" rev="1" score="1" target="time" unit="duration"/>
    <level _seq="78" _title="Microban IV # 78" _xpath="./microban04_1" author="David W. Skinner" ctrl="force" easy="false" id="microban04[78]" rel="1" rev="1" score="1" target="time" unit="duration"/>
    <level _seq="79" _title="Microban IV # 79" _xpath="./microban04_1" author="David W. Skinner" ctrl="force" easy="false" id="microban04[79]" rel="1" rev="1" score="1" target="time" unit="duration"/>
    <level _seq="80" _title="Microban IV # 80" _xpath="./microban04_1" author="David W. Skinner" ctrl="force" easy="false" id="microban04[80]" rel="1" rev="1" score="1" target="time" unit="duration"/>
    <level _seq="81" _title="Microban IV # 81" _xpath="./microban04_1" author="David W. Skinner" ctrl="force" easy="false" id="microban04[81]" rel="1" rev="1" score="1" target="time" unit="duration"/>
    <level _seq="82" _title="Microban IV # 82" _xpath="./microban04_1" author="David W. Skinner" ctrl="force" easy="false" id="microban04[82]" rel="1" rev="1" score="1" target="time" unit="duration"/>
    <level _seq="83" _title="Microban IV # 83" _xpath="./microban04_1" author="David W. Skinner" ctrl="force" easy="false" id="microban04[83]" rel="1" rev="1" score="1" target="time" unit="duration"/>
    <level _seq="84" _title="Microban IV # 84" _xpath="./microban04_1" author="David W. Skinner" ctrl="force" easy="false" id="microban04[84]" rel="1" rev="1" score="1" target="time" unit="duration"/>
    <level _seq="85" _title="Microban IV # 85" _xpath="./microban04_1" author="David W. Skinner" ctrl="force" easy="false" id="microban04[85]" rel="1" rev="1" score="1" target="time" unit="duration"/>
    <level _seq="86" _title="Microban IV # 86" _xpath="./microban04_1" author="David W. Skinner" ctrl="force" easy="false" id="microban04[86]" rel="1" rev="1" score="1" target="time" unit="duration"/>
    <level _seq="87" _title="Microban IV # 87" _xpath="./microban04_1" author="David W. Skinner" ctrl="force" easy="false" id="microban04[87]" rel="1" rev="1" score="1" target="time" unit="duration"/>
    <level _seq="88" _title="Microban IV # 88" _xpath="./microban04_1" author="David W. Skinner" ctrl="force" easy="false" id="microban04[88]" rel="1" rev="1" score="1" target="time" unit="duration"/>
    <level _seq="89" _title="Microban IV # 89" _xpath="./microban04_1" author="David W. Skinner" ctrl="force" easy="false" id="microban04[89]" rel="1" rev="1" score="1" target="time" unit="duration"/>
    <level _seq="90" _title="Microban IV # 90" _xpath="./microban04_1" author="David W. Skinner" ctrl="force" easy="false" id="microban04[90]" rel="1" rev="1" score="1" target="time" unit="duration"/>
    <level _seq="91" _title="Microban IV # 91" _xpath="./microban04_1" author="David W. Skinner" ctrl="force" easy="false" id="microban04[91]" rel="1" rev="1" score="1" target="time" unit="duration"/>
    <level _seq="92" _title="Microban IV # 92" _xpath="./microban04_1" author="David W. Skinner" ctrl="force" easy="false" id="microban04[92]" rel="1" rev="1" score="1" target="time" unit="duration"/>
    <level _seq="93" _title="Microban IV # 93" _xpath="./microban04_1" author="David W. Skinner" ctrl="force" easy="false" id="microban04[93]" rel="1" rev="1" score="1" target="time" unit="duration"/>
    <level _seq="94" _title="Microban IV # 94" _xpath="./microban04_1" author="David W. Skinner" ctrl="force" easy="false" id="microban04[94]" rel="1" rev="1" score="1" target="time" unit="duration"/>
    <level _seq="95" _title="Microban IV # 95" _xpath="./microban04_1" author="David W. Skinner" ctrl="force" easy="false" id="microban04[95]" rel="1" rev="1" score="1" target="time" unit="duration"/>
    <level _seq="96" _title="Microban IV # 96" _xpath="./microban04_1" author="David W. Skinner" ctrl="force" easy="false" id="microban04[96]" rel="1" rev="1" score="1" target="time" unit="duration"/>
    <level _seq="97" _title="Microban IV # 97" _xpath="./microban04_1" author="David W. Skinner" ctrl="force" easy="false" id="microban04[97]" rel="1" rev="1" score="1" target="time" unit="duration"/>
    <level _seq="98" _title="Microban IV # 98" _xpath="./microban04_1" author="David W. Skinner" ctrl="force" easy="false" id="microban04[98]" rel="1" rev="1" score="1" target="time" unit="duration"/>
    <level _seq="99" _title="Microban IV # 99" _xpath="./microban04_1" author="David W. Skinner" ctrl="force" easy="false" id="microban04[99]" rel="1" rev="1" score="1" target="time" unit="duration"/>
    <level _seq="100" _title="Microban IV # 100" _xpath="./microban04_1" author="David W. Skinner" ctrl="force" easy="false" id="microban04[100]" rel="1" rev="1" score="1" target="time" unit="duration"/>
    <level _seq="101" _title="Microban IV # 101" _xpath="./microban04_1" author="David W. Skinner" ctrl="force" easy="false" id="microban04[101]" rel="1" rev="1" score="1" target="time" unit="duration"/>
    <level _seq="102" _title="Microban IV # 102" _xpath="./microban04_1" author="David W. Skinner" ctrl="force" easy="false" id="microban04[102]" rel="1" rev="1" score="1" target="time" unit="duration"/>
  </levels>

</index>
