<?xml version="1.0" encoding="UTF-8" standalone="no" ?>
<index xmlns:xsi="http://www.w3.org/2001/XMLSchema-instance" xsi:noNamespaceSchemaLocation="index.xsd">

  <info enigma="1.10" group="Sokoball" location="12500" network="false" owner="Enigma Team" release="1" revision="1" title="Sasquatch X"/>

  <attributes/>

  <levels>
    <level _seq="1" _title="Sasquatch X # 1" _xpath="./sasquatch10_1" author="David W. Skinner" ctrl="force" easy="false" id="sasquatch10[1]" rel="1" rev="1" score="1" target="time" unit="duration"/>
    <level _seq="2" _title="Sasquatch X # 2" _xpath="./sasquatch10_1" author="David W. Skinner" ctrl="force" easy="false" id="sasquatch10[2]" rel="1" rev="1" score="1" target="time" unit="duration"/>
    <level _seq="3" _title="Sasquatch X # 3" _xpath="./sasquatch10_1" author="David W. Skinner" ctrl="force" easy="false" id="sasquatch10[3]" rel="1" rev="1" score="1" target="time" unit="duration"/>
    <level _seq="4" _title="Sasquatch X # 4" _xpath="./sasquatch10_1" author="David W. Skinner" ctrl="force" easy="false" id="sasquatch10[4]" rel="1" rev="1" score="1" target="time" unit="duration"/>
    <level _seq="5" _title="Sasquatch X # 5" _xpath="./sasquatch10_1" author="David W. Skinner" ctrl="force" easy="false" id="sasquatch10[5]" rel="1" rev="1" score="1" target="time" unit="duration"/>
    <level _seq="6" _title="Sasquatch X # 6" _xpath="./sasquatch10_1" author="David W. Skinner" ctrl="force" easy="false" id="sasquatch10[6]" rel="1" rev="1" score="1" target="time" unit="duration"/>
    <level _seq="7" _title="Sasquatch X # 7" _xpath="./sasquatch10_1" author="David W. Skinner" ctrl="force" easy="false" id="sasquatch10[7]" rel="1" rev="1" score="1" target="time" unit="duration"/>
    <level _seq="8" _title="Sasquatch X # 8" _xpath="./sasquatch10_1" author="David W. Skinner" ctrl="force" easy="false" id="sasquatch10[8]" rel="1" rev="1" score="1" target="time" unit="duration"/>
    <level _seq="9" _title="Sasquatch X # 9" _xpath="./sasquatch10_1" author="David W. Skinner" ctrl="force" easy="false" id="sasquatch10[9]" rel="1" rev="1" score="1" target="time" unit="duration"/>
    <level _seq="10" _title="Sasquatch X # 10" _xpath="./sasquatch10_1" author="David W. Skinner" ctrl="force" easy="false" id="sasquatch10[10]" rel="1" rev="1" score="1" target="time" unit="duration"/>
    <level _seq="11" _title="Sasquatch X # 11" _xpath="./sasquatch10_1" author="David W. Skinner" ctrl="force" easy="false" id="sasquatch10[11]" rel="1" rev="1" score="1" target="time" unit="duration"/>
    <level _seq="12" _title="Sasquatch X # 12" _xpath="./sasquatch10_1" author="David W. Skinner" ctrl="force" easy="false" id="sasquatch10[12]" rel="1" rev="1" score="1" target="time" unit="duration"/>
    <level _seq="13" _title="Sasquatch X # 13" _xpath="./sasquatch10_1" author="David W. Skinner" ctrl="force" easy="false" id="sasquatch10[13]" rel="1" rev="1" score="1" target="time" unit="duration"/>
    <level _seq="14" _title="Sasquatch X # 14" _xpath="./sasquatch10_1" author="David W. Skinner" ctrl="force" easy="false" id="sasquatch10[14]" rel="1" rev="1" score="1" target="time" unit="duration"/>
    <level _seq="15" _title="Sasquatch X # 15" _xpath="./sasquatch10_1" author="David W. Skinner" ctrl="force" easy="false" id="sasquatch10[15]" rel="1" rev="1" score="1" target="time" unit="duration"/>
    <level _seq="16" _title="Sasquatch X # 16" _xpath="./sasquatch10_1" author="David W. Skinner" ctrl="force" easy="false" id="sasquatch10[16]" rel="1" rev="1" score="1" target="time" unit="duration"/>
    <level _seq="17" _title="Sasquatch X # 17" _xpath="./sasquatch10_1" author="David W. Skinner" ctrl="force" easy="false" id="sasquatch10[17]" rel="1" rev="1" score="1" target="time" unit="duration"/>
    <level _seq="18" _title="Sasquatch X # 18" _xpath="./sasquatch10_1" author="David W. Skinner" ctrl="force" easy="false" id="sasquatch10[18]" rel="1" rev="1" score="1" target="time" unit="duration"/>
    <level _seq="19" _title="Sasquatch X # 19" _xpath="./sasquatch10_1" author="David W. Skinner" ctrl="force" easy="false" id="sasquatch10[19]" rel="1" rev="1" score="1" target="time" unit="duration"/>
    <level _seq="20" _title="Sasquatch X # 20" _xpath="./sasquatch10_1" author="David W. Skinner" ctrl="force" easy="false" id="sasquatch10[20]" rel="1" rev="1" score="1" target="time" unit="duration"/>
    <level _seq="21" _title="Sasquatch X # 21" _xpath="./sasquatch10_1" author="David W. Skinner" ctrl="force" easy="false" id="sasquatch10[21]" rel="1" rev="1" score="1" target="time" unit="duration"/>
    <level _seq="22" _title="Sasquatch X # 22" _xpath="./sasquatch10_1" author="David W. Skinner" ctrl="force" easy="false" id="sasquatch10[22]" rel="1" rev="1" score="1" target="time" unit="duration"/>
    <level _seq="23" _title="Sasquatch X # 23" _xpath="./sasquatch10_1" author="David W. Skinner" ctrl="force" easy="false" id="sasquatch10[23]" rel="1" rev="1" score="1" target="time" unit="duration"/>
    <level _seq="24" _title="Sasquatch X # 24" _xpath="./sasquatch10_1" author="David W. Skinner" ctrl="force" easy="false" id="sasquatch10[24]" rel="1" rev="1" score="1" target="time" unit="duration"/>
    <level _seq="25" _title="Sasquatch X # 25" _xpath="./sasquatch10_1" author="David W. Skinner" ctrl="force" easy="false" id="sasquatch10[25]" rel="1" rev="1" score="1" target="time" unit="duration"/>
    <level _seq="26" _title="Sasquatch X # 26" _xpath="./sasquatch10_1" author="David W. Skinner" ctrl="force" easy="false" id="sasquatch10[26]" rel="1" rev="1" score="1" target="time" unit="duration"/>
    <level _seq="27" _title="Sasquatch X # 27" _xpath="./sasquatch10_1" author="David W. Skinner" ctrl="force" easy="false" id="sasquatch10[27]" rel="1" rev="1" score="1" target="time" unit="duration"/>
    <level _seq="28" _title="Sasquatch X # 28" _xpath="./sasquatch10_1" author="David W. Skinner" ctrl="force" easy="false" id="sasquatch10[28]" rel="1" rev="1" score="1" target="time" unit="duration"/>
    <level _seq="29" _title="Sasquatch X # 29" _xpath="./sasquatch10_1" author="David W. Skinner" ctrl="force" easy="false" id="sasquatch10[29]" rel="1" rev="1" score="1" target="time" unit="duration"/>
    <level _seq="30" _title="Sasquatch X # 30" _xpath="./sasquatch10_1" author="David W. Skinner" ctrl="force" easy="false" id="sasquatch10[30]" rel="1" rev="1" score="1" target="time" unit="duration"/>
    <level _seq="31" _title="Sasquatch X # 31" _xpath="./sasquatch10_1" author="David W. Skinner" ctrl="force" easy="false" id="sasquatch10[31]" rel="1" rev="1" score="1" target="time" unit="duration"/>
    <level _seq="32" _title="Sasquatch X # 32" _xpath="./sasquatch10_1" author="David W. Skinner" ctrl="force" easy="false" id="sasquatch10[32]" rel="1" rev="1" score="1" target="time" unit="duration"/>
    <level _seq="33" _title="Sasquatch X # 33" _xpath="./sasquatch10_1" author="David W. Skinner" ctrl="force" easy="false" id="sasquatch10[33]" rel="1" rev="1" score="1" target="time" unit="duration"/>
    <level _seq="34" _title="Sasquatch X # 34" _xpath="./sasquatch10_1" author="David W. Skinner" ctrl="force" easy="false" id="sasquatch10[34]" rel="1" rev="1" score="1" target="time" unit="duration"/>
    <level _seq="35" _title="Sasquatch X # 35" _xpath="./sasquatch10_1" author="David W. Skinner" ctrl="force" easy="false" id="sasquatch10[35]" rel="1" rev="1" score="1" target="time" unit="duration"/>
    <level _seq="36" _title="Sasquatch X # 36" _xpath="./sasquatch10_1" author="David W. Skinner" ctrl="force" easy="false" id="sasquatch10[36]" rel="1" rev="1" score="1" target="time" unit="duration"/>
    <level _seq="37" _title="Sasquatch X # 37" _xpath="./sasquatch10_1" author="David W. Skinner" ctrl="force" easy="false" id="sasquatch10[37]" rel="1" rev="1" score="1" target="time" unit="duration"/>
    <level _seq="38" _title="Sasquatch X # 38" _xpath="./sasquatch10_1" author="David W. Skinner" ctrl="force" easy="false" id="sasquatch10[38]" rel="1" rev="1" score="1" target="time" unit="duration"/>
    <level _seq="39" _title="Sasquatch X # 39" _xpath="./sasquatch10_1" author="David W. Skinner" ctrl="force" easy="false" id="sasquatch10[39]" rel="1" rev="1" score="1" target="time" unit="duration"/>
    <level _seq="40" _title="Sasquatch X # 40" _xpath="./sasquatch10_1" author="David W. Skinner" ctrl="force" easy="false" id="sasquatch10[40]" rel="1" rev="1" score="1" target="time" unit="duration"/>
    <level _seq="41" _title="Sasquatch X # 41" _xpath="./sasquatch10_1" author="David W. Skinner" ctrl="force" easy="false" id="sasquatch10[41]" rel="1" rev="1" score="1" target="time" unit="duration"/>
    <level _seq="42" _title="Sasquatch X # 42" _xpath="./sasquatch10_1" author="David W. Skinner" ctrl="force" easy="false" id="sasquatch10[42]" rel="1" rev="1" score="1" target="time" unit="duration"/>
    <level _seq="43" _title="Sasquatch X # 43" _xpath="./sasquatch10_1" author="David W. Skinner" ctrl="force" easy="false" id="sasquatch10[43]" rel="1" rev="1" score="1" target="time" unit="duration"/>
    <level _seq="44" _title="Sasquatch X # 44" _xpath="./sasquatch10_1" author="David W. Skinner" ctrl="force" easy="false" id="sasquatch10[44]" rel="1" rev="1" score="1" target="time" unit="duration"/>
    <level _seq="45" _title="Sasquatch X # 45" _xpath="./sasquatch10_1" author="David W. Skinner" ctrl="force" easy="false" id="sasquatch10[45]" rel="1" rev="1" score="1" target="time" unit="duration"/>
    <level _seq="46" _title="Sasquatch X # 46" _xpath="./sasquatch10_1" author="David W. Skinner" ctrl="force" easy="false" id="sasquatch10[46]" rel="1" rev="1" score="1" target="time" unit="duration"/>
    <level _seq="47" _title="Sasquatch X # 47" _xpath="./sasquatch10_1" author="David W. Skinner" ctrl="force" easy="false" id="sasquatch10[47]" rel="1" rev="1" score="1" target="time" unit="duration"/>
    <level _seq="48" _title="Sasquatch X # 48" _xpath="./sasquatch10_1" author="David W. Skinner" ctrl="force" easy="false" id="sasquatch10[48]" rel="1" rev="1" score="1" target="time" unit="duration"/>
    <level _seq="49" _title="Sasquatch X # 49" _xpath="./sasquatch10_1" author="David W. Skinner" ctrl="force" easy="false" id="sasquatch10[49]" rel="1" rev="1" score="1" target="time" unit="duration"/>
    <level _seq="50" _title="Sasquatch X # 50" _xpath="./sasquatch10_1" author="David W. Skinner" ctrl="force" easy="false" id="sasquatch10[50]" rel="1" rev="1" score="1" target="time" unit="duration"/>
  </levels>

</index>
