<?xml version="1.0" encoding="UTF-8" standalone="no" ?>
<el:level xmlns:xsi="http://www.w3.org/2001/XMLSchema-instance" xsi:schemaLocation="http://enigma-game.org/schema/level/1 level.xsd" xmlns:el="http://enigma-game.org/schema/level/1">
  <el:protected>
    <el:info el:type="level">
      <el:identity el:title="Thievish Alleys" el:subtitle="" el:id="andreas33"/>
      <el:version el:score="1" el:release="2" el:revision="2" el:status="released"/>
      <el:author el:name="Andreas Lochmann" el:email="" el:homepage=""/>
      <el:copyright>Copyright © 2006, 2009 Andreas Lochmann</el:copyright>
      <el:license el:type="GPL v2.0 or above" el:open="true"/>
      <el:compatibility el:enigma="1.10">
      </el:compatibility>
      <el:modes el:easy="true" el:single="true" el:network="false"/>
      <el:comments>
      </el:comments>
      <el:score el:easy="00:31" el:difficult="00:36"/>
    </el:info>
    <el:luamain><![CDATA[

wo["ConserveLevel"] = false

ti[" "] = {"fl_brick"}
ti["B"] = {"st_brownie"}
ti["D"] = {"st_door", "door#", faces = "sn"}
ti["F"] = {"st_floppy", target = "@@door#*"}
ti["H"] = {"st_stoneimpulse_hollow"}
ti["S"] = {"st_stoneimpulse"}
ti["."] = {"st_thief"}  -- We use "." instead of "T" to make the stoneimpulse chain visible.
ti["O"] = {"st_oxyd", flavor = "d", oxydcolor = OXYD_RED}
ti["f"] = {"it_floppy"}
ti["@"] = {"#ac_marble"}

if wo["IsDifficult"] then
    map = {"SSSSSSSSS...........SSSSS...SSSSSSS..O.",
           "S    .  HHHHHHHHHSHHH   HH  H    .H . .",
           "S .  .           .    ...S. HHH  .H FD.",
           "S .  SSHHSSSSS.  SHHSSS  H....H SSH FD.",
           "S . HH.   .  HHHHH   .H  HHHHHH S   FD.",
           "S . H ..HHSH         .H         S  SB .",
           "S ..H  .H .SS. ..SSHH.HHSSSSSHHSS  SSHS",
           "SB .HH .H   SHHHHH. H.      .  .      S",
           "S ...HH.H   .     . HSHHHHHHSHHSHHHHHHS",
           "S  f. H.S.HHSSS.  .  .....  .  .....  .",
           "O @f. HHHHH . HHHHSHHHHHHHHHSHHHHHHHH .",
           ".  f.     H       .         .       H .",
           "..........SSSSSSSSSSSSSSSSSSSSSSSSSSS.."}
else
    map = {"SSSSSSSSS...........SSSSS...SSSSSSS..O.",
           "S    .  HHHHHHHHHSHHH   HH  H    .H . .",
           "S .  .           .    ...S. HHH  .H FD.",
           "S .  SSHHSSSSS.  SHHSSS  H....H SSH FD.",
           "S . HH.   .  HHHHH   .H  HHHHHH S   FD.",
           "S . H ..HHSH         .H         S  SB .",
           "S ..H  .H .SS. ..SSHH.HHSSSSSHHSS  SSHS",
           "SB .HH .H   SHHHHH. H.      .  .      S",
           "S ...HH.H   .     . HSHHHHHHSHHSHHHHH S",
           "S  f. H.S.HHSSS.  .  .....  .  .....H S",
           "O @f. HHH H . HHHHSHHHHHHHHHSHHHHHHHH S",
           ".  f.     H       .         .         S",
           "..........SSSSSSSSSSSSSSSSSSSSSSSSSSSSS"}
end

wo(ti, " ", map)

 ]]></el:luamain>
    <el:i18n>
      <el:string el:key="title">
        <el:english el:translate="false"/>
      </el:string>
    </el:i18n>
  </el:protected>
</el:level>
