<?xml version="1.0" encoding="UTF-8" standalone="no" ?>
<el:level xmlns:xsi="http://www.w3.org/2001/XMLSchema-instance" xsi:schemaLocation="http://enigma-game.org/schema/level/1 level.xsd" xmlns:el="http://enigma-game.org/schema/level/1">
  <el:protected>
    <el:info el:type="level">
      <el:identity el:title="Frozen Magnets" el:subtitle="" el:id="andreas19"/>
      <el:version el:score="2" el:release="2" el:revision="2" el:status="released"/>
      <el:author el:name="Andreas Lochmann" el:email="" el:homepage=""/>
      <el:copyright>Copyright © 2006, 2009 Andreas Lochmann</el:copyright>
      <el:license el:type="GPL v2.0 or above" el:open="true"/>
      <el:compatibility el:enigma="1.1">
      </el:compatibility>
      <el:modes el:easy="true" el:single="true" el:network="false"/>
      <el:comments>
      </el:comments>
      <el:score el:easy="02:50" el:difficult="03:29"/>
    </el:info>
    <el:luamain><![CDATA[

-- Former author times: 1:07, 2:27

ti[" "] = {"fl_bright"}
ti["#"] = {"st_granite"}
ti["I"] = {"st_ice"}
ti["S"] = cond(wo["IsDifficult"], {}, {"st_shogun_l"})
ti["O"] = {"st_oxyd", "oxyd#", flavor = "c"}
ti["m"] = {"it_magnet_on"}
ti["w"] = {"#ac_marble_white", adhesion = 1}
ti["b"] = {"#ac_marble", adhesion = 1}

wo(ti, " ", 
      {"  ################  ",
       " #     b          # ",
       "#         I        #",
       "#   ############   #",
       "#  #SSSOSSSSOSSS#  #",
       "#  #S          S#  #",
       "# m#O     w    O#m #",
       "#  #S          S#  #",
       "#  #SSSOSSSSOSSS#  #",
       "#   ############   #",
       "#       I          #",
       " #                # ",
       "  ################  "})

wo:shuffleOxyd({no["oxyd#*"]:sort("circular"), circular = true})

    ]]></el:luamain>
    <el:i18n>
      <el:string el:key="title">
        <el:english el:translate="false"/>
      </el:string>
    </el:i18n>
  </el:protected>
</el:level>
