<?xml version="1.0" encoding="UTF-8" standalone="no" ?>
<el:level xmlns:xsi="http://www.w3.org/2001/XMLSchema-instance" xsi:schemaLocation="http://enigma-game.org/schema/level/1 level.xsd" xmlns:el="http://enigma-game.org/schema/level/1">
  <el:protected>
    <el:info el:type="level">
      <el:identity el:title="Cold Mail" el:subtitle="" el:id="andreas18"/>
      <el:version el:score="1" el:release="2" el:revision="2" el:status="released"/>
      <el:author el:name="Andreas Lochmann" el:email="" el:homepage=""/>
      <el:copyright>Copyright © 2006, 2009 Andreas Lochmann</el:copyright>
      <el:license el:type="GPL v2.0 or above" el:open="true"/>
      <el:compatibility el:enigma="1.1">
      </el:compatibility>
      <el:modes el:easy="false" el:single="true" el:network="false"/>
      <el:comments>
      </el:comments>
      <el:score el:easy="-" el:difficult="03:32"/>
    </el:info>
    <el:luamain><![CDATA[

ti[" "] = {"fl_himalaya"}
ti["."] = {"fl_abyss"}
ti["#"] = {"st_rawglass"}
ti[":"] = ti["#"] .. ti["."]
ti["@"] = {"#ac_marble", adhesion = 1}
ti["I"] = {"st_ice"}
ti["O"] = {"st_oxyd", flavor = "d", oxydcolor = OXYD_CYAN}
ti["M"] = {"st_mail_n"}
ti["f"] = {"it_flag_black"}
ti["c"] = {"it_coin_s"}
ti["s"] = {"it_spoon"}
ti["1"] = ti["I"] .. {"it_pipe_ew"}
ti["2"] = ti["I"] .. {"it_pipe_ns"}
ti["3"] = ti["I"] .. {"it_pipe_sw"}
ti["4"] = ti["I"] .. {"it_pipe_nw"}
ti["5"] = ti["I"] .. {"it_pipe_ne"}
ti["6"] = ti["I"] .. {"it_pipe_es"}

wo(ti, " ", 
      {"###############:::::",
       "#             .....:",
       "# @    12 s1 ..... #",
       "#   2        ....  #",
       "# 1   5  11  ...O  #",
       "#  f  M      ...   #",
       "#         1  ...   #",
       "#  123  2     ...  #",
       "#   O    122  .....:",
       "# 1    2   1   ....:",
       "#  c 4  1     6    #",
       "#                  #",
       "####################"})

wo:shuffleOxyd()

    ]]></el:luamain>
    <el:i18n>
      <el:string el:key="title">
        <el:english el:translate="false"/>
      </el:string>
    </el:i18n>
  </el:protected>
</el:level>
