<?xml version="1.0" encoding="UTF-8" standalone="no" ?>
<el:level xmlns:xsi="http://www.w3.org/2001/XMLSchema-instance" xsi:schemaLocation="http://enigma-game.org/schema/level/1 level.xsd" xmlns:el="http://enigma-game.org/schema/level/1">
  <el:protected>
    <el:info el:type="level">
      <el:identity el:title="Spiders" el:subtitle="" el:id="ant26"/>
      <el:version el:score="1" el:release="2" el:revision="1" el:status="released"/>
      <el:author el:name="Petr Machata" el:email="" el:homepage=""/>
      <el:copyright>Copyright © 2003 Petr Machata</el:copyright>
      <el:license el:type="GPL v2.0 or above" el:open="true"/>
      <el:compatibility el:enigma="1.10"/>
      <el:modes el:easy="false" el:single="true" el:network="true"/>
      <el:comments><el:code>New API converted by R. Bourquin</el:code></el:comments>
      <el:score el:easy="-" el:difficult="-"/>
    </el:info>
    <el:luamain><![CDATA[
ti[" "] = {"fl_himalaya"}
ti["."] = {"fl_abyss"}
ti["#"] = {"st_metal"}
ti["="] = {"st_rawglass"}
ti["t"] = {"it_trigger", action="open", target="@ox?#*"}
ti["O"] = {"st_oxyd", name="oxl#"}
ti["o"] = {"st_oxyd", name="oxr#"}
ti["A"] = {"#ac_marble_white", name="wb"}
ti["@"] = {"#ac_marble_black", name="bb"}

wo(res.autotile(ti, {"a", "j", "t"}), " ", {
   "####################",
   "#.   .=.    .=.   .#",
   "#. a .=. Oo .=. f .#",
   "#.   .=.    .=.   .#",
   "#. b .=. Oo .=. g .#",
   "#.  @.=.    .=.   .#",
   "#. c .=. Oo .=. h .#",
   "#.   .=.    .=.A  .#",
   "#. d .=. Oo .=. i .#",
   "#.   .=.    .=.   .#",
   "#. e .=. Oo .=. j .#",
   "#.   .=.    .=.   .#",
   "####################"})

wo:add({"ot_rubberband", anchor1="bb", anchor2="wb", length=11.0, strength=10.0})
wo:shuffleOxyd({"oxl#*", "oxr#*", min=3})
 ]]></el:luamain>
    <el:i18n>
      <el:string el:key="title">
        <el:english el:translate="false"/>
      </el:string>
    </el:i18n>
  </el:protected>
</el:level>
