<?xml version="1.0" encoding="UTF-8" standalone="no" ?>
<el:level xmlns:xsi="http://www.w3.org/2001/XMLSchema-instance" xsi:schemaLocation="http://enigma-game.org/schema/level/1 level.xsd" xmlns:el="http://enigma-game.org/schema/level/1">
  <el:protected>
    <el:info el:type="level">
      <el:identity el:title="Draggers" el:subtitle="" el:id="ant21"/>
      <el:version el:score="1" el:release="2" el:revision="5" el:status="released"/>
      <el:author  el:name="Petr Machata" el:email="" el:homepage=""/>
      <el:copyright>Copyright © 2003 Petr Machata</el:copyright>
      <el:license el:type="GPL v2.0 or above" el:open="true"/>
      <el:compatibility el:enigma="1.10"/>
      <el:modes el:easy="true" el:single="true" el:network="false"/>
      <el:comments><el:code>New API converted by R. Bourquin</el:code></el:comments>
      <el:score el:easy="-" el:difficult="-"/>
    </el:info>
    <el:luamain><![CDATA[
wo["ConserveLevel"] = false

ti[" "] = {"fl_metal"}
ti["."] = {"fl_abyss"}
ti[":"] = ti[" "] .. ti({"it_seed"}) .. {"st_chameleon"}
ti["d"] = {"it_document", text="text1"}
ti["#"] = {"st_granite"}
ti["X"] = {"st_grate_cross"}
ti["^"] = {"st_boulder", name="boulders#", orientation=NORTH}
ti["B"] = {"st_oxyd", oxydcolor=OXYD_BLUE, flavor="d"}
ti["R"] = {"st_oxyd", oxydcolor=OXYD_RED, flavor="d"}
ti["G"] = {"st_oxyd", oxydcolor=OXYD_GREEN, flavor="d"}
ti["Y"] = {"st_oxyd", oxydcolor=OXYD_YELLOW, flavor="d"}
ti["@"] = {"#ac_marble_black", name="ball"}
if wo["IsDifficult"] then
    ti[","] = ti["."]
    ti["-"] = ti[" "]
else
    ti[","] = ti[" "] .. {"it_crack_l"}
    ti["-"] = {"st_break_boulder"}
end

wo(ti, " ", {
    "####################",
    "# X.....B  B.....X #",
    "# X..............X #",
    "# X......  ......X #",
    "# X......  ......X #",
    "# X.....,  ,.....X #",
    "#-X....,,  ,,....X-#",
    "# X...        ...X #",
    "# X...R      R...X #",
    "# X....,,  ,,....X #",
    "# X.....,  ,.....X #",
    "# X......  ......X #",
    "# #......  ......# #",
    "# X......  ......X #",
    "# X......  ......X #",
    "# X......  ......X #",
    "# X.....,  ,.....X #",
    "# X....,,  ,,....X #",
    "# X....      ....X #",
    "#-X...,      ,...X-#",
    "# X..,,  ,,  ,,..X #",
    "# X..G   ..   G..X #",
    "# X..    ..    ..X #",
    "# X..,,  ..  ,,..X #",
    "# #...,  ..  ,...# #",
    "# X...,  ..  ,...X #",
    "# X..,,  ,,  ,,..X #",
    "#-X              X-#",
    "# X              X #",
    "# X  ,,......,,  X #",
    "# X  ,........,  X #",
    "# X  ,,......,,  X #",
    "# X              X #",
    "# X              X #",
    "# X....,,  ,,....X #",
    "# X.....,  ,.....X #",
    "# #......  ......# #",
    "# X......  ......X #",
    "# X......  ......X #",
    "# X......  ......X #",
    "# X......  ......X #",
    "#-X.....,  ,.....X-#",
    "# X....,Y  Y,....X #",
    "# X              X #",
    "# X              X #",
    "# X  d        :  X #",
    "# X              X #",
    "#^X       @      X^#",
    "####################"})

for obj in no["boulders#*"] do
    wo:add({"ot_rubberband", anchor1="ball", anchor2=obj, strength=5.0})
end
 ]]></el:luamain>
    <el:i18n>
      <el:string el:key="title">
        <el:english el:translate="false"/>
      </el:string>
      <el:string el:key="text1">
        <el:english el:translate="true">This level is symmetric ...</el:english>
      </el:string>
    </el:i18n>
  </el:protected>
</el:level>
