<?xml version="1.0" encoding="UTF-8" standalone="no" ?>
<el:level xmlns:xsi="http://www.w3.org/2001/XMLSchema-instance" xsi:schemaLocation="http://enigma-game.org/schema/level/1 level.xsd" xmlns:el="http://enigma-game.org/schema/level/1">
  <el:protected>
    <el:info el:type="level">
      <el:identity el:title="Build Up and Tear Down" el:subtitle="" el:id="duffy70"/>
      <el:version el:score="1" el:release="2" el:revision="2" el:status="released"/>
      <el:author el:name="Jacob Scott" el:email="" el:homepage=""/>
      <el:copyright>Copyright © 2003 Jacob Scott</el:copyright>
      <el:license el:type="GPL v2.0 or above" el:open="true"/>
      <el:compatibility el:enigma="1.10"/>
      <el:modes el:easy="false" el:single="true" el:network="false"/>
      <el:comments><el:code>new API converted by mecke</el:code></el:comments>
      <el:score el:easy="-" el:difficult="-"/>
    </el:info>
    <el:luamain><![CDATA[
wo["ConserveLevel"] = false

ti[" "] = {"fl_lawn_a"}
ti[":"] = {"fl_abyss"}
ti["="] = {"fl_space"}
ti["#"] = {"st_greenbrown"}
ti["H"] = {"st_plaster_breakable"}
ti["T"] = ti["="] .. {"st_thief"}
ti["<"] = {"st_mail_w"}
ti[">"] = {"st_mail_e"}
ti["-"] = {"it_pipe_ew"}
ti["|"] = {"it_pipe_ns"}
ti["1"] = {"it_pipe_ne"}
ti["3"] = {"it_pipe_nw"}
ti["7"] = {"it_pipe_es"}
ti["9"] = {"it_pipe_sw"}
ti["d"] = {"it_dynamite"}
ti["h"] = {"it_hammer"}
ti["o"] = {"it_meditation_dent"}
ti["*"] = {"it_bomb_black"}
ti["."] = ti[":"] .. ti["*"]
ti["O"] = {"st_oxyd"}
ti["@"] = {"#ac_marble"}

wo(ti, " ", {
    "#######################################",
    "#HH               d#                 h#",
    "#HH                #                  #",
    "#HH            .....       ||--9      #",
    "#OH    |--7 ***.   :       1---3      #",
    "#HH    ---1 *>#:  o:                  #",
    "#HH         ***.   :   <              #",
    "#HH            .....     TTTTTTT   T=T#",
    "#OH                #     T=====T   T=T#",
    "#HH       @        TTTTTTT=TTT=TTTTT=T#",
    "#HH                ========T T=======T#",
    "#HH                TTTTTTTTT TTTTTTTTT#",
    "#######################################"})
 ]]></el:luamain>
    <el:i18n>
      <el:string el:key="title">
        <el:english el:translate="false"/>
      </el:string>
    </el:i18n>
  </el:protected>
</el:level>
