<?xml version="1.0" encoding="UTF-8" standalone="no" ?>
<el:level xmlns:xsi="http://www.w3.org/2001/XMLSchema-instance" xsi:schemaLocation="http://enigma-game.org/schema/level/1 level.xsd" xmlns:el="http://enigma-game.org/schema/level/1">
  <el:protected>
    <el:info el:type="level">
      <el:identity el:title="Plan Ahead" el:subtitle="" el:id="duffy114"/>
      <el:version el:score="2" el:release="3" el:revision="5" el:status="released"/>
      <el:author  el:name="Jacob Scott" el:email="" el:homepage=""/>
      <el:copyright>Copyright © 2004 Jacob Scott</el:copyright>
      <el:license el:type="GPL v2.0 or above" el:open="true"/>
      <el:compatibility el:enigma="1.10"/>
      <el:modes el:easy="true" el:single="true" el:network="false"/>
      <el:comments><el:code>New API converted by R. Bourquin</el:code></el:comments>
      <el:score el:easy="-" el:difficult="-"/>
    </el:info>
    <el:luamain><![CDATA[
ti[" "] = {"fl_redslab"}
ti["~"] = {"fl_water"}
ti["#"] = {"st_granite"}
ti["P"] = {"st_plaster_breakable"}
ti["W"] = {"st_passage", color=WHITE, flavor="frame"}
ti["B"] = {"st_passage", color=BLACK, flavor="frame"}
ti[">"] = {"st_oneway", color=BLACK, orientation=EAST}
ti["<"] = {"st_oneway", color=BLACK, orientation=WEST}
ti["("] = {"st_oneway", color=WHITE, orientation=WEST}
ti[":"] = {"it_meditation_hollow"}
ti["."] = {"it_seed"}
ti["d"] = {"it_dynamite"}
ti["b"] = {"it_bag"}
ti["*"] = ti({"st_grate", flavor="cross"}) .. {"it_crack_l"}
ti["O"] = {"st_oxyd", name="left#"}
ti["o"] = {"st_oxyd", name="right#"}
ti["&"] = {"it_yinyang"}
ti["1"] = ti["&"] .. {"#ac_marble_black"}
ti["2"] = {"#ac_marble_white"}
if wo["IsDifficult"] then
    ti["Q"] = ti["O"]
    ti["G"] = ti["#"]
    ti["M"] = ti["W"]
else
    ti["Q"] = ti[" "]
    ti["G"] = ti["O"]
    ti["M"] = ti["W"] .. ti["&"]
end

wo(ti, " ", {
    "####################",
    "###    ######   .Bo#",
    "#d(    <****<   .BB#",
    "### WWW######    BB#",
    "#O  W:P######P:  Bo#",
    "#O  W:P~~~~~BP:  BB#",
    "#GQ2W:P~~~~~BP:b1.Mo",
    "#O  W:P~~~~~BP:  BB#",
    "#O  W:P######P:  Bo#",
    "### WWW######    BB#",
    "#d<    >****>   .BB#",
    "###    ######   .Bo#",
    "####################"})

wo:shuffleOxyd({"left#*", max=0}, {"right#*", max=0})
 ]]></el:luamain>
    <el:i18n>
      <el:string el:key="title">
        <el:english el:translate="false"/>
      </el:string>
    </el:i18n>
  </el:protected>
</el:level>
