<?xml version="1.0" encoding="UTF-8" standalone="no" ?>
<el:level xmlns:xsi="http://www.w3.org/2001/XMLSchema-instance" xsi:schemaLocation="http://enigma-game.org/schema/level/1 level.xsd" xmlns:el="http://enigma-game.org/schema/level/1">
  <el:protected>
    <el:info el:type="level">
      <el:identity el:title="Island Labyrinth" el:subtitle="" el:id="duffy129"/>
      <el:version el:score="1" el:release="2" el:revision="3" el:status="released"/>
      <el:author  el:name="Jacob Scott" el:email="" el:homepage=""/>
      <el:copyright>Copyright © 2004 Jacob Scott</el:copyright>
      <el:license el:type="GPL v2.0 or above" el:open="true"/>
      <el:compatibility el:enigma="1.10"/>
      <el:modes el:easy="false" el:single="true" el:network="false"/>
      <el:comments><el:code>New API converted by R. Bourquin</el:code></el:comments>
      <el:score el:easy="-" el:difficult="-"/>
    </el:info>
    <el:luamain><![CDATA[
wo["FollowGrid"] = true
wo["FollowMethod"] = FOLLOW_SCROLL
wo["FollowAction"] = FOLLOW_HALFSCREEN

ti[" "] = {"fl_lawn"}
ti["~"] = {"fl_water"}
ti["-"] = {"fl_ice"}
ti[","] = {"fl_sand"}
ti["="] = {"fl_space"}
ti["."] = {"fl_metal_7"}
ti["u"] = {"fl_slope_pn"}
ti["r"] = {"fl_slope_pe"}
ti["d"] = {"fl_slope_ps"}
ti["l"] = {"fl_slope_pw"}
ti["1"] = {"fl_slope_isw"}
ti["3"] = {"fl_slope_ise"}
ti["7"] = {"fl_slope_inw"}
ti["9"] = {"fl_slope_ine"}
ti["#"] = {"st_granite"}
ti["$"] = ti["-"] .. ti["#"]
ti["^"] = ti[","] .. ti["#"]
ti["+"] = {"st_box"}
ti["*"] = {"st_brownie"}
ti["X"] = {"st_grate", flavor="cross"}
ti["b"] = {"st_passage", color=BLACK, flavor="frame"}
ti["F"] = ti["-"] .. ti["b"]
ti["S"] = {"st_stoneimpulse"}
ti["8"] = {"st_boulder", orientation=NORTH}
ti["6"] = {"st_boulder", orientation=EAST}
ti["2"] = {"st_boulder", orientation=SOUTH}
ti["4"] = {"st_boulder", orientation=WEST}
ti["p"] = {"st_rotator_cw"}
ti["q"] = {"st_rotator_ccw"}
ti["T"] = {"st_turnstile"}
ti["N"] = ti["~"] .. {"st_turnstilearm_n"}
ti["e"] = {"st_turnstilearm_e"}
ti["s"] = {"st_turnstilearm_s"}
ti["w"] = {"st_turnstilearm_w"}
ti["&"] = {"st_mirror", flavor="slab", orientation=BACKSLASH, movable=true}
ti["/"] = {"st_mirror", flavor="slab", orientation=SLASH, movable=true}
ti["L"] = {"st_laser", orientation=EAST, state=ON, name="laser"}
ti["a"] = {"st_oneway", color=BLACK, orientation=NORTH}
ti["t"] = {"st_oneway", color=BLACK, orientation=SOUTH}
ti["A"] = {"st_door", flavor="d", faces="ns", name="door1#", state=CLOSED}
ti["P"] = {"st_switch", target="door1#*"}
ti["5"] = {"st_door", flavor="d", faces="ns", name="door3"}
ti["U"] = {"st_switch", target="door3"}
ti["|"] = {"st_door", flavor="d", faces="ew", name="doorvertical#"}
ti["K"] = {"st_key", target="@doorvertical#*"}
ti["M"] = {"st_floppy", target="@doorvertical#*"}
ti["D"] = {"st_death"}
ti["x"] = ti["="] .. ti["D"]
ti["O"] = {"st_oxyd"}
ti["I"] = ti["~"] .. ti["O"]
ti[";"] = ti["-"] .. ti["O"]
ti["J"] = {"it_springboard"}
ti["H"] = {"it_meditation_hollow"}
ti["f"] = {"it_flag_black"}
ti["h"] = {"it_magicwand"}
ti["k"] = {"it_key"}
ti["m"] = ti["-"] .. {"it_floppy"}
ti["o"] = {"it_extralife"}
ti["i"] = {"it_vortex", state=CLOSED, name="vortex#"}
ti["V"] = {"st_switch", target="vortex#*"}
ti["("] = {"it_vortex", name="vortex1", destination="vortex2"}
ti[")"] = {"it_vortex", name="vortex2", destination="vortex1"}
ti["{"] = {"it_vortex", name="vortex3", destination="vortex4"}
ti["}"] = {"it_vortex", name="vortex4", destination="vortex3"}
ti["Q"] = ti["~"] .. {"#ac_rotor", range=5.5, strength=30.0}
ti["R"] = {"#ac_rotor", range=3.0, strength=10.0}
ti["v"] = ti["-"] .. {"#ac_rotor", range=10.0, strength=5.0}
ti["?"] = ti["-"] .. {"#ac_top", range=0.0, strength=0.0}
ti["W"] = ti["-"] .. {"#ac_top", range=5.0, strength=5.0}
ti["@"] = {"#ac_marble_black"}

wo(ti, " ", {
    "~~~~~~~~~~~~~~~~~~~~~~~~~~~~~~~~~~~~~~~~~~~~~~~~~~~~~~~~~~~~~~~~~~~~~~~~~~~~~~###########################################################################",
    "~~~~~~~~~~~~~~~~~~~~~~~~~~~~~~~~~~~~~~~~~~~~~~~~~~~~~~~~~~~~~~~~~~~~~~~~~~~~~~#     #   # #                                                             #",
    "~~~~~~~~~~~~~~~~~~~~~~~~~~~~~~~~~~~~~~~~~~~~~~~~~~~~~~~~~~~~~~~~~~~~~~~~~~~~~~# ### # # # # ########################################################### #",
    "~~~~~###################################################~~~~~~~~~~~~~~~~~~~~~~# #O# # #   # #                          i~~~i                          # #",
    "~~~~~#           #                                  ,,~#~~#######~~~~~~~~~~~~~# # # # ##### # ##################A#################A################## # #",
    "~~~~~# ########### ########### ########### #############~~#   * ############### # # #  #    # #                #         *         #                # # #",
    "~~~~~# #                     #           #            O#~~# ** *  ~           # # # # ## DDD# #DDD ######## #############V############# ########### # # #",
    "~~~~~# # ###############################################~~#   * ############# # # #      D3ddddd1D        #                    J~J      #         # # # #",
    "~~~~~# # #~~~~~~~~~~~~~~~~~~~~~~~~~~~~~~~~~~~~~~~~~~~~~~~~# **  #           # # # ########r33d11l######5######################P#~#### ### ####### # # # #",
    "~~~~~# # #~~~~~~~~~~~~~~~~~~~~~~~~~~~~~~~~~~~~~~~~~~~~~~~~#   * # ######### # # #         rrr lll                          b R #      #)# #     # # # # #",
    "~~~~~# # #~~~~~~~~~~~~~~~~~~~~~~~~~~~~~~~~~~~~~~~~~~~~~~~~##### # #~~~,,    # # ##########r99u77l############## ##################### # # # ### # # # # #",
    "~~~~~# # #~~~~~~~~~~~~~~~~~~~~~~~~~~~~~~~~~~~~~~~~~~~~~~~~~~~~# # #~~~^^##### #          D9uuuuu7D~~~~~~~~~~~~# #     #     S*        # # # # # # # # # #",
    "~~~~~# # #~~~~~~~~~~~~~~~~~~~~~~~~~~~~~~~~~~~~~~~~~~~~~~~~~~~~# # #~~~,,    # ########## DDD# #DDD~~~~~~~~~~~~# # ### # ##### #######S# # # # # # # # # #",
    "~~~~~# # #~~~~~~~~~~~~~~~~~~~~~~~~~~~~~~~~~~~~~~~~~~~~~~~~~~~~# # ######### # #        #    # #~~~~~~~~~~~~~~~# # #   #   #   #         # # # # # # # # #",
    "~~~~~# # #~~~~~~~~~~~~~~~~~~~~~~~~~~~~~~~~~~~~~~~~~~~~~~~~~~~~# #         # # # ###### #### # #~~~~~~~~~~~~~~~# # # ##### # # #,,,# ##### # # # # #O# # #",
    "~~~~~# # #~~~~~~~~~~~~~~~~~~~~~~~~~~~~~~~~~~~~~~~~~~~~~~~~~~~~# # ####### # # # #    #    # # #~~~~~~~~~~~~~~~# # #       # # #,,,# #     #   # # ### # #",
    "~~~~~# # #~~~~~~~~~~~##########################################+# #       # # # # ## # ## # # #~~~~~~~~~~~~~~~# # ######### # #~~~# # ### ### # #     # #",
    "~~~~~# # #~~~~~~~~~~~#  |                                       # # ####### # # # #  # #  # # #~~~~~~~~~~~~~~~# #         # # #~~~# # #  X  # # ####### #",
    "~~~~~# # #~~~~~~~~~### #M############# ######### ############## # # #   # # # # # # ## # ## # ################# ######### # # #~~~# # ##+*+## #         #",
    "~~~~~# # ###########   # #           # #~~~~~~~# #~~~~~~~~~~~~# # #   #   # #(# # #    #  # #               *           # # # #~~~# # #     # ###########",
    "~~~~~# #             ### # ######### # #~~~~~~~# #~~~~~~~~~~~~# # ######### ### ######### # # ######################### # # # #~~~# # # X X # #~~~~~~~~~~",
    "~~~~~# ###############   #   #     # # #~~###### ############~# #               #         # # #~~~~~~~~~~~~~~~~~~~~~~~# # # # #~~~# ##### ### #~~~~~~~~~~",
    "~~~~~#               # ##### # ##### # ####                 #~# ############### ########### # #~~~~~~~~~~~~~~~~~~~~~~~# # # # ##### #   # #   #~~~~~~~~~~",
    "~~~~~# ############# # #   # # #     #    ################# #~#                             # #~~~~~~~~~~~~~~~~~~~~~~~# # ###   # # ### # # # #~~~~~~~~~~",
    "~~~~~# #       #   # # # # # # # ######## #           #   # #~# ######## #################### #~~~~~~~~~~~~~~~~~~~~~~~# # #   #   #   # # # # #~~~~~~~~~~",
    "~~~~~# # ### # # # # #   #   # #        # # #########   #   #~# #      # # #~~~~~~~~~~~~~~~~# #~~~~~~~~~~~~~~########## # # ######### # # # # #~~~~~~~~~~",
    "~~~~~# # # # #   # # ######### ######## # # #~~~~~~~#########~# # #### # # #~~~~~~~~~~~~~~~~# #~~~~~~~~~~~~~~#  ~~~#  # #   #   #   # # # S # #~~~~~~O~~~",
    "~~~~~# # # # ##### #                  # # # #~#####~~~~~~~~~~~# # # o# # # #~~~~~~~~~~~~~~~## ##~~~~~~~~~~~~~# #~~~X+ # # #   #   #   # N S # #~~~~~#}#~~",
    "~~~~~# # # # #   # ############## ##### # # #~#   ############# # #  # # # #~~~~~~~~~~~~~~~#   #~~~~~~~~~~~~~# #~~~+  # ############### T S # #~~~~~~#~~~",
    "~~~~~# # # #   # #                #   # # # #~# @               # # ## # # #~~~~~~~~~~~~~~~#* *#~~~~~~~~~~~~~#U#~~~++                   s S # #~~~~~~~~~~",
    "~~~~~# # # ##### ################## # # # # #~#   ############# # #  # # # #~~~~~~~~~~~~~~~# * #~~~~~~~~~~~~~# #~~~+  ###################a# # #~~~~~~~~~~",
    "~~~~~# #       #                    #   # # #~#####~~~~~~~~~~~# # ## # # # #~~~~~~~~~~~~~~~#* *#~~~~~~~~~~~~~# #~~~X+ #                 # # # #~~~~~~~~~~",
    "~~~~~# ################################## # #~~~~~~~~~~~~~~~~~# # #  # # # #~~~~~~~~~~~~~~~#   #~~~~~~~~~~~~~#  ~~~#  # ###############     # #~~~~~~~~~~",
    "~~~~~#                                    #o################### # # ## # # #~~~~~~~~~~~~~~~#* *#~~~~~~~~~~~~~########## #~~~~~~~~~~~~######## #####~~~~~~",
    "~~~~~############ ##################### #####o                # # #    # # #~~~~~~~~~~~~~~~# * #~~~~~~~~~~~~~~~~~~~~~~# #~~~~~~~~~####            #~~~~~~",
    "~~~~~~~~~~~~~~~~# #                   # #   ################# # # ###### # #~~~~~~~~~~~~~~~#* *#~~~~~~~~~~~~~~###~~~~~# #~~~~~~~~~#    #{######## #~~~~~~",
    "~~~~~~~~~~~~~~~~# # #q############### # # # #                 # #        # #~~~~~~~~~~~~~~~# * #~~~~~~~~~~~~~~# #~~~~~# #~~~~###### ######~~~~~~# #~~~~~~",
    "~~~~~~~~~~~~~~~~# # #8   6     6   2q # # # # ################# ########## #~~##############* *##########~~~~~# #~~~~~# #~~~~#           #~~~~~~# #~~~~~~",
    "~~~~~~~~~~~~~~~~# # q    4     4    # # # # # #                            #~~#                   *     #~~~~~# #~~~~~# #~~~~#           #~~~~~~# #~~~~~~",
    "~~~~~~~~~~~~~~~~# # # ###########  q# # # # # # ############################~~# ####################### #~~~~~# #~~~~~# ###~~# +++XXX+++ #~~~~~~# #~~~~~~",
    "~~~~~~~~~~~~~~~~# # # #         #   # # # #   #                 #~~~~~~~~~~~~~# #~~~~~~~~~~~~~~~~~~~~~# #~##### #~~~~~#   #~~#~~~~~~~~~~~#~~~~~~# #~~~~~~",
    "~~~~~~~~~~~~~~~~# # # # ####### #   # # # ##################### #~~~~~~~~~~~~~# #~~~~~~~~~~~~~~~~~~~~~# #~#     #~~~~~# # #~~#~~~~~~~~~~~#~~~~~~# #~~~~~~",
    "~~~~~~~~~~~~~~~~# # # # #   #h# #   # # # #                 # # #~~~~~~~~~~~~~# #~~~~~~~~~~~~~~~~~~~~~# #~# #####~~~~~# # #~~#~~~~~I~~~~~#~~~~~~# #~~~~~~",
    "~~~~~~~~~~~~~~~~# # # # # # #o# #   | # #   #t#############   # #~~~~~~~~~~~~~# #~~~~~~~~~~~~~~~~~~~~~# #~# #~~~~~~#### # #~~#~~~~~~~~~~~#~~~~~~# #~~~~~~",
    "~~~~~~~~~~~~~~~~# # # # # # # # # ##K## #####             ### # #~~~~~~~~~~~~~# #~~~~~~~~~~~~~~~~~~~~~# #~# ########    # #~~#~~~~~~~~~~~#~~~~~~# #~~~~~~",
    "~~~~~~~~~~~~~~~~# # # #   # # # # #         # ########### #   # #~~~~~~~~~~~~~# #~~~~~~~~~~~~~~~~~~~~~# #~#          #### #~~# +++XXX+++ #~~~~~~# #~~~~~~",
    "~~~~~~~~~~~~~~~~# # # # ### # # # # ### ### # #         # # ### #~~~~~~~~~~~~~# #~~~~~~~~~~~~~~~~~~~~~# ############## O# #~~#           #~~~~~~# #~~~~~~",
    "~~~~~~~~~~~~~~~~# # # #   # # # # # #~# #~# # # ####### # #   # #~~~~~~~~~~~~~# #~~~~~~~~~~~~~~~~~~~~~#                 # #~~#           #~~~~~~# #~~~~~~",
    "~~~~~~~~~~~~~~~~# # # ##### # # # #b###b###b# # #   #   # ### # #~~~~~~~~~~~~~# #~~~~~~~~~~~~~~~~~~~~~# ############## O# ######### ######~~~~~~# #~~~~~~",
    "~~~~~~~~~~~~~~~~^,^,^,,,,,,,^,^,# #         # # # # # # # #   # ############### #####~~~~~~~~~~~~~~~~~# #~~~~~~~~~~~~#### #~~~~~~~# #~~~~~~~~~~~# #~~~~~~",
    "~~~~~~~~~~~~~~~~^,~,~~~~~~~~~,~,# #         # # # # # # # # ###                     #~~~~~~~~~~~~~~~~~# #~~~~~~~~~~~~~~~# #~#####~# ############# #~~~~~~",
    "~~~~~~~~~~~~~~~~^,~,,,,,,,,,,,~,# #  ,,,,,  # # # # # # # #   # ################### #~xxxxxxxxxxxxx~~~# #~~~~~~~~~~~~~~~# #~#   #~#               #~~~~~~",
    "~~~~~~~~~~~~~~~~^,~~~~~~~~~~~~~,# #  ,~~~,  # # # # # ### ### # #L                # #~x===========x~~~# #~~############## #~### #~#################~~~~~~",
    "~~~~~~~~~~~~~~~~^,,,,,,,,,,,,,,,# #  ,~Q~,  # # # # #  J~ ~HH # #          ,,,,,  # #~x=..========x~~~# #~~#              #~~~# #~~~~~~~~~~~~~~~~~~~~~~~~",
    "~~~~~~~~~~~~~~~~^,~~~~~~~~~~~~~~# #  ,~~~,  # # # # ##### ### # # ,,,     ,,~~~,  # #~x=..===..===x~~~# #~~# ##############~~~# #~~~~~~~~~~~~~~~~~~~~~~~~",
    "~~~~~~~~~~~~~~~~^,~,,,,,,,,,,,,,# #  ,,,,,  # # # #       #   # # ,~,, /&/,~~~~,, # #~x======..===x~~~# #~~# #~~~~~~~~~~~~~~~~# #~~~~~~~~~~~~~~~~~~~~~~~~",
    "~~~~~~~~~~~~~~~~^,~,~~~~~~~~~~~,# #         # # # # ####### ### # ,~~, & &,~~~~~, # ###======..===##### #~~# ###~~~~########### #~~~~~~~~~~~~~~~~~~~~~~~~",
    "~~~~~~~~~~~~~~~~^,~,~I~~,,,,,,~,# #    O    # # # # #         # # ,~~,    ,,,~~~, #    ==.==x=====      #~~#   #~~~~#           #~~~I~~~~~~~~~~~~~~~~~~~~",
    "~~~~~~~~~~~~~~~~^,~,~~~~~~~~~,~,# ########### # # # # ######### # ,,,,      ,,,,, #####=========.=############ #~~~~# ###########~~7u9~~~~~~~~~~~~~~~~~~~",
    "~~~~~~~~~~~~~~~~^,~,,,,,,,,,,,~,# # #   #   # # # # # #         #                     D===========D          # ###### #~~~~~~~~~~~~l,r~~~~~~~~~~~~~~~~~~~",
    "~~~~~~~~~~~~~~~~^,~~~~~~~~~~~,~,# #   #   #   #   # # ####################### ####### D====..=====D ######## #        #~~~~~~~~~~~~1d3~~~~~~~~~~~~~~~~~~~",
    "~~~~~~~~~~~~~~~~^,,,,,,,,,,,,,~,# ################# # #                   #= = = = #  D=========.=D   #    # ##########~~~~~~~~~~~~~,~~~~~~~~~~~~~~~~~~~~",
    "~~~~~~~~~~~~~~~~# ############# #                   # # ################# # = = = =# #D===========D## # ## # #~~~~~~~~~~~~~7u9~7u9~7u9~~~~~~~~~~~~~~~~~~~",
    "~~~~~~~~~~~~~~~~# #             ##################### # #o              # #= = = = #  DDDDDDDDDDDDD #   #k # #~~~~~~~~~~~~~l,r,l,r,l,r~~~~~~~~~~~~~~~~~~~",
    "~~~~~~~~~~~~~~~~# # #############-------------------# # ############### # ** ######## #   #   #   # ######## #~~~~~~~~~~~~~1d3~1d3~1d3~~~~~~~~~~~~~~~~~~~",
    "~~~~~~~~~~~~~~~~# # # *  *  * #---------------------# #                 # #             #   #   #            #~~~~~~~~~~~~~~,~~~~~~~~~~~~~~~~~~~~~~~~~~~~",
    "~~~~~~~~~~~~~~~~# # # ** * ** #---------------------# ################### ########### ################################~7u9~7u9~~~~~~~~~~~~~~~~~~~~~~~~~~~",
    "~~~~~~~~~~~~~~~~# # # *  *  * #   ------------------#                                                                 ,l,r,l,r~~~~~~~~~~~~~~~~~~~~~~~~~~~",
    "~~~~~~~~~~~~~~~~# #   *** *** b # ------------------################################# ########################b#######~1d3~1d3~~~~~~~~~~~~~~~~~~~~~~~~~~~",
    "~~~~~~~~~~~~~~~~# # # *  *  * #   -----------------------------------------F--------~~~--------F-?-------------------$~~~~~~~~~~~~~~~~~~~~~~~~~~~~~~~~~~~",
    "~~~~~~~~~~~~~~~~# # # ** * ** #---------------------v----------------------F------m-~I~-;------F-?------------------W$~~~~~~~~~~~~~~~~~~~~~~~~~~~~~~~~~~~",
    "~~~~~~~~~~~~~~~~# # # *  *  * #--------------------------------------------F--------~~~--------F-?-------------------$~~~~~~~~~~~~~~~~~~~~~~~~~~~~~~~~~~~",
    "~~~~~~~~~~~~~~~~###############$$$$$$$$$$$$$$$$$$$$$$$$$$$$$$$$$$$$$$$$$$$$$$$$$$$$$$$$$$$$$$$$$$$$$$$$$$$$$$$$$$$$$$$~~~~~~~~~~~~~~~~~~~~~~~~~~~~~~~~~~~"})

wo:shuffleOxyd()
 ]]></el:luamain>
    <el:i18n>
      <el:string el:key="title">
        <el:english el:translate="false"/>
      </el:string>
    </el:i18n>
  </el:protected>
</el:level>
