<?xml version="1.0" encoding="UTF-8" standalone="no" ?>
<el:level xmlns:xsi="http://www.w3.org/2001/XMLSchema-instance" xsi:schemaLocation="http://enigma-game.org/schema/level/1 level.xsd" xmlns:el="http://enigma-game.org/schema/level/1">
  <el:protected>
    <el:info el:type="level">
      <el:identity el:title="Stealing from Thieves" el:subtitle="" el:id="duffy78"/>
      <el:version el:score="2" el:release="2" el:revision="2" el:status="released"/>
      <el:author  el:name="Jacob Scott" el:email="" el:homepage=""/>
      <el:copyright>Copyright © 2004 Jacob Scott</el:copyright>
      <el:license el:type="GPL v2.0 or above" el:open="true"/>
      <el:compatibility el:enigma="0.92">
      </el:compatibility>
      <el:modes el:easy="false" el:single="true" el:network="false"/>
      <el:comments>
        <el:code>Lua 5.1 and XML converted by Leveladministrators</el:code>
      </el:comments>
      <el:score el:easy="-" el:difficult="-"/>
    </el:info>
    <el:luamain><![CDATA[
rooms_wide=3
rooms_high=1

levelw=1+(19*rooms_wide)
levelh=1+(12*rooms_high)

create_world( levelw, levelh)
enigma.ConserveLevel = 0
enigma.SlopeForce = 100

fill_floor("fl-hay", 0,0,levelw,levelh)

function renderLine( line, pattern)
    for i=1, strlen(pattern) do
        local c = strsub( pattern, i, i)
        if c =="#" then
            set_stone( "st-greenbrown", i-1, line)
        elseif c =="S" then
            set_stone( "st-thief", i-1, line)
            set_floor("fl-gradient",  i-1,  line, {type=1})
        elseif c =="T" then
            set_stone( "st-thief", i-1, line)
            set_floor("fl-gradient",  i-1,  line, {type=2})
        elseif c =="X" then
            set_stone( "st-death", i-1, line)
        elseif c == "o" then
            oxyd(i-1,line)
        elseif c == "*" then
            set_stone( "st-brownie", i-1, line)
            set_floor("fl-water",i-1,line)
        elseif c == "!" then
            abyss(i-1,line)
        elseif c == "~" then
            set_floor("fl-water",i-1,line)
        elseif c=="z" then
            set_actor("ac-blackball", i-1,line+.5, {player=0})
        elseif c == "g" then
            draw_stones("st-grate1",{i-1,line}, {1,1}, 1)
        elseif c=="+" then
            set_stone( "st-wood", i-1, line)
        elseif c=="=" then
            set_floor("fl-space",i-1,line)
        elseif c == "d" then --1-d
            set_floor("fl-gradient",  i-1,  line, {type=1})
        elseif c == "u" then --2-u
            set_floor("fl-gradient",  i-1,  line, {type=2})
        elseif c == "r" then --3-r
            set_floor("fl-gradient",  i-1,  line, {type=3})
        elseif c == "l" then --4-l
            set_floor("fl-gradient",  i-1,  line, {type=4})
        elseif c == "1" then --ur
            set_floor("fl-gradient",  i-1,  line, {type=11})
        elseif c == "3" then --dl
            set_floor("fl-gradient",  i-1,  line, {type=9})
        elseif c == "7" then --dr
            set_floor("fl-gradient",  i-1,  line, {type=12})
        elseif c == "9" then --ul
            set_floor("fl-gradient",  i-1,  line, {type=10})
        elseif c == "D" then --1-d
            set_floor("fl-gradient",  i-1,  line, {type=1})
            draw_stones("st-grate1",{i-1,line}, {1,1}, 1)
        elseif c == "U" then --2-u
            set_floor("fl-gradient",  i-1,  line, {type=2})
            draw_stones("st-grate1",{i-1,line}, {1,1}, 1)
        elseif c=="c" then
            set_item("it-coin1", i-1,line,{value=1})
        elseif c=="C" then
            set_stone("st-coinslot", i-1,line, {action="openclose", target="door1"})
        elseif c=="A" then
            doorv( i-1,line, {name="door1"})
        end
    end
end

renderLine(00,"!!!!!!!!!!!!!!!!!!!!!!!!!!!!!!!!!!!!!!!!!!!!!!!!!!!!!!!!!!")
renderLine(01,"!###############!!!!!!!!!!!!!!!!!!!!!!!!!!###############!")
renderLine(02,"!#            cTTTTTTTTTTTTTTTTTTTTTTTTTTTT             #!")
renderLine(03,"!# ####        UuuuuuuuuuuuuuuuuuuuuuuuuuuU        #### #!")
renderLine(04,"!#    #        TTTTTTTTTTTTTTTTTTTTTTTTTTTT        #    #!")
renderLine(05,"!###  #        #!!!!!!!!!!!!!!!!!!!!!!!!!!#        #  ###!")
renderLine(06,"!#C   o    z   #!!!!!!!!!!!!!!!!!!!!!!!!!!#        *  Ao#!")
renderLine(07,"!###  #        #!!!!!!!!!!!!!!!!!!!!!!!!!!#        #  ###!")
renderLine(08,"!#    #        SSSSSSSSSSSSSSSSSSSSSSSSSSSS        #    #!")
renderLine(09,"!# ####        DddddddddddddddddddddddddddD        #### #!")
renderLine(10,"!#            cSSSSSSSSSSSSSSSSSSSSSSSSSSSS             #!")
renderLine(11,"!###############!!!!!!!!!!!!!!!!!!!!!!!!!!###############!")
renderLine(12,"!!!!!!!!!!!!!!!!!!!!!!!!!!!!!!!!!!!!!!!!!!!!!!!!!!!!!!!!!!")

oxyd_shuffle()
    ]]></el:luamain>
    <el:i18n>
      <el:string el:key="title">
        <el:english el:translate="false"/>
      </el:string>
    </el:i18n>
  </el:protected>
</el:level>

