<?xml version="1.0" encoding="UTF-8" standalone="no" ?>
<el:level xmlns:xsi="http://www.w3.org/2001/XMLSchema-instance" xsi:schemaLocation="http://enigma-game.org/schema/level/1 level.xsd" xmlns:el="http://enigma-game.org/schema/level/1">
  <el:protected>
    <el:info el:type="level">
      <el:identity el:title="Ocean Cruising" el:subtitle="" el:id="duffy131"/>
      <el:version el:score="1" el:release="2" el:revision="2" el:status="released"/>
      <el:author el:name="Jacob Scott" el:email="" el:homepage=""/>
      <el:copyright>Copyright © 2005 Jacob Scott</el:copyright>
      <el:license el:type="GPL v2.0 or above" el:open="true"/>
      <el:compatibility el:enigma="1.10"/>
      <el:modes el:easy="false" el:single="true" el:network="false"/>
      <el:comments><el:code>new API converted by mecke</el:code></el:comments>
      <el:score el:easy="-" el:difficult="-"/>
    </el:info>
    <el:luamain><![CDATA[
wo["FollowGrid"] = false
wo["FollowMethod"] = FOLLOW_SCROLL
wo["WaterSinkTime"] = 0.175

ti[" "] = {"fl_hay"}
ti["~"] = {"fl_water"}
ti["."] = {"fl_sand"}
ti["-"] = {"fl_lawn_a"}
ti[":"] = {"fl_swamp"}
ti["="] = {"fl_wood"}
ti[";"] = {"fl_metal"}
ti["#"] = ti["~"] .. {"st_death"}
ti["+"] = {"st_box"}
ti["a"] = ti[":"] .. {"it_extralife"}
ti["b"] = ti["="] .. {"it_extralife"}
ti["c"] = ti[";"] .. {"it_extralife"}
ti["f"] = {"it_flag"}
ti["O"] = {"st_oxyd"}
ti["@"] = {"#ac_marble"}

wo(ti, " ", {
    "#######################################",
    "#           ~~~~~~~~~~~~~~~~~~~~~~~~~~#",
    "#    f   ~~~O~~::~~~~~~~~~~~~~::~~O~~~#",
    "#   @  ~~~~~~~~:::~~~~~~~~~::::::~~~~~#",
    "#     ~~~~~~~~~~~~~~~~~~~~~:::::~~~~~~#",
    "#~~~~~~~~~~~~~~~~~~~~~~~~~~~~:::~~~~~~#",
    "#~~~~~~~~~~~~~--~~~~~~===~~~~~~~~;;;~~#",
    "#~~~:::~~~~~~----~~======~~~~~~~;;c;~~#",
    "#~~~::::::~~-----~~=====~~~~~~~;;;;;~~#",
    "#~~~::::::~~----~~~======~~~~~~~;;;;~~#",
    "#~~~~:::::~~~~--~~~~~~~~~~~~~~~~~~~~~~#",
    "#~~~~~~~~~~~~~~~~~~~~~~~~~~~~~~~~~~~~~#",
    "#~~~~~~===~~~~~~~~~~~~~~~~~~~~      ~~#",
    "#~~~~~~=====~~~~~~~~~~~~~~~~      ~~~~#",
    "#~~~~~=======~~~~~~~~~~~~~~~      ~~~~#",
    "#~~~~O~~=====~~~~~~~~~~~~~~       ~~~~#",
    "#~~~~~~~~~~~~~~~~~~~~~~~~~~~~~~~~~~~~~#",
    "#~~~~~~~~~~~~~~~~~~~~O~~~~~~~~~~~~~~~~#",
    "#~~~~~~  ~~~~~~~~~~~~~~~~~~~~=====~~~~#",
    "#~~~~~~   ~~~~~~~~~~~~~~~~~~~~=====~~~#",
    "#~~~~~~   ~~~~~~~~~---~~~~~~~~=b==~~~~#",
    "#~~~~~~~   ~~~~~~~~~--~~~~~~~=====~~~~#",
    "#~~~~~~~~~~~~;;;~~~~~~~~~~~~~====~~~~~#",
    "#~~...~~~~~~~;;;;~~~~~~~~~~~~~~~~~~~~~#",
    "#~~...~~~~~~~;;;;;~~~~~~.....~~~~~~~~~#",
    "#~~..~~~~~~~~~~;;;;~~~.......~~~~~~~~~#",
    "#~~.~~~~::::~~~;;;;~~~.....~~~~~~~~~~~#",
    "#~~~~~~:::::~~~~~~~~~~~...~~~~~~~~~~~~#",
    "#~~~~~~::a::~~~~~~~~~~~~~~~~~~~~~~~~~~#",
    "#~~~~~~~:::::~~~~~~~~~~~~~~~~:::::~~~~#",
    "#~~~~~~~~~:::~~~~~~~~~~~~~~~~~:::::~~~#",
    "#~~~~~~~~~~~~~~~~~==~~~~~~~~~::::::~~~#",
    "#~~~     ~~~~~=======~~~~~~~~:::::~~~~#",
    "#~~~      ~~=========O~~~~~~~~~:::~~~~#",
    "#~~~~    ~~~~=====~~~~~~~~~~~~~~~~O~~~#",
    "#~~~~~~~~~~~~~~~~~~~~~~~~~~~~~~~~~~~~~#",
    "#######################################"})

wo:shuffleOxyd()
 ]]></el:luamain>
    <el:i18n>
      <el:string el:key="title">
        <el:english el:translate="false"/>
      </el:string>
    </el:i18n>
  </el:protected>
</el:level>
