<?xml version="1.0" encoding="UTF-8" standalone="no" ?>
<el:level xmlns:xsi="http://www.w3.org/2001/XMLSchema-instance" xsi:schemaLocation="http://enigma-game.org/schema/level/1 level.xsd" xmlns:el="http://enigma-game.org/schema/level/1">
  <el:protected>
    <el:info el:type="level">
      <el:identity el:title="Shrinking Pits" el:subtitle="" el:id="duffy23"/>
      <el:version el:score="1" el:release="2" el:revision="2" el:status="released"/>
      <el:author  el:name="Jacob Scott" el:email="" el:homepage=""/>
      <el:copyright>Copyright © 2003 Jacob Scott</el:copyright>
      <el:license el:type="GPL v2.0 or above" el:open="true"/>
      <el:compatibility el:enigma="1.10"/>
      <el:modes el:easy="false" el:single="true" el:network="false"/>
      <el:comments><el:code>New API converted by R. Bourquin</el:code></el:comments>
      <el:score el:easy="-" el:difficult="-"/>
    </el:info>
    <el:luamain><![CDATA[
ti[" "] = {"fl_bluegreen"}
ti["#"] = {"st_greenbrown"}
ti["X"] = {"st_grate", flavor="cross"}
ti["<"] = {"st_oneway", orientation=WEST}
ti["+"] = {"st_box"}
ti["o"] = {"it_meditation_hollow"}
ti["O"] = ti["X"] .. ti["o"]
ti["@"] = {"#ac_pearl"}

wo(ti, " ", {
    "#######################################",
    "# XXXX#XXXXXX#XXXX <                  #",
    "# XoX +  OoX +  oX <  @   @   @   @   #",
    "# X XX#XXX XX#XX X <                  #",
    "###+######+#####+###                  #",
    "#XX XX#XXX XX#XX X <    @   @   @     #",
    "# XOX +  Oo  + XoX <                  #",
    "# XXXX#X XXXX#XX X <                  #",
    "#+######+#######+###      @   @       #",
    "#     #X XXXX#XX X <                  #",
    "#X OXX#XXoO  + XoX < @              @ #",
    "#X X  + XXXXX#XXXX <        @         #",
    "#######################################"})
 ]]></el:luamain>
    <el:i18n>
      <el:string el:key="title">
        <el:english el:translate="false"/>
      </el:string>
    </el:i18n>
  </el:protected>
</el:level>
