<?xml version="1.0" encoding="UTF-8" standalone="no" ?>
<el:level xmlns:xsi="http://www.w3.org/2001/XMLSchema-instance" xsi:schemaLocation="http://enigma-game.org/schema/level/1 level.xsd" xmlns:el="http://enigma-game.org/schema/level/1">
  <el:protected>
    <el:info el:type="level">
      <el:identity el:title="Help Yourself" el:subtitle="" el:id="duffy113"/>
      <el:version el:score="1" el:release="2" el:revision="2" el:status="released"/>
      <el:author  el:name="Jacob Scott" el:email="" el:homepage=""/>
      <el:copyright>Copyright © 2004 Jacob Scott</el:copyright>
      <el:license el:type="GPL v2.0 or above" el:open="true"/>
      <el:compatibility el:enigma="1.10"/>
      <el:modes el:easy="false" el:single="true" el:network="false"/>
      <el:comments><el:code>New API converted by R. Bourquin</el:code></el:comments>
      <el:score el:easy="-" el:difficult="-"/>
    </el:info>
    <el:luamain><![CDATA[
wo["ConserveLevel"] = false
wo["CrackSpreading"] = 0.0

ti[" "] = {"fl_wood"}
ti["#"] = {"st_brownmarble"}
ti["O"] = {"st_oxyd", flavor="c", name="oxyd"}  -- intentional name overwriting to get just one instace for sending the shuffle message
ti["Q"] = {"st_quake"}
ti["^"] = {"st_oneway", orientation=NORTH}
ti[">"] = {"st_oneway", orientation=EAST}
ti["V"] = {"st_oneway", orientation=SOUTH}
ti["<"] = {"st_oneway", orientation=WEST}
ti["S"] = {"st_switch", target="oxyd", action="shuffle"}
ti[":"] = {"it_crack_m"}
ti["@"] = {"#ac_marble_black"}

wo(ti, " ", {
    "####################",
    "#Q   O#O    <   >  #",
    "#  @  ####### ###O #",
    "#             <  #:#",
    "#     ### O####O # #",
    "#     S # #O  O#^#V#",
    "#O   O# # #S   #   #",
    "####### # ####:##O #",
    "#O    :   > :      #",
    "#  S  ########:###:#",
    "#  S  O  S   S #O  #",
    "#O   O#O   S   :  S#",
    "####################"})

wo:shuffleOxyd()
 ]]></el:luamain>
    <el:i18n>
      <el:string el:key="title">
        <el:english el:translate="false"/>
      </el:string>
    </el:i18n>
  </el:protected>
</el:level>
