<?xml version="1.0" encoding="UTF-8" standalone="no" ?>
<el:level xmlns:xsi="http://www.w3.org/2001/XMLSchema-instance" xsi:schemaLocation="http://enigma-game.org/schema/level/1 level.xsd" xmlns:el="http://enigma-game.org/schema/level/1">
  <el:protected>
    <el:info el:type="level">
      <el:identity el:title="Automaton" el:subtitle="" el:id="duffy95"/>
      <el:version el:score="1" el:release="2" el:revision="2" el:status="released"/>
      <el:author  el:name="Jacob Scott" el:email="" el:homepage=""/>
      <el:copyright>Copyright © 2003 Jacob Scott</el:copyright>
      <el:license el:type="GPL v2.0 or above" el:open="true"/>
      <el:compatibility el:enigma="1.10"/>
      <el:modes el:easy="false" el:single="true" el:network="false"/>
      <el:comments><el:code>New API converted by R. Bourquin</el:code></el:comments>
      <el:score el:easy="-" el:difficult="-"/>
    </el:info>
    <el:luamain><![CDATA[
wo["ConserveLevel"] = false

ti[" "] = {"fl_lawn"}
ti["-"] = {"fl_abyss"}
ti["#"] = {"st_greenbrown"}
ti["G"] = {"st_rawglass"}
ti["B"] = {"st_break_white"}
ti["H"] = {"st_blocker"}
ti["M"] = {"st_mirror", orientation=SLASH}
ti["N"] = {"st_mirror", orientation=BACKSLASH}
ti["m"] = {"st_mirror", orientation=SLASH, transparent=true}
ti["n"] = {"st_mirror", orientation=BACKSLASH, transparent=true}
ti["r"] = {"st_rotator", state=CCW}
ti["R"] = {"st_rotator", state=CW}
ti[">"] = {"st_oneway", orientation=EAST}
ti["<"] = {"st_boulder", orientation=WEST}
ti["D"] = {"st_door", flavor="d", faces="ew", name="door"}
ti["S"] = {"st_laserswitch", target="door", action="open"}
ti["L"] = {"st_laser", orientation=WEST, name="laser"}
ti["C"] = {"st_coinslot", target="laser"}
ti["c"] = {"it_coin_m"}
ti["O"] = {"st_oxyd"}
ti["@"] = {"#ac_marble"}

wo(ti, " ", {
    "##############r###S##",
    "#  D   M R      MGnL#",
    "#OO#N       m   m####",
    "####m    m  r     B<#",
    "#R   n n       N  Br#",
    "#     rr         RB##",
    "#   M       mR     ##",
    "#  r     N  M  n  m##",
    "#       Rm @  m M  ##",
    "r                 r##",
    "#   rR####H####   n##",
    "#    >      cC#M  M##",
    "##########-##########"})
 ]]></el:luamain>
    <el:i18n>
      <el:string el:key="title">
        <el:english el:translate="false"/>
      </el:string>
    </el:i18n>
  </el:protected>
</el:level>
