<?xml version="1.0" encoding="UTF-8" standalone="no" ?>
<el:level xmlns:xsi="http://www.w3.org/2001/XMLSchema-instance" xsi:schemaLocation="http://enigma-game.org/schema/level/1 level.xsd" xmlns:el="http://enigma-game.org/schema/level/1">
  <el:protected>
    <el:info el:type="level">
      <el:identity el:title="Crossfire" el:subtitle="" el:id="duffy56"/>
      <el:version el:score="1" el:release="2" el:revision="2" el:status="released"/>
      <el:author  el:name="Jacob Scott" el:email="" el:homepage=""/>
      <el:copyright>Copyright © 2003 Jacob Scott</el:copyright>
      <el:license el:type="GPL v2.0 or above" el:open="true"/>
      <el:compatibility el:enigma="1.10"/>
      <el:modes el:easy="false" el:single="true" el:network="false"/>
      <el:comments><el:code>New API converted by R. Bourquin</el:code></el:comments>
      <el:score el:easy="-" el:difficult="-"/>
    </el:info>
    <el:luamain><![CDATA[
wo["ConserveLevel"] = false

ti[" "] = {"fl_hay"}
ti["-"] = {"fl_abyss"}
ti["="] = {"fl_space"}
ti["#"] = {"st_greenbrown"}
ti["T"] = ti["="] .. {"st_thief"}
ti[">"] = ti["="] .. {"st_oneway", orientation=EAST}
ti["S"] = {"st_laser", orientation=SOUTH, state=ON}
ti["N"] = {"st_laser", orientation=NORTH, state=ON}
ti["*"] = {"st_puzzle", connections="e"}
ti["+"] = {"st_puzzle", connections="ew"}
ti["O"] = {"st_oxyd"}
ti["y"] = {"it_yinyang"}
ti["1"] = {"#ac_marble_black"}
ti["2"] = {"#ac_marble_white"}

wo(ti, " ", {
    "--------TTTTTTT----#####SSSSSSSSSSSS#O#",
    "-#####--T=====T----#y                 #",
    "-#   #TTT=TTT=T-TTT#  *+              #",
    "-# 1 =====T-T=T-T==> #*+              #",
    "-#   #TTTTT-T=TTT=T#  *+              #",
    "-#####------T=====T#  *+*+            #",
    "------------TTTTTTT#  *+#             #",
    "-#####------T=====T#  *+*+            #",
    "-#   #TTTTT-T=TTT=T#  *+              #",
    "-# 2 =====T-T=T-T==> #*+              #",
    "-#   #TTT=TTT=T-TTT#  *+              #",
    "-#####--T=====T----#y                 #",
    "--------TTTTTTT----#####NNNNNNNNNNNN#O#"})
 ]]></el:luamain>
    <el:i18n>
      <el:string el:key="title">
        <el:english el:translate="false"/>
      </el:string>
    </el:i18n>
  </el:protected>
</el:level>
