<?xml version="1.0" encoding="UTF-8" standalone="no" ?>
<el:level xmlns:xsi="http://www.w3.org/2001/XMLSchema-instance" xsi:schemaLocation="http://enigma-game.org/schema/level/1 level.xsd" xmlns:el="http://enigma-game.org/schema/level/1">
  <el:protected>
    <el:info el:type="level">
      <el:identity el:title="Clear the Path" el:subtitle="" el:id="duffy110"/>
      <el:version el:score="1" el:release="2" el:revision="2" el:status="released"/>
      <el:author  el:name="Jacob Scott" el:email="" el:homepage=""/>
      <el:copyright>Copyright © 2004 Jacob Scott</el:copyright>
      <el:license el:type="GPL v2.0 or above" el:open="true"/>
      <el:compatibility el:enigma="1.10"/>
      <el:modes el:easy="false" el:single="true" el:network="false"/>
      <el:comments><el:code>New API converted by R. Bourquin</el:code></el:comments>
      <el:score el:easy="-" el:difficult="-"/>
    </el:info>
    <el:luamain><![CDATA[
wo["ConserveLevel"] = false

ti[" "] = {"fl_bluegreen"}
ti["~"] = {"fl_water"}
ti["#"] = {"st_darkgray"}
ti["+"] = {"st_turnstile"}
ti["^"] = {"st_turnstilearm", orientation=NORTH}
ti[">"] = {"st_turnstilearm", orientation=EAST}
ti["v"] = {"st_turnstilearm", orientation=SOUTH}
ti["<"] = {"st_turnstilearm", orientation=WEST}
ti["*"] = {"st_puzzle", cluster=1}
ti["O"] = {"st_oxyd"}
ti["@"] = {"#ac_marble_black"}

wo(ti, " ", {
    "####################",
    "O ^ ^ ^ ^ ^ ^ ^ ^ O#",
    "# + + + + + + + +  #",
    "# ^ ^   ^   ^   ^  #",
    "# + + # + # + # +  #",
    "# ^**    ^  ^ +> ~ #",
    "O@+ <+>^ + <+>v O# #",
    "# v  v +>v**  ## ~ #",
    "# + # + # + # + +  #",
    "# v   v   v   v v  #",
    "# + + + + + + + +  #",
    "O v v v v v v v v O#",
    "####################"})

wo:shuffleOxyd()
 ]]></el:luamain>
    <el:i18n>
      <el:string el:key="title">
        <el:english el:translate="false"/>
      </el:string>
    </el:i18n>
  </el:protected>
</el:level>
