<?xml version="1.0" encoding="UTF-8" standalone="no" ?>
<el:level xmlns:xsi="http://www.w3.org/2001/XMLSchema-instance" xsi:schemaLocation="http://enigma-game.org/schema/level/1 level.xsd" xmlns:el="http://enigma-game.org/schema/level/1">
  <el:protected>
    <el:info el:type="level">
      <el:identity el:title="Mount Etna" el:subtitle="" el:id="duffy61"/>
      <el:version el:score="1" el:release="2" el:revision="1" el:status="released"/>
      <el:author el:name="Jacob Scott" el:email="" el:homepage=""/>
      <el:copyright>Copyright © 2003 Jacob Scott</el:copyright>
      <el:license el:type="GPL v2.0 or above" el:open="true"/>
      <el:compatibility el:enigma="1.10"/>
      <el:modes el:easy="true" el:single="true" el:network="false"/>
      <el:comments><el:code>new API converted by mecke</el:code></el:comments>
      <el:score el:easy="-" el:difficult="-"/>
    </el:info>
    <el:luamain><![CDATA[
wo["ConserveLevel"] = false

ti[" "] = {"fl_concrete"}
ti["#"] = {"st_greenbrown"}
ti["V"] = {"st_volcano_active"}
ti["O"] = {"st_oxyd"}
ti["o"] = cond(wo["IsDifficult"], ti["O"], ti["#"])
ti["@"] = {"#ac_marble"}

wo(ti, " ", {
    "#Oo##############oO#",
    "O                  O",
    "o                  o",
    "#                  #",
    "#                  #",
    "#                  #",
    "#        VV        #",
    "#                  #",
    "#                  #",
    "#         @        #",
    "o                  o",
    "O                  O",
    "#Oo##############oO#"})

wo:shuffleOxyd({no["oxyd*"]:sort("circular"), circular=true})
 ]]></el:luamain>
    <el:i18n>
      <el:string el:key="title">
        <el:english el:translate="false"/>
      </el:string>
    </el:i18n>
  </el:protected>
</el:level>
