<?xml version="1.0" encoding="UTF-8" standalone="no" ?>
<el:level xmlns:xsi="http://www.w3.org/2001/XMLSchema-instance" xsi:schemaLocation="http://enigma-game.org/schema/level/1 level.xsd" xmlns:el="http://enigma-game.org/schema/level/1">
  <el:protected>
    <el:info el:type="level">
      <el:identity el:title="Swamp of Balls" el:subtitle="" el:id="luc08"/>
      <el:version el:score="1" el:release="2" el:revision="1" el:status="released"/>
      <el:author  el:name="Lukas Schüller" el:email="Lucky_Luc@web.de" el:homepage=""/>
      <el:copyright>Copyright © 2005 Lukas Schüller</el:copyright>
      <el:license el:type="GPL v2.0 or above" el:open="true"/>
      <el:compatibility el:enigma="1.10"/>
      <el:modes el:easy="false" el:single="true" el:network="false"/>
      <el:comments><el:code>New API converted by R. Bourquin</el:code></el:comments>
      <el:score el:easy="-" el:difficult="-"/>
    </el:info>
    <el:luamain><![CDATA[
ti[" "] = {"fl_wood"}
ti["-"] = {"fl_swamp"}
ti[">"] = {"fl_slope_pe"}
ti["#"] = {"st_granite"}
ti["P"] = {"st_passage", color=WHITE, flavor="frame", name="passages#"}
ti["t"] = {"it_trigger", target="slopes"}
ti["O"] = {"st_oxyd", name="oxyd#", flavor="c"}
ti["A"] = {"#ac_marble_white", owner=DEFAULT, controllers=CTRL_NONE, essential=INDISPENSABLE}
ti["@"] = ti["t"] .. {"#ac_marble_black"}

wo(ti, " ", {
    "####################",
    "#---------------- PO",
    "#---------------- ##",
    "#---------------- PO",
    "#---A---A---A---- ##",
    "#---------------- PO",
    "#----------------@##",
    "#---------------- PO",
    "#---A---A---A---- ##",
    "#---------------- PO",
    "#---------------- ##",
    "#---------------- PO",
    "####################"})

wo:shuffleOxyd({no["oxyds#*"]:sort("linear"), linear=true})

function slopes(value, sender)
    wo[no["passages#*"]] = cond(value, ti[">"], ti[" "])
end
 ]]></el:luamain>
    <el:i18n>
      <el:string el:key="title">
        <el:english el:translate="false"/>
      </el:string>
    </el:i18n>
  </el:protected>
</el:level>
