<?xml version="1.0" encoding="UTF-8" standalone="no" ?>
<el:level xmlns:xsi="http://www.w3.org/2001/XMLSchema-instance" xsi:schemaLocation="http://enigma-game.org/schema/level/1 level.xsd" xmlns:el="http://enigma-game.org/schema/level/1">
  <el:protected>
    <el:info el:type="level">
      <el:identity el:title="Laser Crossing" el:subtitle="" el:id="luc24"/>
      <el:version el:score="1" el:release="2" el:revision="1" el:status="released"/>
      <el:author  el:name="Lukas Schüller" el:email="Lucky_Luc@web.de" el:homepage=""/>
      <el:copyright>Copyright © 2005 Lukas Schüller</el:copyright>
      <el:license el:type="GPL v2.0 or above" el:open="true"/>
      <el:compatibility el:enigma="1.10"/>
      <el:modes el:easy="true" el:single="true" el:network="false"/>
      <el:comments><el:code>New API converted by R. Bourquin</el:code></el:comments>
      <el:score el:easy="-" el:difficult="-"/>
    </el:info>
    <el:luamain><![CDATA[
ti[" "] = {"fl_wood"}
ti["-"] = {"fl_abyss"}
ti["#"] = {"st_purplemarble", name="stones#", _length=9}
ti["%"] = {"st_purplemarble", name="stones#", _length=6}
ti["^"] = {"st_laser", orientation=NORTH, state=ON, name="lasers1#"}
ti[">"] = {"st_laser", orientation=EAST, state=ON, name="lasers1#"}
ti["V"] = {"st_laser", orientation=SOUTH, state=ON, name="lasers1#"}
ti["<"] = {"st_laser", orientation=WEST, state=ON, name="lasers1#"}
ti["N"] = {"st_laser", orientation=NORTH, name="lasers2#"}
ti["E"] = {"st_laser", orientation=EAST, name="lasers2#"}
ti["S"] = {"st_laser", orientation=SOUTH, name="lasers2#"}
ti["W"] = {"st_laser", orientation=WEST, name="lasers2#"}
ti["O"] = {"st_oxyd", flavor="d"}
ti["@"] = {"#ac_marble", name="marble"}

wo(ti, " ", {
    "-------VS%SV-------",
    "-------     -------",
    "-------     -------",
    "------O     O------",
    ">                 <",
    "E                 W",
    "#        @        #",
    "E                 W",
    ">                 <",
    "------O     O------",
    "-------     -------",
    "-------     -------",
    "-------^N%N^-------"})

if wo["IsDifficult"] then
    for stone in no["stones#*"] do
        wo:add({"ot_rubberband", anchor1=no["marble"], anchor2=stone, length=stone["_length"]})
    end
end
wo:add({"ot_timer", target={"lasers1#*", "lasers2#*"}})
wo:shuffleOxyd()
 ]]></el:luamain>
    <el:i18n>
      <el:string el:key="title">
        <el:english el:translate="false"/>
      </el:string>
    </el:i18n>
  </el:protected>
</el:level>
