<?xml version="1.0" encoding="UTF-8" standalone="no" ?>
<el:level xmlns:xsi="http://www.w3.org/2001/XMLSchema-instance" xsi:schemaLocation="http://enigma-game.org/schema/level/1 level.xsd" xmlns:el="http://enigma-game.org/schema/level/1">
  <el:protected>
    <el:info el:type="level">
      <el:identity el:title="Water Castle" el:subtitle="" el:id="luc21"/>
      <el:version el:score="1" el:release="2" el:revision="2" el:status="released"/>
      <el:author  el:name="Lukas Schüller" el:email="Lucky_Luc@web.de" el:homepage=""/>
      <el:copyright>Copyright © 2006 Lukas Schüller</el:copyright>
      <el:license el:type="GPL v2.0 or above" el:open="true"/>
      <el:compatibility el:enigma="1.10"/>
      <el:modes el:easy="false" el:single="true" el:network="true"/>
      <el:comments><el:code>New API converted by R. Bourquin</el:code></el:comments>
      <el:score el:easy="-" el:difficult="-"/>
    </el:info>
    <el:luamain><![CDATA[
ti[" "] = {"fl_bluegray"}
ti["~"] = {"fl_water"}
ti["#"] = {"st_purplegray"}
ti["+"] = {"st_box"}
ti["C"] = {"st_coinslot", target="getbox"}
ti["c"] = {"it_coin"}
ti["O"] = {"st_oxyd"}
ti["A"] = {"#ac_marble_white"}
ti["@"] = {"#ac_marble_black"}

wo(ti, " ", {
    "~~~########C#####~~~",
    "~~~#~    ~#  c ~#~~~",
    "~~~#  +~  # Ac+ #~~~",
    "~~~# ~  + # +c~ #~~~",
    "~~~# +@ ~ # +c+~#~~~",
    "~~~#  ~+  #~+c  #~~~",
    "~~~#~    ~#~cc~ #~~~",
    "~~~##### ### ####~~~",
    "~~~O ~~~~~  ~  ~#~~~",
    "~~~#~~~~~ ~  ~~ #~~~",
    "~~~#~~~~#########~~~",
    "~~~O~~~~     #~~#~~~",
    "~~~#######O#O####~~~"})

wo:shuffleOxyd()

function getbox(value, sender)
    if value then
        wo[sender+SSE] = ti["+"]
    end
end
 ]]></el:luamain>
    <el:i18n>
      <el:string el:key="title">
        <el:english el:translate="false"/>
      </el:string>
    </el:i18n>
  </el:protected>
</el:level>
