<?xml version="1.0" encoding="UTF-8" standalone="no" ?>
<el:level xmlns:xsi="http://www.w3.org/2001/XMLSchema-instance" xsi:schemaLocation="http://enigma-game.org/schema/level/1 level.xsd" xmlns:el="http://enigma-game.org/schema/level/1">
  <el:protected>
    <el:info el:type="level">
      <el:identity el:title="The Chamber" el:subtitle="" el:id="luc31"/>
      <el:version el:score="2" el:release="3" el:revision="3" el:status="released"/>
      <el:author  el:name="Lukas Schüller" el:email="Lucky_Luc@web.de" el:homepage=""/>
      <el:copyright>Copyright © 2006 Lukas Schüller</el:copyright>
      <el:license el:type="GPL v2.0 or above" el:open="true"/>
      <el:compatibility el:enigma="1.10"/>
      <el:modes el:easy="false" el:single="true" el:network="false"/>
      <el:comments><el:code>New API converted by R. Bourquin</el:code></el:comments>
      <el:score el:easy="-" el:difficult="-"/>
    </el:info>
    <el:luamain><![CDATA[
wo["ConserveLevel"] = false

ti[" "] = {"fl_wood_framed"}
ti["#"] = {"st_bluesand"}
ti["*"] = {"st_box"}
ti["trigger"] = {"it_trigger", target="door%%"}
ti["doorh"] = {"st_door", flavor="d", faces="ns", name="door%%"}
ti["doorv"] = {"st_door", flavor="d", faces="ew", name="door%%"}
ti["O"] = {"st_oxyd", flavor="c"}
ti["@"] = {"#ac_marble_black"}

local resolver = res.autotile(ti, {"a", "h", "trigger"}, {"A", "E", "doorv"}, {"F", "G", "doorh", 6}, {"H", "H", "doorv", 8})

wo(resolver, " ", {
    "####################",
    "O                  O",
    "#    ###########   #",
    "#    A B C D E #   #",
    "#    #########F#   #",
    "#    #@h*g*  # #   #",
    "#    # *f*e  # #   #",
    "#    # d*c*  #G#   #",
    "#    # *b*a  H #   #",
    "#    ###########   #",
    "#                  #",
    "O                  O",
    "####################"})

wo:shuffleOxyd()
 ]]></el:luamain>
    <el:i18n>
      <el:string el:key="title">
        <el:english el:translate="false"/>
      </el:string>
    </el:i18n>
  </el:protected>
</el:level>
