<?xml version="1.0" encoding="UTF-8" standalone="no" ?>
<el:level xmlns:xsi="http://www.w3.org/2001/XMLSchema-instance" xsi:schemaLocation="http://enigma-game.org/schema/level/1 level.xsd" xmlns:el="http://enigma-game.org/schema/level/1">
  <el:protected>
    <el:info el:type="level">
      <el:identity el:title="Too Heavy?" el:subtitle="" el:id="martin101"/>
      <el:version el:score="1" el:release="2" el:revision="1" el:status="released"/>
      <el:author  el:name="Martin Hawlisch" el:email="" el:homepage=""/>
      <el:copyright>Copyright © 2003 Martin Hawlisch</el:copyright>
      <el:license el:type="GPL version 2" el:open="true"/>
      <el:compatibility el:enigma="1.10"/>
      <el:modes el:easy="true" el:single="true" el:network="false"/>
      <el:comments><el:code>New API converted by R. Bourquin</el:code></el:comments>
      <el:score el:easy="-" el:difficult="-"/>
    </el:info>
    <el:luamain><![CDATA[
ti[" "] = {"fl_metal"}
ti["~"] = {"fl_water"}
ti["-"] = cond(wo["IsDifficult"], ti["~"], ti[" "])
ti["#"] = {"st_darkgray"}
ti[">"] = {"st_oneway", orientation=EAST}
ti["<"] = {"st_oneway", orientation=WEST}
ti["="] = {"st_door", flavor="d", faces="ns", name="door"}
ti["F"] = {"st_floppy", target="door"}
ti["f"] = {"it_floppy"}
ti["w"] = {"it_weight"}
ti["O"] = {"st_oxyd", name="oxyds#"}
ti["@"] = {"#ac_marble_black"}

wo(ti, " ", {
    "####################",
    "#                  #",
    "#                @ #",
    "#                  #",
    "#   ###########~~~~#",
    "#   >wwwwwwwwwww~~~#",
    "#   ###########w~~~#",
    "#   <fwwwwwwwwww~~~#",
    "##=F###########~~~~#",
    "#                  #",
    "# -- -- -  - -- -- #",
    "# -- -- -  - -- -- #",
    "#O##O##O#OO#O##O##O#"})

wo:shuffleOxyd({no["oxyds#*"]:sort("linear"), linear=true})
 ]]></el:luamain>
    <el:i18n>
      <el:string el:key="title">
        <el:english el:translate="false"/>
      </el:string>
    </el:i18n>
  </el:protected>
</el:level>
