<?xml version="1.0" encoding="UTF-8" standalone="no" ?>
<el:level xmlns:xsi="http://www.w3.org/2001/XMLSchema-instance" xsi:schemaLocation="http://enigma-game.org/schema/level/1 level.xsd" xmlns:el="http://enigma-game.org/schema/level/1">
  <el:protected>
    <el:info el:type="level">
      <el:identity el:title="Swamp Stomp" el:subtitle="" el:id="ralf11"/>
      <el:version el:score="2" el:release="3" el:revision="3" el:status="released"/>
      <el:author  el:name="Ralf Westram" el:email="amgine@reallysoft.de" el:homepage=""/>
      <el:copyright>Copyright © 2003 Ralf Westram</el:copyright>
      <el:license el:type="GPL v2.0 or above" el:open="true"/>
      <el:compatibility el:enigma="1.10"/>
      <el:modes el:easy="true" el:single="true" el:network="false"/>
      <el:comments><el:code>New API converted by R. Bourquin</el:code></el:comments>
      <el:score el:easy="-" el:difficult="-"/>
    </el:info>
    <el:luamain><![CDATA[
ti[" "] = {"fl_space"}
ti["."] = {"fl_swamp"}
ti["W"] = {"st_passage", color=WHITE, flavor="frame"}
if wo["IsDifficult"] then
    ti["-"] = {"fl_red"}
    ti["w"] = ti["."] .. ti["W"]
    ti["^"] = ti["-"] .. ti["W"]
    ti[">"] = ti["-"] .. ti["W"]
    ti["V"] = ti["-"] .. ti["W"]
    ti["<"] = ti["-"] .. ti["W"]
    ti["1"] = ti["-"] .. ti["W"]
    ti["3"] = ti["-"] .. ti["W"]
    ti["7"] = ti["-"] .. ti["W"]
    ti["9"] = ti["-"] .. ti["W"]
else
    ti["-"] = {"fl_metal"}
    ti["w"] = ti["."]
    ti["^"] = {"fl_slope_pn"} .. ti["W"]
    ti[">"] = {"fl_slope_pe"} .. ti["W"]
    ti["V"] = {"fl_slope_ps"} .. ti["W"]
    ti["<"] = {"fl_slope_pw"} .. ti["W"]
    ti["1"] = {"fl_slope_isw"} .. ti["W"]
    ti["3"] = {"fl_slope_ise"} .. ti["W"]
    ti["7"] = {"fl_slope_inw"} .. ti["W"]
    ti["9"] = {"fl_slope_ine"} .. ti["W"]
end
ti["#"] = {"fl_blueslab"} .. ti({"st_rawglass"})
ti["O"] = {"fl_blueslab"} .. ti({"st_oxyd"})
ti["*"] = ti["-"] .. {"#ac_marble_white", essential=INDISPENSABLE}
ti["@"] = ti["-"] .. {"#ac_marble_black"}

wo(ti, " ", {
    "   ###O######O###   ",
    "   #-1<7----9>3-#   ",
    "   #--@---------#   ",
    "####------------####",
    "#---w..........w---#",
    "#1--............--7#",
    "OV--............--^O",
    "#3--............--9#",
    "#---w..........w---#",
    "####------------####",
    "   #---------*--#   ",
    "   #-7<1----3>9-#   ",
    "   ###O######O###   "})

wo:shuffleOxyd()
 ]]></el:luamain>
    <el:i18n>
      <el:string el:key="title">
        <el:english el:translate="false"/>
      </el:string>
    </el:i18n>
  </el:protected>
</el:level>
