<?xml version="1.0" encoding="UTF-8" standalone="no" ?>
<el:level xmlns:xsi="http://www.w3.org/2001/XMLSchema-instance" xsi:schemaLocation="http://enigma-game.org/schema/level/1 level.xsd" xmlns:el="http://enigma-game.org/schema/level/1">
  <el:protected>
    <el:info el:type="level">
      <el:identity el:title="Life's Cross" el:subtitle="" el:id="raoul01"/>
      <el:version el:score="2" el:release="2" el:revision="2" el:status="released"/>
      <el:author  el:name="Raoul Bourquin" el:email="raoul@users.berlios.de" el:homepage=""/>
      <el:copyright>Copyright © 2005, 2009 Raoul Bourquin</el:copyright>
      <el:license el:type="GPL v2.0 or above" el:open="true"/>
      <el:compatibility el:enigma="1.10"/>
      <el:modes el:easy="true" el:single="true" el:network="false"/>
      <el:score el:easy="-" el:difficult="0:31"/>
    </el:info>
    <el:luamain><![CDATA[
wo["FollowGrid"] = false
wo["FollowMethod"] = FOLLOW_SCROLL

ti[" "] = {"fl_water"}
ti["-"] = {"fl_ice"}
ti["."] = {"fl_ice", name="ice#"}
ti["="] = ti({"fl_gray"}) .. {"it_extralife"}
ti["v"] = {"fl_slope_ps"}
ti["^"] = {"fl_slope_pn"}
ti[">"] = {"fl_slope_pe"}
ti["<"] = {"fl_slope_pw"}
ti["7"] = {"fl_slope_ose"}
ti["9"] = {"fl_slope_osw"}
ti["1"] = {"fl_slope_one"}
ti["3"] = {"fl_slope_onw"}
ti["s"] = {"fl_slope_ise"}
ti["a"] = {"fl_slope_isw"}
ti["w"] = {"fl_slope_ine"}
ti["q"] = {"fl_slope_inw"}
ti["A"] = {"st_actorimpulse"}
ti["p"] = cond(wo["IsDifficult"], ti["-"], ti["-"] .. ti({"st_chameleon"}) .. {"it_pin"})
ti["O"] = {"st_oxyd"}
ti["@"] = ti["="] .. {"#ac_marble_black"} .. ti({"it_document", text="text1"})

wo(ti, " ", {
    "                     ",
    "                     ",
    "                     ",
    "                     ",
    "    O^w-     -q^O    ",
    "    <A>--   --<A>    ",
    "    av=1-...-3=vs    ",
    "    --9=w...q=7--    ",
    "     --a=1.3=s--     ",
    "      ..9=^=7..      ",
    "      ...<@>...      ",
    "      ..3=v=1..      ",
    "     --q=7.9=w--     ",
    "    --3=s...a=1--    ",
    "    q^=7-...-9=^w    ",
    "    <A>--   --<A>    ",
    "    Ovs-     -avO    ",
    "                     ",
    "                     ",
    "                     ",
    "                     "})

wo:shuffleOxyd()

function postinit()
    wo[no["ice#*"]:shuffle():sub(1)] = ti["p"]
end
 ]]></el:luamain>
    <el:i18n>
      <el:string el:key="title">
        <el:english el:translate="false"/>
      </el:string>
      <el:string el:key="text1">
        <el:english el:translate="true">Could you need something?</el:english>
        <el:translation el:lang="de">Wer sucht, der findet ...</el:translation>
      </el:string>
    </el:i18n>
  </el:protected>
</el:level>
