<?xml version="1.0" encoding="UTF-8" standalone="no" ?>
<el:level xmlns:xsi="http://www.w3.org/2001/XMLSchema-instance" xsi:schemaLocation="http://enigma-game.org/schema/level/1 level.xsd" xmlns:el="http://enigma-game.org/schema/level/1">
  <el:protected>
    <el:info el:type="level">
      <el:identity el:title="Jesusbond" el:subtitle="" el:id="richi02"/>
      <el:version el:score="1" el:release="2" el:revision="1" el:status="released"/>
      <el:author  el:name="Richi Bützer" el:email="" el:homepage="enigma.mal2.ch"/>
      <el:copyright>Copyright © 2005 Richi Bützer</el:copyright>
      <el:license el:type="GPL v2.0 or above" el:open="true"/>
      <el:compatibility el:enigma="1.10"/>
      <el:modes el:easy="false" el:single="true" el:network="false"/>
      <el:score el:easy="-" el:difficult="-"/>
    </el:info>
    <el:luamain><![CDATA[
ti[" "] = {"fl_wood"}
ti["~"] = {"fl_water"}
ti["#"] = {"st_greenbrown"}
ti["G"] = ti["~"] .. {"st_rawglass"}
ti["+"] = {"st_box"}
ti["^"] = {"st_laser", orientation=NORTH, state=ON}
ti["V"] = {"st_laser", orientation=SOUTH, state=ON}
ti["O"] = {"st_oxyd"}
ti["@"] = {"#ac_marble_black"}

wo(ti, " ", {
    "##############V#####",
    "#O~~~GGGGGGGGGGG~+O#",
    "# ~~~           ~+~#",
    "# ~~~           ~+ #",
    "# ~~~       +   ~+ #",
    "# ~~~    @      ~+ #",
    "# ~~~       +   ~+ #",
    "# ~~~           ~+ #",
    "# ~~~           ~+ #",
    "# ~~~GGGGGGGGGGG~+ #",
    "# ~~~~~~~~~~~~~~~+~#",
    "#O~~~~~~~~~~~~~~~+O#",
    "#####^#########^####"})

wo:shuffleOxyd()
 ]]></el:luamain>
    <el:i18n>
      <el:string el:key="title">
        <el:english el:translate="false"/>
      </el:string>
    </el:i18n>
  </el:protected>
</el:level>
