<?xml version="1.0" encoding="UTF-8" standalone="no" ?>
<el:level xmlns:xsi="http://www.w3.org/2001/XMLSchema-instance" xsi:schemaLocation="http://enigma-game.org/schema/level/1 level.xsd" xmlns:el="http://enigma-game.org/schema/level/1">
  <el:protected>
    <el:info el:type="level">
      <el:identity el:title="Fatal Attraction I" el:subtitle="" el:id="spaceman1"/>
      <el:version el:score="2" el:release="3" el:revision="3" el:status="released"/>
      <el:author  el:name="Spaceman" el:email="" el:homepage=""/>
      <el:copyright>Copyright © 2006 Spaceman</el:copyright>
      <el:license el:type="GPL v2.0 or above" el:open="true"/>
      <el:compatibility el:enigma="1.10"/>
      <el:modes el:easy="true" el:single="true" el:network="false"/>
      <el:comments><el:code>New API converted by R. Bourquin</el:code></el:comments>
      <el:score el:easy="-" el:difficult="-"/>
    </el:info>
    <el:luamain><![CDATA[
ti[" "] = {"fl_metal_7"}
if wo["IsDifficult"] then
    ti["#"] = {"st_quake"}
else
    ti["#"] = {"st_fake_oxydb"}
end
ti["O"] = {"st_oxyd", name="left#"}
ti["o"] = {"st_oxyd", name="right#"}
ti["r"] = {"ac_rotor", range=20.0, strength=20.0, name="rotor#"}
ti["@"] = ti({"ac_marble_black", 0.0, 0.5, name="blackball"}) .. {"it_document", text="text1"}

wo(ti, " ", {
    "####################",
    "#         @        #",
    "#                  #",
    "#                  #",
    "#       O  o       #",
    "#      O    o      #",
    "#     O      o     #",
    "#    O        o    #",
    "#   O          o   #",
    "#  O            o  #",
    "# O              o #",
    "#O  r          r  o#",
    "####################"})

wo:shuffleOxyd({"left#*", "right#*", min=4})

for obj in no["rotor#*"] do
    wo:add({"ot_rubberband", anchor1=obj, anchor2="blackball", length=100.0, strength=10.0})
end
 ]]></el:luamain>
    <el:i18n>
      <el:string el:key="title">
        <el:english el:translate="false"/>
      </el:string>
      <el:string el:key="text1">
        <el:english el:translate="true">Don't get too attracted!</el:english>
      </el:string>
    </el:i18n>
  </el:protected>
</el:level>
